G21G90;
;path#polyline4
G0 X401.543145 Y777.499521 Z1;
G1 X401.543145 Y779.292491 Z0;
G1 X400.543145 Y780.292491 Z0;
G1 X400.543145 Y785.706551 Z0;
G1 X401.543145 Y786.706551 Z0;
G1 X401.543145 Y788.706551 Z0;
G1 X402.543145 Y789.706551 Z0;
G1 X402.543145 Y791.706551 Z0;
G1 X402.543145 Y792.706551 Z0;
G1 X403.543145 Y793.706551 Z0;
G1 X403.543145 Y794.706551 Z0;
G1 X403.543145 Y795.706551 Z0;
G1 X404.543145 Y796.706551 Z0;
G1 X404.543145 Y797.706551 Z0;
G1 X405.543145 Y798.706551 Z0;
G1 X405.543145 Y799.706551 Z0;
G1 X406.543145 Y800.706551 Z0;
G1 X406.543145 Y801.706551 Z0;
G1 X407.543145 Y802.706551 Z0;
G1 X408.543145 Y803.706551 Z0;
G1 X408.543145 Y804.706551 Z0;
G1 X409.543145 Y805.706551 Z0;
G1 X409.543145 Y808.706551 Z0;
G1 X411.543145 Y810.706551 Z0;
G1 X411.543145 Y811.499521 Z0;
G1 X412.543145 Y811.499521 Z0;
G1 X412.543145 Y810.292491 Z0;
G1 X410.543145 Y808.292491 Z0;
G1 X410.543145 Y805.292491 Z0;
G1 X409.543145 Y804.292491 Z0;
G1 X409.543145 Y803.292491 Z0;
G1 X408.543145 Y802.292491 Z0;
G1 X408.543145 Y801.292491 Z0;
G1 X407.543145 Y800.292491 Z0;
G1 X407.543145 Y799.292491 Z0;
G1 X406.543145 Y798.292491 Z0;
G1 X406.543145 Y797.292491 Z0;
G1 X405.543145 Y796.292491 Z0;
G1 X405.543145 Y795.292491 Z0;
G1 X404.543145 Y794.292491 Z0;
G1 X404.543145 Y793.292491 Z0;
G1 X404.543145 Y792.292491 Z0;
G1 X403.543145 Y791.292491 Z0;
G1 X403.543145 Y789.292491 Z0;
G1 X402.543145 Y788.292491 Z0;
G1 X402.543145 Y786.292491 Z0;
G1 X401.543145 Y785.292491 Z0;
G1 X401.543145 Y780.706551 Z0;
G1 X402.396665 Y779.853041 Z0;
G1 X402.543145 Y779.706551 Z0;
G1 X402.543145 Y777.499521 Z0;
G1 X401.543145 Y777.499521 Z0;
G0 X401.543145 Y777.499521 Z1;
;path#polyline5
G0 X336.836115 Y769.999521 Z1;
G1 X336.689625 Y770.146001 Z0;
G1 X334.836115 Y771.999521 Z0;
G1 X333.836115 Y771.999521 Z0;
G1 X330.543145 Y775.292491 Z0;
G1 X330.543145 Y776.292491 Z0;
G1 X324.543145 Y782.292491 Z0;
G1 X324.543145 Y783.292491 Z0;
G1 X322.543145 Y785.292491 Z0;
G1 X322.543145 Y786.292491 Z0;
G1 X321.543145 Y787.292491 Z0;
G1 X319.543145 Y789.292491 Z0;
G1 X319.543145 Y790.292491 Z0;
G1 X318.543145 Y791.292491 Z0;
G1 X317.543145 Y792.292491 Z0;
G1 X317.543145 Y793.292491 Z0;
G1 X315.543145 Y795.292491 Z0;
G1 X315.543145 Y796.292491 Z0;
G1 X314.543145 Y797.292491 Z0;
G1 X314.543145 Y798.292491 Z0;
G1 X313.543145 Y799.292491 Z0;
G1 X313.543145 Y800.292491 Z0;
G1 X312.543145 Y801.292491 Z0;
G1 X312.543145 Y803.292491 Z0;
G1 X311.543145 Y804.292491 Z0;
G1 X311.543145 Y806.292491 Z0;
G1 X310.543145 Y807.292491 Z0;
G1 X310.543145 Y809.292491 Z0;
G1 X309.543145 Y810.292491 Z0;
G1 X309.543145 Y814.292491 Z0;
G1 X308.689625 Y815.146001 Z0;
G1 X309.396665 Y815.853041 Z0;
G1 X310.543145 Y814.706551 Z0;
G1 X310.543145 Y810.706551 Z0;
G1 X311.543145 Y809.706551 Z0;
G1 X311.543145 Y807.706551 Z0;
G1 X312.543145 Y806.706551 Z0;
G1 X312.543145 Y804.706551 Z0;
G1 X313.543145 Y803.706551 Z0;
G1 X313.543145 Y801.706551 Z0;
G1 X314.543145 Y800.706551 Z0;
G1 X314.543145 Y799.706551 Z0;
G1 X315.543145 Y798.706551 Z0;
G1 X315.543145 Y797.706551 Z0;
G1 X316.543145 Y796.706551 Z0;
G1 X318.543145 Y794.706551 Z0;
G1 X318.543145 Y793.706551 Z0;
G1 X319.543145 Y792.706551 Z0;
G1 X319.543145 Y791.706551 Z0;
G1 X320.543145 Y790.706551 Z0;
G1 X322.543145 Y788.706551 Z0;
G1 X322.543145 Y787.706551 Z0;
G1 X323.543145 Y786.706551 Z0;
G1 X325.543145 Y784.706551 Z0;
G1 X325.543145 Y783.706551 Z0;
G1 X331.543145 Y777.706551 Z0;
G1 X331.543145 Y776.706551 Z0;
G1 X335.250175 Y772.999521 Z0;
G1 X337.250175 Y770.999521 Z0;
G1 X337.836115 Y770.999521 Z0;
G1 X338.336115 Y771.499521 Z0;
G1 X337.543145 Y772.292491 Z0;
G1 X337.543145 Y773.499521 Z0;
G1 X338.543145 Y773.499521 Z0;
G1 X338.543145 Y772.706551 Z0;
G1 X339.750175 Y771.499521 Z0;
G1 X338.396665 Y770.146001 Z0;
G1 X338.250175 Y769.999521 Z0;
G1 X336.836115 Y769.999521 Z0;
G0 X336.836115 Y769.999521 Z1;
;path#polyline6
G0 X380.689625 Y764.146001 Z1;
G1 X379.543145 Y765.292491 Z0;
G1 X379.543145 Y765.499521 Z0;
G1 X379.543145 Y766.292491 Z0;
G1 X378.543145 Y767.292491 Z0;
G1 X378.543145 Y768.292491 Z0;
G1 X377.543145 Y769.292491 Z0;
G1 X377.543145 Y770.292491 Z0;
G1 X376.543145 Y771.292491 Z0;
G1 X376.543145 Y772.292491 Z0;
G1 X375.543145 Y773.292491 Z0;
G1 X375.543145 Y775.292491 Z0;
G1 X374.543145 Y776.292491 Z0;
G1 X374.543145 Y777.292491 Z0;
G1 X373.543145 Y778.292491 Z0;
G1 X372.543145 Y779.292491 Z0;
G1 X372.543145 Y780.292491 Z0;
G1 X372.543145 Y781.292491 Z0;
G1 X371.543145 Y782.292491 Z0;
G1 X371.543145 Y783.292491 Z0;
G1 X370.543145 Y784.292491 Z0;
G1 X370.543145 Y786.292491 Z0;
G1 X369.543145 Y787.292491 Z0;
G1 X369.543145 Y788.292491 Z0;
G1 X368.543145 Y789.292491 Z0;
G1 X368.543145 Y791.292491 Z0;
G1 X367.543145 Y792.292491 Z0;
G1 X367.543145 Y793.292491 Z0;
G1 X366.543145 Y794.292491 Z0;
G1 X366.543145 Y796.292491 Z0;
G1 X365.543145 Y797.292491 Z0;
G1 X365.543145 Y798.292491 Z0;
G1 X364.543145 Y799.292491 Z0;
G1 X364.543145 Y800.292491 Z0;
G1 X364.543145 Y801.292491 Z0;
G1 X363.543145 Y802.292491 Z0;
G1 X363.543145 Y803.292491 Z0;
G1 X363.543145 Y805.292491 Z0;
G1 X362.543145 Y806.292491 Z0;
G1 X362.543145 Y807.292491 Z0;
G1 X362.543145 Y810.292491 Z0;
G1 X361.543145 Y811.292491 Z0;
G1 X361.543145 Y812.292491 Z0;
G1 X361.543145 Y815.292491 Z0;
G1 X360.543145 Y816.292491 Z0;
G1 X360.543145 Y817.706551 Z0;
G1 X361.543145 Y818.706551 Z0;
G1 X361.543145 Y819.292491 Z0;
G1 X360.336115 Y820.499521 Z0;
G1 X361.543145 Y821.706551 Z0;
G1 X361.543145 Y833.706551 Z0;
G1 X362.543145 Y834.706551 Z0;
G1 X362.543145 Y841.499521 Z0;
G1 X363.543145 Y841.499521 Z0;
G1 X363.543145 Y834.292491 Z0;
G1 X362.543145 Y833.292491 Z0;
G1 X362.543145 Y821.292491 Z0;
G1 X361.750175 Y820.499521 Z0;
G1 X362.543145 Y819.706551 Z0;
G1 X362.543145 Y818.292491 Z0;
G1 X361.543145 Y817.292491 Z0;
G1 X361.543145 Y816.706551 Z0;
G1 X362.543145 Y815.706551 Z0;
G1 X362.543145 Y812.706551 Z0;
G1 X363.543145 Y811.706551 Z0;
G1 X363.543145 Y810.706551 Z0;
G1 X363.543145 Y807.706551 Z0;
G1 X364.543145 Y806.706551 Z0;
G1 X364.543145 Y805.706551 Z0;
G1 X364.543145 Y803.706551 Z0;
G1 X365.543145 Y802.706551 Z0;
G1 X365.543145 Y801.706551 Z0;
G1 X365.543145 Y800.706551 Z0;
G1 X366.543145 Y799.706551 Z0;
G1 X366.543145 Y798.706551 Z0;
G1 X366.543145 Y797.706551 Z0;
G1 X367.543145 Y796.706551 Z0;
G1 X367.543145 Y794.706551 Z0;
G1 X368.543145 Y793.706551 Z0;
G1 X368.543145 Y792.706551 Z0;
G1 X369.543145 Y791.706551 Z0;
G1 X369.543145 Y789.706551 Z0;
G1 X370.543145 Y788.706551 Z0;
G1 X370.543145 Y787.706551 Z0;
G1 X371.543145 Y786.706551 Z0;
G1 X371.543145 Y784.706551 Z0;
G1 X372.543145 Y783.706551 Z0;
G1 X372.543145 Y782.706551 Z0;
G1 X373.543145 Y781.706551 Z0;
G1 X373.543145 Y780.706551 Z0;
G1 X374.543145 Y779.706551 Z0;
G1 X374.543145 Y778.706551 Z0;
G1 X375.543145 Y777.706551 Z0;
G1 X375.543145 Y776.706551 Z0;
G1 X376.543145 Y775.706551 Z0;
G1 X376.543145 Y773.706551 Z0;
G1 X377.543145 Y772.706551 Z0;
G1 X377.543145 Y771.706551 Z0;
G1 X378.543145 Y770.706551 Z0;
G1 X378.543145 Y769.706551 Z0;
G1 X379.543145 Y768.706551 Z0;
G1 X379.543145 Y767.706551 Z0;
G1 X380.543145 Y766.706551 Z0;
G1 X380.543145 Y765.706551 Z0;
G1 X381.396665 Y764.853041 Z0;
G1 X380.689625 Y764.146001 Z0;
G0 X380.689625 Y764.146001 Z1;
;path#polyline7
G0 X389.689625 Y763.146001 Z1;
G1 X388.836115 Y763.999521 Z0;
G1 X387.543145 Y763.999521 Z0;
G1 X387.543145 Y765.292491 Z0;
G1 X386.543145 Y766.292491 Z0;
G1 X386.543145 Y767.292491 Z0;
G1 X385.543145 Y768.292491 Z0;
G1 X385.543145 Y769.292491 Z0;
G1 X384.543145 Y770.292491 Z0;
G1 X384.543145 Y771.292491 Z0;
G1 X383.543145 Y772.292491 Z0;
G1 X383.543145 Y773.292491 Z0;
G1 X383.543145 Y774.292491 Z0;
G1 X382.543145 Y775.292491 Z0;
G1 X382.543145 Y777.292491 Z0;
G1 X381.543145 Y778.292491 Z0;
G1 X381.543145 Y779.292491 Z0;
G1 X380.543145 Y780.292491 Z0;
G1 X380.543145 Y781.292491 Z0;
G1 X380.543145 Y782.499521 Z0;
G1 X381.543145 Y782.499521 Z0;
G1 X381.543145 Y781.706551 Z0;
G1 X382.543145 Y780.706551 Z0;
G1 X382.543145 Y779.706551 Z0;
G1 X382.543145 Y778.706551 Z0;
G1 X383.543145 Y777.706551 Z0;
G1 X383.543145 Y775.706551 Z0;
G1 X384.543145 Y774.706551 Z0;
G1 X384.543145 Y773.706551 Z0;
G1 X385.543145 Y772.706551 Z0;
G1 X385.543145 Y771.706551 Z0;
G1 X386.543145 Y770.706551 Z0;
G1 X386.543145 Y769.706551 Z0;
G1 X387.043145 Y769.206551 Z0;
G1 X387.543145 Y769.706551 Z0;
G1 X387.543145 Y771.292491 Z0;
G1 X386.543145 Y772.292491 Z0;
G1 X386.543145 Y773.292491 Z0;
G1 X385.543145 Y774.292491 Z0;
G1 X385.543145 Y777.292491 Z0;
G1 X384.543145 Y778.292491 Z0;
G1 X384.543145 Y797.706551 Z0;
G1 X385.543145 Y798.706551 Z0;
G1 X385.543145 Y800.706551 Z0;
G1 X386.543145 Y801.706551 Z0;
G1 X386.543145 Y802.706551 Z0;
G1 X387.543145 Y803.706551 Z0;
G1 X387.543145 Y806.706551 Z0;
G1 X388.543145 Y807.706551 Z0;
G1 X388.543145 Y808.706551 Z0;
G1 X388.543145 Y809.706551 Z0;
G1 X389.543145 Y810.706551 Z0;
G1 X389.543145 Y811.706551 Z0;
G1 X390.543145 Y812.706551 Z0;
G1 X394.543145 Y816.706551 Z0;
G1 X394.543145 Y817.706551 Z0;
G1 X399.543145 Y822.706551 Z0;
G1 X399.543145 Y820.292491 Z0;
G1 X395.543145 Y816.292491 Z0;
G1 X391.543145 Y812.292491 Z0;
G1 X391.543145 Y811.292491 Z0;
G1 X390.543145 Y810.292491 Z0;
G1 X390.543145 Y809.292491 Z0;
G1 X389.543145 Y808.292491 Z0;
G1 X389.543145 Y807.292491 Z0;
G1 X388.543145 Y806.292491 Z0;
G1 X388.543145 Y803.292491 Z0;
G1 X387.543145 Y802.292491 Z0;
G1 X387.543145 Y801.292491 Z0;
G1 X386.543145 Y800.292491 Z0;
G1 X386.543145 Y798.292491 Z0;
G1 X385.543145 Y797.292491 Z0;
G1 X385.543145 Y778.706551 Z0;
G1 X386.543145 Y777.706551 Z0;
G1 X386.543145 Y774.706551 Z0;
G1 X387.543145 Y773.706551 Z0;
G1 X387.543145 Y772.706551 Z0;
G1 X388.543145 Y771.706551 Z0;
G1 X388.543145 Y769.706551 Z0;
G1 X389.543145 Y768.706551 Z0;
G1 X389.543145 Y767.706551 Z0;
G1 X390.396665 Y766.853041 Z0;
G1 X389.689625 Y766.146001 Z0;
G1 X388.543145 Y767.292491 Z0;
G1 X388.543145 Y768.292491 Z0;
G1 X388.043145 Y768.792491 Z0;
G1 X387.250175 Y767.999521 Z0;
G1 X387.543145 Y767.706551 Z0;
G1 X387.543145 Y766.706551 Z0;
G1 X388.543145 Y765.706551 Z0;
G1 X388.543145 Y764.999521 Z0;
G1 X389.250175 Y764.999521 Z0;
G1 X390.396665 Y763.853041 Z0;
G1 X389.689625 Y763.146001 Z0;
G0 X389.689625 Y763.146001 Z1;
;path#polyline8_1
G0 X384.689625 Y762.146001 Z1;
G1 X382.543145 Y764.292491 Z0;
G1 X382.543145 Y765.292491 Z0;
G1 X382.543145 Y766.292491 Z0;
G1 X381.543145 Y767.292491 Z0;
G1 X381.543145 Y768.292491 Z0;
G1 X380.543145 Y769.292491 Z0;
G1 X380.543145 Y770.292491 Z0;
G1 X379.543145 Y771.292491 Z0;
G1 X379.543145 Y772.292491 Z0;
G1 X378.543145 Y773.292491 Z0;
G1 X378.543145 Y774.292491 Z0;
G1 X377.543145 Y775.292491 Z0;
G1 X377.543145 Y776.292491 Z0;
G1 X376.543145 Y777.292491 Z0;
G1 X376.543145 Y778.292491 Z0;
G1 X376.543145 Y779.292491 Z0;
G1 X375.543145 Y780.292491 Z0;
G1 X374.543145 Y781.292491 Z0;
G1 X374.543145 Y782.292491 Z0;
G1 X374.543145 Y783.292491 Z0;
G1 X373.543145 Y784.292491 Z0;
G1 X373.543145 Y786.292491 Z0;
G1 X372.543145 Y787.292491 Z0;
G1 X372.543145 Y788.292491 Z0;
G1 X371.543145 Y789.292491 Z0;
G1 X371.543145 Y790.292491 Z0;
G1 X370.543145 Y791.292491 Z0;
G1 X370.543145 Y792.292491 Z0;
G1 X369.543145 Y793.292491 Z0;
G1 X369.543145 Y794.292491 Z0;
G1 X369.543145 Y795.292491 Z0;
G1 X368.543145 Y796.292491 Z0;
G1 X368.543145 Y798.292491 Z0;
G1 X367.543145 Y799.292491 Z0;
G1 X367.543145 Y801.292491 Z0;
G1 X366.543145 Y802.292491 Z0;
G1 X366.543145 Y804.292491 Z0;
G1 X365.543145 Y805.292491 Z0;
G1 X365.543145 Y809.292491 Z0;
G1 X364.543145 Y810.292491 Z0;
G1 X364.543145 Y816.292491 Z0;
G1 X363.543145 Y817.292491 Z0;
G1 X363.543145 Y821.706551 Z0;
G1 X364.543145 Y822.706551 Z0;
G1 X364.543145 Y823.706551 Z0;
G1 X364.543145 Y827.292491 Z0;
G1 X364.543145 Y830.706551 Z0;
G1 X364.543145 Y832.292491 Z0;
G1 X364.336115 Y832.499521 Z0;
G1 X364.543145 Y832.706551 Z0;
G1 X365.543145 Y833.706551 Z0;
G1 X365.543145 Y836.706551 Z0;
G1 X366.543145 Y837.706551 Z0;
G1 X366.543145 Y840.706551 Z0;
G1 X367.543145 Y841.706551 Z0;
G1 X367.543145 Y842.706551 Z0;
G1 X368.543145 Y843.706551 Z0;
G1 X368.543145 Y845.706551 Z0;
G1 X369.543145 Y846.706551 Z0;
G1 X369.543145 Y847.706551 Z0;
G1 X370.543145 Y848.706551 Z0;
G1 X370.543145 Y850.499521 Z0;
G1 X371.543145 Y850.499521 Z0;
G1 X371.543145 Y848.292491 Z0;
G1 X370.543145 Y847.292491 Z0;
G1 X370.543145 Y846.292491 Z0;
G1 X369.543145 Y845.292491 Z0;
G1 X369.543145 Y843.292491 Z0;
G1 X368.543145 Y842.292491 Z0;
G1 X368.543145 Y841.292491 Z0;
G1 X367.543145 Y840.292491 Z0;
G1 X367.543145 Y837.292491 Z0;
G1 X366.543145 Y836.292491 Z0;
G1 X366.543145 Y833.292491 Z0;
G1 X365.750175 Y832.499521 Z0;
G1 X366.750175 Y831.499521 Z0;
G1 X365.543145 Y830.292491 Z0;
G1 X365.543145 Y827.706551 Z0;
G1 X366.250175 Y826.999521 Z0;
G1 X366.836115 Y826.999521 Z0;
G1 X367.543145 Y827.706551 Z0;
G1 X368.543145 Y828.706551 Z0;
G1 X368.543145 Y829.706551 Z0;
G1 X372.836115 Y833.999521 Z0;
G1 X373.836115 Y833.999521 Z0;
G1 X376.543145 Y836.706551 Z0;
G1 X376.543145 Y834.292491 Z0;
G1 X375.250175 Y832.999521 Z0;
G1 X374.250175 Y832.999521 Z0;
G1 X369.543145 Y828.292491 Z0;
G1 X368.543145 Y827.292491 Z0;
G1 X368.543145 Y825.999521 Z0;
G1 X367.250175 Y825.999521 Z0;
G1 X366.543145 Y825.292491 Z0;
G1 X366.543145 Y824.292491 Z0;
G1 X365.543145 Y823.292491 Z0;
G1 X365.543145 Y822.292491 Z0;
G1 X364.543145 Y821.292491 Z0;
G1 X364.543145 Y817.706551 Z0;
G1 X365.543145 Y816.706551 Z0;
G1 X365.543145 Y810.706551 Z0;
G1 X366.543145 Y809.706551 Z0;
G1 X366.543145 Y805.706551 Z0;
G1 X367.543145 Y804.706551 Z0;
G1 X367.543145 Y802.706551 Z0;
G1 X368.543145 Y801.706551 Z0;
G1 X368.543145 Y799.706551 Z0;
G1 X369.543145 Y798.706551 Z0;
G1 X369.543145 Y796.706551 Z0;
G1 X370.543145 Y795.706551 Z0;
G1 X370.543145 Y794.706551 Z0;
G1 X371.543145 Y793.706551 Z0;
G1 X371.543145 Y792.706551 Z0;
G1 X372.543145 Y791.706551 Z0;
G1 X372.543145 Y790.706551 Z0;
G1 X372.543145 Y789.706551 Z0;
G1 X373.543145 Y788.706551 Z0;
G1 X373.543145 Y787.706551 Z0;
G1 X374.543145 Y786.706551 Z0;
G1 X374.543145 Y784.706551 Z0;
G1 X375.543145 Y783.706551 Z0;
G1 X375.543145 Y782.706551 Z0;
G1 X376.543145 Y781.706551 Z0;
G1 X376.543145 Y780.706551 Z0;
G1 X377.543145 Y779.706551 Z0;
G1 X377.543145 Y778.706551 Z0;
G1 X378.043145 Y778.206551 Z0;
G1 X378.543145 Y778.706551 Z0;
G1 X378.543145 Y780.292491 Z0;
G1 X377.543145 Y781.292491 Z0;
G1 X377.543145 Y783.292491 Z0;
G1 X376.543145 Y784.292491 Z0;
G1 X376.543145 Y787.292491 Z0;
G1 X375.543145 Y788.292491 Z0;
G1 X375.543145 Y794.292491 Z0;
G1 X374.543145 Y795.292491 Z0;
G1 X374.543145 Y810.706551 Z0;
G1 X375.543145 Y811.706551 Z0;
G1 X375.543145 Y815.706551 Z0;
G1 X376.543145 Y816.706551 Z0;
G1 X376.543145 Y820.706551 Z0;
G1 X376.543145 Y821.706551 Z0;
G1 X377.543145 Y822.706551 Z0;
G1 X377.543145 Y825.499521 Z0;
G1 X378.543145 Y825.499521 Z0;
G1 X378.543145 Y822.292491 Z0;
G1 X378.543145 Y821.292491 Z0;
G1 X377.543145 Y820.292491 Z0;
G1 X377.543145 Y816.292491 Z0;
G1 X376.543145 Y815.292491 Z0;
G1 X376.543145 Y811.292491 Z0;
G1 X375.543145 Y810.292491 Z0;
G1 X375.543145 Y795.706551 Z0;
G1 X376.543145 Y794.706551 Z0;
G1 X376.543145 Y788.706551 Z0;
G1 X377.543145 Y787.706551 Z0;
G1 X377.543145 Y784.706551 Z0;
G1 X378.543145 Y783.706551 Z0;
G1 X378.543145 Y781.706551 Z0;
G1 X379.543145 Y780.706551 Z0;
G1 X379.543145 Y778.706551 Z0;
G1 X380.543145 Y777.706551 Z0;
G1 X380.543145 Y776.706551 Z0;
G1 X381.543145 Y775.706551 Z0;
G1 X381.543145 Y774.292491 Z0;
G1 X380.543145 Y773.292491 Z0;
G1 X380.543145 Y772.706551 Z0;
G1 X381.543145 Y771.706551 Z0;
G1 X381.543145 Y770.706551 Z0;
G1 X382.543145 Y769.706551 Z0;
G1 X382.543145 Y768.706551 Z0;
G1 X383.543145 Y767.706551 Z0;
G1 X383.543145 Y766.706551 Z0;
G1 X383.543145 Y765.706551 Z0;
G1 X385.250175 Y763.999521 Z0;
G1 X386.250175 Y763.999521 Z0;
G1 X386.396665 Y763.853041 Z0;
G1 X387.396665 Y762.853041 Z0;
G1 X386.689625 Y762.146001 Z0;
G1 X385.836115 Y762.999521 Z0;
G1 X385.250175 Y762.999521 Z0;
G1 X385.396665 Y762.853041 Z0;
G1 X384.689625 Y762.146001 Z0;
G0 X384.689625 Y762.146001 Z1;
;path#polyline8_2
G0 X379.543145 Y773.706551 Z1;
G1 X380.543145 Y774.706551 Z0;
G1 X380.543145 Y775.292491 Z0;
G1 X379.543145 Y776.292491 Z0;
G1 X379.543145 Y777.292491 Z0;
G1 X379.043145 Y777.792491 Z0;
G1 X378.250175 Y776.999521 Z0;
G1 X378.543145 Y776.706551 Z0;
G1 X378.543145 Y775.706551 Z0;
G1 X379.543145 Y774.706551 Z0;
G1 X379.543145 Y773.706551 Z0;
G0 X379.543145 Y773.706551 Z1;
;path#polyline8_3
G0 X365.543145 Y825.706551 Z1;
G1 X365.836115 Y825.999521 Z0;
G1 X365.543145 Y826.292491 Z0;
G1 X365.543145 Y825.706551 Z0;
G0 X365.543145 Y825.706551 Z1;
;path#polyline9
G0 X376.689625 Y760.146001 Z1;
G1 X375.543145 Y761.292491 Z0;
G1 X375.543145 Y762.292491 Z0;
G1 X375.543145 Y763.292491 Z0;
G1 X374.543145 Y764.292491 Z0;
G1 X374.543145 Y765.292491 Z0;
G1 X373.543145 Y766.292491 Z0;
G1 X373.543145 Y767.292491 Z0;
G1 X372.543145 Y768.292491 Z0;
G1 X372.543145 Y769.292491 Z0;
G1 X371.543145 Y770.292491 Z0;
G1 X371.543145 Y771.292491 Z0;
G1 X370.543145 Y772.292491 Z0;
G1 X370.543145 Y773.292491 Z0;
G1 X369.543145 Y774.292491 Z0;
G1 X369.543145 Y775.292491 Z0;
G1 X368.543145 Y776.292491 Z0;
G1 X368.543145 Y777.292491 Z0;
G1 X367.543145 Y778.292491 Z0;
G1 X367.543145 Y779.292491 Z0;
G1 X366.543145 Y780.292491 Z0;
G1 X366.543145 Y781.292491 Z0;
G1 X365.543145 Y782.292491 Z0;
G1 X365.543145 Y783.292491 Z0;
G1 X365.543145 Y785.292491 Z0;
G1 X364.543145 Y786.292491 Z0;
G1 X364.543145 Y788.292491 Z0;
G1 X363.543145 Y789.292491 Z0;
G1 X363.543145 Y791.292491 Z0;
G1 X362.543145 Y792.292491 Z0;
G1 X362.543145 Y795.292491 Z0;
G1 X361.543145 Y796.292491 Z0;
G1 X361.543145 Y803.499521 Z0;
G1 X362.543145 Y803.499521 Z0;
G1 X362.543145 Y796.706551 Z0;
G1 X363.543145 Y795.706551 Z0;
G1 X363.543145 Y792.706551 Z0;
G1 X364.543145 Y791.706551 Z0;
G1 X364.543145 Y789.706551 Z0;
G1 X365.543145 Y788.706551 Z0;
G1 X365.543145 Y786.706551 Z0;
G1 X366.543145 Y785.706551 Z0;
G1 X366.543145 Y783.706551 Z0;
G1 X367.543145 Y782.706551 Z0;
G1 X367.543145 Y781.706551 Z0;
G1 X368.543145 Y780.706551 Z0;
G1 X368.543145 Y779.706551 Z0;
G1 X369.543145 Y778.706551 Z0;
G1 X369.543145 Y777.706551 Z0;
G1 X370.543145 Y776.706551 Z0;
G1 X370.543145 Y775.706551 Z0;
G1 X371.543145 Y774.706551 Z0;
G1 X371.543145 Y773.706551 Z0;
G1 X372.543145 Y772.706551 Z0;
G1 X372.543145 Y771.706551 Z0;
G1 X373.543145 Y770.706551 Z0;
G1 X373.543145 Y769.706551 Z0;
G1 X374.543145 Y768.706551 Z0;
G1 X374.543145 Y767.706551 Z0;
G1 X375.543145 Y766.706551 Z0;
G1 X375.543145 Y765.706551 Z0;
G1 X376.543145 Y764.706551 Z0;
G1 X376.543145 Y763.706551 Z0;
G1 X376.543145 Y762.706551 Z0;
G1 X377.043145 Y762.206551 Z0;
G1 X377.836115 Y762.999521 Z0;
G1 X381.043145 Y762.999521 Z0;
G1 X381.043145 Y761.999521 Z0;
G1 X378.250175 Y761.999521 Z0;
G1 X377.396665 Y761.146001 Z0;
G1 X377.250175 Y760.999521 Z0;
G1 X377.396665 Y760.853041 Z0;
G1 X376.689625 Y760.146001 Z0;
G0 X376.689625 Y760.146001 Z1;
;path#polyline10
G0 X410.836115 Y757.999521 Z1;
G1 X410.689625 Y758.146001 Z0;
G1 X409.836115 Y758.999521 Z0;
G1 X407.836115 Y758.999521 Z0;
G1 X406.836115 Y759.999521 Z0;
G1 X405.836115 Y759.999521 Z0;
G1 X404.836115 Y760.999521 Z0;
G1 X402.836115 Y760.999521 Z0;
G1 X401.836115 Y761.999521 Z0;
G1 X401.250175 Y761.999521 Z0;
G1 X400.043145 Y760.792491 Z0;
G1 X399.043145 Y761.792491 Z0;
G1 X398.043145 Y760.792491 Z0;
G1 X396.836115 Y761.999521 Z0;
G1 X395.543145 Y761.999521 Z0;
G1 X395.543145 Y763.292491 Z0;
G1 X395.043145 Y763.792491 Z0;
G1 X394.250175 Y762.999521 Z0;
G1 X392.836115 Y762.999521 Z0;
G1 X391.689625 Y764.146001 Z0;
G1 X392.396665 Y764.853041 Z0;
G1 X393.250175 Y763.999521 Z0;
G1 X393.836115 Y763.999521 Z0;
G1 X394.543145 Y764.706551 Z0;
G1 X394.543145 Y765.292491 Z0;
G1 X394.543145 Y766.292491 Z0;
G1 X393.543145 Y767.292491 Z0;
G1 X393.543145 Y769.706551 Z0;
G1 X395.543145 Y767.706551 Z0;
G1 X395.543145 Y766.706551 Z0;
G1 X395.543145 Y765.706551 Z0;
G1 X396.543145 Y764.706551 Z0;
G1 X396.543145 Y763.706551 Z0;
G1 X397.250175 Y762.999521 Z0;
G1 X398.043145 Y762.206551 Z0;
G1 X399.043145 Y763.206551 Z0;
G1 X400.043145 Y762.206551 Z0;
G1 X400.836115 Y762.999521 Z0;
G1 X401.543145 Y763.706551 Z0;
G1 X401.543145 Y765.292491 Z0;
G1 X400.543145 Y766.292491 Z0;
G1 X400.543145 Y768.706551 Z0;
G1 X401.543145 Y769.706551 Z0;
G1 X401.543145 Y772.706551 Z0;
G1 X402.543145 Y773.706551 Z0;
G1 X402.543145 Y774.706551 Z0;
G1 X403.543145 Y775.706551 Z0;
G1 X403.543145 Y776.706551 Z0;
G1 X404.543145 Y777.706551 Z0;
G1 X405.543145 Y778.706551 Z0;
G1 X405.543145 Y779.706551 Z0;
G1 X406.543145 Y780.706551 Z0;
G1 X406.543145 Y781.706551 Z0;
G1 X407.543145 Y782.706551 Z0;
G1 X407.543145 Y783.706551 Z0;
G1 X408.543145 Y784.706551 Z0;
G1 X408.543145 Y785.706551 Z0;
G1 X410.543145 Y787.706551 Z0;
G1 X410.543145 Y788.706551 Z0;
G1 X416.836115 Y794.999521 Z0;
G1 X417.836115 Y794.999521 Z0;
G1 X419.836115 Y796.999521 Z0;
G1 X421.836115 Y798.999521 Z0;
G1 X422.836115 Y798.999521 Z0;
G1 X424.836115 Y800.999521 Z0;
G1 X427.250175 Y800.999521 Z0;
G1 X424.250175 Y797.999521 Z0;
G1 X423.250175 Y797.999521 Z0;
G1 X421.250175 Y795.999521 Z0;
G1 X420.250175 Y795.999521 Z0;
G1 X418.250175 Y793.999521 Z0;
G1 X411.543145 Y787.292491 Z0;
G1 X411.543145 Y786.292491 Z0;
G1 X409.543145 Y784.292491 Z0;
G1 X408.543145 Y783.292491 Z0;
G1 X408.543145 Y782.292491 Z0;
G1 X407.543145 Y781.292491 Z0;
G1 X407.543145 Y780.292491 Z0;
G1 X406.543145 Y779.292491 Z0;
G1 X406.543145 Y778.292491 Z0;
G1 X405.543145 Y777.292491 Z0;
G1 X405.543145 Y776.292491 Z0;
G1 X404.543145 Y775.292491 Z0;
G1 X403.543145 Y774.292491 Z0;
G1 X403.543145 Y773.292491 Z0;
G1 X402.543145 Y772.292491 Z0;
G1 X402.543145 Y769.292491 Z0;
G1 X401.543145 Y768.292491 Z0;
G1 X401.543145 Y766.706551 Z0;
G1 X402.543145 Y765.706551 Z0;
G1 X402.543145 Y763.292491 Z0;
G1 X402.543145 Y762.706551 Z0;
G1 X403.250175 Y761.999521 Z0;
G1 X405.250175 Y761.999521 Z0;
G1 X406.250175 Y760.999521 Z0;
G1 X407.250175 Y760.999521 Z0;
G1 X408.250175 Y759.999521 Z0;
G1 X410.250175 Y759.999521 Z0;
G1 X411.250175 Y758.999521 Z0;
G1 X414.836115 Y758.999521 Z0;
G1 X415.689625 Y759.853041 Z0;
G1 X416.396665 Y759.146001 Z0;
G1 X415.396665 Y758.146001 Z0;
G1 X415.250175 Y757.999521 Z0;
G1 X410.836115 Y757.999521 Z0;
G0 X410.836115 Y757.999521 Z1;
;path#polyline11
G0 X441.836115 Y756.999521 Z1;
G1 X441.189625 Y757.646001 Z0;
G1 X440.689625 Y757.146001 Z0;
G1 X439.543145 Y758.292491 Z0;
G1 X439.543145 Y759.292491 Z0;
G1 X439.543145 Y760.499521 Z0;
G1 X440.543145 Y760.499521 Z0;
G1 X440.543145 Y759.706551 Z0;
G1 X442.250175 Y757.999521 Z0;
G1 X442.836115 Y757.999521 Z0;
G1 X444.689625 Y759.853041 Z0;
G1 X445.396665 Y759.146001 Z0;
G1 X443.396665 Y757.146001 Z0;
G1 X443.250175 Y756.999521 Z0;
G1 X441.836115 Y756.999521 Z0;
G0 X441.836115 Y756.999521 Z1;
;path#polyline12
G0 X449.836115 Y754.999521 Z1;
G1 X449.689625 Y755.146001 Z0;
G1 X448.836115 Y755.999521 Z0;
G1 X447.543145 Y755.999521 Z0;
G1 X447.543145 Y758.706551 Z0;
G1 X449.250175 Y756.999521 Z0;
G1 X450.250175 Y755.999521 Z0;
G1 X451.043145 Y755.999521 Z0;
G1 X451.043145 Y754.999521 Z0;
G1 X449.836115 Y754.999521 Z0;
G0 X449.836115 Y754.999521 Z1;
;path#polyline13_1
G0 X330.543145 Y755.499521 Z1;
G1 X330.543145 Y756.706551 Z0;
G1 X330.689625 Y756.853041 Z0;
G1 X331.543145 Y757.706551 Z0;
G1 X331.543145 Y758.292491 Z0;
G1 X329.836115 Y759.999521 Z0;
G1 X328.836115 Y759.999521 Z0;
G1 X327.836115 Y759.999521 Z0;
G1 X324.836115 Y762.999521 Z0;
G1 X323.836115 Y763.999521 Z0;
G1 X322.043145 Y763.999521 Z0;
G1 X322.043145 Y764.999521 Z0;
G1 X324.250175 Y764.999521 Z0;
G1 X325.250175 Y763.999521 Z0;
G1 X326.250175 Y763.999521 Z0;
G1 X329.250175 Y760.999521 Z0;
G1 X329.836115 Y760.999521 Z0;
G1 X330.543145 Y761.706551 Z0;
G1 X330.543145 Y764.292491 Z0;
G1 X328.836115 Y765.999521 Z0;
G1 X328.250175 Y765.999521 Z0;
G1 X327.250175 Y764.999521 Z0;
G1 X325.836115 Y764.999521 Z0;
G1 X324.836115 Y765.999521 Z0;
G1 X323.836115 Y765.999521 Z0;
G1 X322.836115 Y766.999521 Z0;
G1 X321.543145 Y766.999521 Z0;
G1 X321.543145 Y771.706551 Z0;
G1 X322.543145 Y772.706551 Z0;
G1 X323.543145 Y773.706551 Z0;
G1 X323.543145 Y774.706551 Z0;
G1 X323.543145 Y775.706551 Z0;
G1 X324.543145 Y776.706551 Z0;
G1 X325.543145 Y777.706551 Z0;
G1 X325.543145 Y778.292491 Z0;
G1 X322.543145 Y781.292491 Z0;
G1 X319.543145 Y784.292491 Z0;
G1 X319.543145 Y785.292491 Z0;
G1 X317.543145 Y787.292491 Z0;
G1 X317.543145 Y788.292491 Z0;
G1 X315.543145 Y790.292491 Z0;
G1 X315.543145 Y791.292491 Z0;
G1 X313.543145 Y793.292491 Z0;
G1 X313.543145 Y794.292491 Z0;
G1 X312.543145 Y795.292491 Z0;
G1 X312.543145 Y796.292491 Z0;
G1 X311.543145 Y797.292491 Z0;
G1 X311.543145 Y798.292491 Z0;
G1 X310.543145 Y799.292491 Z0;
G1 X310.543145 Y800.292491 Z0;
G1 X309.543145 Y801.292491 Z0;
G1 X309.543145 Y802.292491 Z0;
G1 X309.043145 Y802.792491 Z0;
G1 X308.543145 Y802.292491 Z0;
G1 X308.543145 Y801.292491 Z0;
G1 X306.543145 Y799.292491 Z0;
G1 X306.543145 Y801.706551 Z0;
G1 X307.543145 Y802.706551 Z0;
G1 X308.543145 Y803.706551 Z0;
G1 X308.543145 Y804.292491 Z0;
G1 X308.543145 Y805.292491 Z0;
G1 X307.543145 Y806.292491 Z0;
G1 X307.543145 Y807.292491 Z0;
G1 X307.543145 Y809.292491 Z0;
G1 X306.543145 Y810.292491 Z0;
G1 X306.543145 Y818.499521 Z0;
G1 X307.543145 Y818.499521 Z0;
G1 X307.543145 Y810.706551 Z0;
G1 X308.543145 Y809.706551 Z0;
G1 X308.543145 Y807.706551 Z0;
G1 X309.543145 Y806.706551 Z0;
G1 X309.543145 Y805.706551 Z0;
G1 X309.543145 Y804.706551 Z0;
G1 X310.543145 Y803.706551 Z0;
G1 X310.543145 Y802.706551 Z0;
G1 X311.543145 Y801.706551 Z0;
G1 X311.543145 Y800.706551 Z0;
G1 X312.543145 Y799.706551 Z0;
G1 X312.543145 Y798.706551 Z0;
G1 X313.543145 Y797.706551 Z0;
G1 X313.543145 Y796.706551 Z0;
G1 X314.543145 Y795.706551 Z0;
G1 X314.543145 Y794.706551 Z0;
G1 X316.543145 Y792.706551 Z0;
G1 X316.543145 Y791.706551 Z0;
G1 X318.543145 Y789.706551 Z0;
G1 X318.543145 Y788.706551 Z0;
G1 X320.543145 Y786.706551 Z0;
G1 X320.543145 Y785.706551 Z0;
G1 X323.543145 Y782.706551 Z0;
G1 X323.543145 Y781.706551 Z0;
G1 X326.543145 Y778.706551 Z0;
G1 X326.543145 Y777.706551 Z0;
G1 X328.396665 Y775.853041 Z0;
G1 X327.689625 Y775.146001 Z0;
G1 X326.043145 Y776.792491 Z0;
G1 X325.543145 Y776.292491 Z0;
G1 X325.543145 Y775.292491 Z0;
G1 X324.543145 Y774.292491 Z0;
G1 X324.543145 Y773.706551 Z0;
G1 X326.396665 Y771.853041 Z0;
G1 X325.689625 Y771.146001 Z0;
G1 X324.043145 Y772.792491 Z0;
G1 X323.543145 Y772.292491 Z0;
G1 X323.543145 Y771.706551 Z0;
G1 X326.250175 Y768.999521 Z0;
G1 X327.250175 Y768.999521 Z0;
G1 X329.250175 Y766.999521 Z0;
G1 X331.543145 Y764.706551 Z0;
G1 X331.543145 Y761.292491 Z0;
G1 X331.543145 Y760.706551 Z0;
G1 X332.543145 Y759.706551 Z0;
G1 X332.543145 Y758.706551 Z0;
G1 X332.543145 Y757.292491 Z0;
G1 X331.543145 Y756.292491 Z0;
G1 X331.543145 Y755.499521 Z0;
G1 X330.543145 Y755.499521 Z0;
G0 X330.543145 Y755.499521 Z1;
;path#polyline13_2
G0 X326.250175 Y765.999521 Z1;
G1 X326.836115 Y765.999521 Z0;
G1 X327.836115 Y766.999521 Z0;
G1 X326.836115 Y767.999521 Z0;
G1 X325.836115 Y767.999521 Z0;
G1 X322.543145 Y771.292491 Z0;
G1 X322.543145 Y767.999521 Z0;
G1 X323.250175 Y767.999521 Z0;
G1 X324.250175 Y766.999521 Z0;
G1 X325.250175 Y766.999521 Z0;
G1 X326.250175 Y765.999521 Z0;
G0 X326.250175 Y765.999521 Z1;
;path#polyline14
G0 X421.543145 Y754.499521 Z1;
G1 X421.543145 Y756.292491 Z0;
G1 X420.543145 Y757.292491 Z0;
G1 X420.543145 Y758.292491 Z0;
G1 X419.836115 Y758.999521 Z0;
G1 X418.543145 Y758.999521 Z0;
G1 X418.543145 Y760.292491 Z0;
G1 X417.543145 Y761.292491 Z0;
G1 X414.543145 Y764.292491 Z0;
G1 X414.543145 Y765.292491 Z0;
G1 X413.543145 Y766.292491 Z0;
G1 X413.543145 Y767.292491 Z0;
G1 X413.543145 Y770.292491 Z0;
G1 X412.543145 Y771.292491 Z0;
G1 X412.543145 Y772.292491 Z0;
G1 X411.543145 Y773.292491 Z0;
G1 X411.543145 Y776.292491 Z0;
G1 X409.836115 Y777.999521 Z0;
G1 X412.543145 Y777.999521 Z0;
G1 X412.543145 Y776.706551 Z0;
G1 X412.543145 Y773.706551 Z0;
G1 X413.543145 Y772.706551 Z0;
G1 X413.543145 Y771.706551 Z0;
G1 X414.543145 Y770.706551 Z0;
G1 X414.543145 Y767.706551 Z0;
G1 X415.543145 Y766.706551 Z0;
G1 X415.543145 Y765.706551 Z0;
G1 X418.543145 Y762.706551 Z0;
G1 X418.543145 Y761.706551 Z0;
G1 X419.543145 Y760.706551 Z0;
G1 X420.250175 Y759.999521 Z0;
G1 X421.543145 Y758.706551 Z0;
G1 X422.043145 Y758.206551 Z0;
G1 X422.836115 Y758.999521 Z0;
G1 X424.250175 Y758.999521 Z0;
G1 X424.836115 Y758.999521 Z0;
G1 X426.836115 Y760.999521 Z0;
G1 X427.836115 Y760.999521 Z0;
G1 X428.543145 Y761.706551 Z0;
G1 X428.543145 Y763.499521 Z0;
G1 X429.543145 Y763.499521 Z0;
G1 X429.543145 Y761.706551 Z0;
G1 X430.250175 Y760.999521 Z0;
G1 X431.836115 Y760.999521 Z0;
G1 X433.043145 Y762.206551 Z0;
G1 X433.543145 Y762.706551 Z0;
G1 X433.543145 Y763.499521 Z0;
G1 X434.543145 Y763.499521 Z0;
G1 X434.543145 Y762.292491 Z0;
G1 X434.543145 Y761.706551 Z0;
G1 X435.250175 Y760.999521 Z0;
G1 X436.043145 Y760.206551 Z0;
G1 X436.836115 Y760.999521 Z0;
G1 X438.043145 Y760.999521 Z0;
G1 X438.043145 Y759.999521 Z0;
G1 X437.250175 Y759.999521 Z0;
G1 X436.043145 Y758.792491 Z0;
G1 X434.836115 Y759.999521 Z0;
G1 X433.836115 Y759.999521 Z0;
G1 X433.043145 Y760.792491 Z0;
G1 X432.250175 Y759.999521 Z0;
G1 X429.836115 Y759.999521 Z0;
G1 X428.250175 Y759.999521 Z0;
G1 X425.043145 Y756.792491 Z0;
G1 X423.836115 Y757.999521 Z0;
G1 X423.250175 Y757.999521 Z0;
G1 X422.396665 Y757.146001 Z0;
G1 X422.250175 Y756.999521 Z0;
G1 X422.543145 Y756.706551 Z0;
G1 X422.543145 Y754.499521 Z0;
G1 X421.543145 Y754.499521 Z0;
G0 X421.543145 Y754.499521 Z1;
;path#polyline15
G0 X455.689625 Y748.146001 Z1;
G1 X452.543145 Y751.292491 Z0;
G1 X452.543145 Y752.292491 Z0;
G1 X451.689625 Y753.146001 Z0;
G1 X452.396665 Y753.853041 Z0;
G1 X453.543145 Y752.706551 Z0;
G1 X456.396665 Y749.853041 Z0;
G1 X455.896665 Y749.353041 Z0;
G1 X456.396665 Y748.853041 Z0;
G1 X455.689625 Y748.146001 Z0;
G0 X455.689625 Y748.146001 Z1;
;path#polyline16
G0 X459.043145 Y745.999521 Z1;
G1 X459.043145 Y746.999521 Z0;
G1 X465.836115 Y746.999521 Z0;
G1 X467.836115 Y748.999521 Z0;
G1 X469.543145 Y750.706551 Z0;
G1 X470.543145 Y751.706551 Z0;
G1 X470.543145 Y752.706551 Z0;
G1 X471.543145 Y753.706551 Z0;
G1 X471.543145 Y754.706551 Z0;
G1 X473.543145 Y756.706551 Z0;
G1 X473.543145 Y757.706551 Z0;
G1 X474.543145 Y758.706551 Z0;
G1 X475.689625 Y759.853041 Z0;
G1 X476.396665 Y759.146001 Z0;
G1 X475.543145 Y758.292491 Z0;
G1 X475.543145 Y757.292491 Z0;
G1 X474.543145 Y756.292491 Z0;
G1 X474.543145 Y755.292491 Z0;
G1 X472.543145 Y753.292491 Z0;
G1 X472.543145 Y752.292491 Z0;
G1 X471.543145 Y751.292491 Z0;
G1 X470.543145 Y750.292491 Z0;
G1 X470.543145 Y749.292491 Z0;
G1 X469.250175 Y747.999521 Z0;
G1 X468.250175 Y747.999521 Z0;
G1 X466.396665 Y746.146001 Z0;
G1 X466.250175 Y745.999521 Z0;
G1 X459.043145 Y745.999521 Z0;
G0 X459.043145 Y745.999521 Z1;
;path#polyline17_1
G0 X400.836115 Y745.999521 Z1;
G1 X400.689625 Y746.146001 Z0;
G1 X399.836115 Y746.999521 Z0;
G1 X398.836115 Y746.999521 Z0;
G1 X397.836115 Y747.999521 Z0;
G1 X396.250175 Y747.999521 Z0;
G1 X392.250175 Y747.999521 Z0;
G1 X390.543145 Y746.292491 Z0;
G1 X390.543145 Y748.292491 Z0;
G1 X389.836115 Y748.999521 Z0;
G1 X387.250175 Y748.999521 Z0;
G1 X386.043145 Y747.792491 Z0;
G1 X384.836115 Y748.999521 Z0;
G1 X384.250175 Y748.999521 Z0;
G1 X384.043145 Y748.792491 Z0;
G1 X383.836115 Y748.999521 Z0;
G1 X382.836115 Y749.999521 Z0;
G1 X382.250175 Y749.999521 Z0;
G1 X379.836115 Y749.999521 Z0;
G1 X378.689625 Y751.146001 Z0;
G1 X379.396665 Y751.853041 Z0;
G1 X380.250175 Y750.999521 Z0;
G1 X381.836115 Y750.999521 Z0;
G1 X382.543145 Y751.706551 Z0;
G1 X382.543145 Y752.706551 Z0;
G1 X382.543145 Y754.292491 Z0;
G1 X382.043145 Y754.792491 Z0;
G1 X381.250175 Y753.999521 Z0;
G1 X379.836115 Y753.999521 Z0;
G1 X377.836115 Y755.999521 Z0;
G1 X377.250175 Y755.999521 Z0;
G1 X376.250175 Y754.999521 Z0;
G1 X375.250175 Y754.999521 Z0;
G1 X374.043145 Y753.792491 Z0;
G1 X373.043145 Y754.792491 Z0;
G1 X372.043145 Y753.792491 Z0;
G1 X370.836115 Y754.999521 Z0;
G1 X369.836115 Y754.999521 Z0;
G1 X366.836115 Y757.999521 Z0;
G1 X363.543145 Y761.292491 Z0;
G1 X360.543145 Y764.292491 Z0;
G1 X360.543145 Y765.292491 Z0;
G1 X355.543145 Y770.292491 Z0;
G1 X355.543145 Y772.706551 Z0;
G1 X361.543145 Y766.706551 Z0;
G1 X361.543145 Y765.706551 Z0;
G1 X364.543145 Y762.706551 Z0;
G1 X364.543145 Y761.706551 Z0;
G1 X367.250175 Y758.999521 Z0;
G1 X368.250175 Y758.999521 Z0;
G1 X371.250175 Y755.999521 Z0;
G1 X372.043145 Y755.206551 Z0;
G1 X372.836115 Y755.999521 Z0;
G1 X373.043145 Y756.206551 Z0;
G1 X373.250175 Y755.999521 Z0;
G1 X374.836115 Y755.999521 Z0;
G1 X375.836115 Y755.999521 Z0;
G1 X376.336115 Y756.499521 Z0;
G1 X375.543145 Y757.292491 Z0;
G1 X374.543145 Y758.292491 Z0;
G1 X374.543145 Y759.292491 Z0;
G1 X373.543145 Y760.292491 Z0;
G1 X373.543145 Y761.499521 Z0;
G1 X374.543145 Y761.499521 Z0;
G1 X374.543145 Y760.706551 Z0;
G1 X375.543145 Y759.706551 Z0;
G1 X376.543145 Y758.706551 Z0;
G1 X376.543145 Y757.706551 Z0;
G1 X377.250175 Y756.999521 Z0;
G1 X378.250175 Y756.999521 Z0;
G1 X380.250175 Y754.999521 Z0;
G1 X380.836115 Y754.999521 Z0;
G1 X381.543145 Y755.706551 Z0;
G1 X381.543145 Y756.499521 Z0;
G1 X382.543145 Y756.499521 Z0;
G1 X382.543145 Y755.706551 Z0;
G1 X383.250175 Y754.999521 Z0;
G1 X384.836115 Y754.999521 Z0;
G1 X388.250175 Y754.999521 Z0;
G1 X389.250175 Y753.999521 Z0;
G1 X389.836115 Y753.999521 Z0;
G1 X391.043145 Y755.206551 Z0;
G1 X395.250175 Y750.999521 Z0;
G1 X392.836115 Y750.999521 Z0;
G1 X390.836115 Y752.999521 Z0;
G1 X390.250175 Y752.999521 Z0;
G1 X388.836115 Y752.999521 Z0;
G1 X387.836115 Y753.999521 Z0;
G1 X385.250175 Y753.999521 Z0;
G1 X383.543145 Y752.292491 Z0;
G1 X383.543145 Y751.292491 Z0;
G1 X383.543145 Y750.706551 Z0;
G1 X384.043145 Y750.206551 Z0;
G1 X384.336115 Y750.499521 Z0;
G1 X385.543145 Y751.706551 Z0;
G1 X385.543145 Y752.499521 Z0;
G1 X386.543145 Y752.499521 Z0;
G1 X386.543145 Y751.292491 Z0;
G1 X385.750175 Y750.499521 Z0;
G1 X386.250175 Y749.999521 Z0;
G1 X386.836115 Y749.999521 Z0;
G1 X390.250175 Y749.999521 Z0;
G1 X391.250175 Y748.999521 Z0;
G1 X391.836115 Y748.999521 Z0;
G1 X395.836115 Y748.999521 Z0;
G1 X397.043145 Y750.206551 Z0;
G1 X398.250175 Y748.999521 Z0;
G1 X399.250175 Y747.999521 Z0;
G1 X400.250175 Y747.999521 Z0;
G1 X401.250175 Y746.999521 Z0;
G1 X401.836115 Y746.999521 Z0;
G1 X402.543145 Y747.706551 Z0;
G1 X402.543145 Y748.706551 Z0;
G1 X402.543145 Y749.292491 Z0;
G1 X399.336115 Y752.499521 Z0;
G1 X400.543145 Y753.706551 Z0;
G1 X400.543145 Y754.706551 Z0;
G1 X400.543145 Y755.999521 Z0;
G1 X403.250175 Y755.999521 Z0;
G1 X401.543145 Y754.292491 Z0;
G1 X401.543145 Y753.292491 Z0;
G1 X401.543145 Y752.706551 Z0;
G1 X404.043145 Y750.206551 Z0;
G1 X404.250175 Y749.999521 Z0;
G1 X405.250175 Y749.999521 Z0;
G1 X406.250175 Y748.999521 Z0;
G1 X407.250175 Y748.999521 Z0;
G1 X410.250175 Y745.999521 Z0;
G1 X407.836115 Y745.999521 Z0;
G1 X405.836115 Y747.999521 Z0;
G1 X404.836115 Y747.999521 Z0;
G1 X404.043145 Y748.792491 Z0;
G1 X403.543145 Y748.292491 Z0;
G1 X403.543145 Y747.292491 Z0;
G1 X403.543145 Y746.499521 Z0;
G1 X402.750175 Y746.499521 Z0;
G1 X402.250175 Y745.999521 Z0;
G1 X400.836115 Y745.999521 Z0;
G0 X400.836115 Y745.999521 Z1;
;path#polyline17_2
G0 X383.543145 Y753.706551 Z1;
G1 X383.836115 Y753.999521 Z0;
G1 X383.543145 Y753.999521 Z0;
G1 X383.543145 Y753.706551 Z0;
G0 X383.543145 Y753.706551 Z1;
;path#polyline18_1
G0 X367.689625 Y744.146001 Z1;
G1 X366.836115 Y744.999521 Z0;
G1 X365.836115 Y744.999521 Z0;
G1 X364.836115 Y745.999521 Z0;
G1 X363.836115 Y745.999521 Z0;
G1 X362.836115 Y746.999521 Z0;
G1 X361.836115 Y746.999521 Z0;
G1 X360.836115 Y746.999521 Z0;
G1 X358.543145 Y749.292491 Z0;
G1 X358.543145 Y750.292491 Z0;
G1 X358.543145 Y751.292491 Z0;
G1 X357.543145 Y752.292491 Z0;
G1 X357.543145 Y753.292491 Z0;
G1 X356.836115 Y753.999521 Z0;
G1 X355.836115 Y753.999521 Z0;
G1 X353.836115 Y755.999521 Z0;
G1 X351.836115 Y757.999521 Z0;
G1 X350.836115 Y757.999521 Z0;
G1 X348.836115 Y759.999521 Z0;
G1 X350.836115 Y759.999521 Z0;
G1 X351.543145 Y760.706551 Z0;
G1 X351.543145 Y761.292491 Z0;
G1 X350.543145 Y762.292491 Z0;
G1 X350.543145 Y763.292491 Z0;
G1 X350.043145 Y763.792491 Z0;
G1 X349.336115 Y764.499521 Z0;
G1 X348.836115 Y764.999521 Z0;
G1 X347.836115 Y764.999521 Z0;
G1 X345.836115 Y766.999521 Z0;
G1 X348.250175 Y766.999521 Z0;
G1 X349.250175 Y765.999521 Z0;
G1 X350.043145 Y765.206551 Z0;
G1 X351.336115 Y766.499521 Z0;
G1 X350.836115 Y766.999521 Z0;
G1 X349.836115 Y766.999521 Z0;
G1 X348.543145 Y768.292491 Z0;
G1 X344.543145 Y772.292491 Z0;
G1 X344.543145 Y773.292491 Z0;
G1 X340.836115 Y776.999521 Z0;
G1 X338.543145 Y779.292491 Z0;
G1 X338.543145 Y780.292491 Z0;
G1 X337.543145 Y781.292491 Z0;
G1 X335.543145 Y783.292491 Z0;
G1 X335.543145 Y784.292491 Z0;
G1 X332.543145 Y787.292491 Z0;
G1 X332.543145 Y788.292491 Z0;
G1 X330.543145 Y790.292491 Z0;
G1 X330.543145 Y791.292491 Z0;
G1 X329.543145 Y792.292491 Z0;
G1 X329.543145 Y793.292491 Z0;
G1 X328.543145 Y794.292491 Z0;
G1 X327.543145 Y795.292491 Z0;
G1 X327.543145 Y796.292491 Z0;
G1 X326.543145 Y797.292491 Z0;
G1 X326.543145 Y798.292491 Z0;
G1 X325.543145 Y799.292491 Z0;
G1 X325.543145 Y800.292491 Z0;
G1 X324.543145 Y801.292491 Z0;
G1 X324.543145 Y802.292491 Z0;
G1 X323.543145 Y803.292491 Z0;
G1 X322.543145 Y804.292491 Z0;
G1 X322.543145 Y805.292491 Z0;
G1 X321.543145 Y806.292491 Z0;
G1 X321.543145 Y808.292491 Z0;
G1 X320.543145 Y809.292491 Z0;
G1 X320.543145 Y810.292491 Z0;
G1 X318.543145 Y812.292491 Z0;
G1 X318.543145 Y814.292491 Z0;
G1 X317.543145 Y815.292491 Z0;
G1 X317.543145 Y817.292491 Z0;
G1 X316.543145 Y818.292491 Z0;
G1 X316.543145 Y820.499521 Z0;
G1 X317.543145 Y820.499521 Z0;
G1 X317.543145 Y818.706551 Z0;
G1 X318.543145 Y817.706551 Z0;
G1 X318.543145 Y815.706551 Z0;
G1 X319.543145 Y814.706551 Z0;
G1 X319.543145 Y812.706551 Z0;
G1 X321.543145 Y810.706551 Z0;
G1 X321.543145 Y809.706551 Z0;
G1 X322.543145 Y808.706551 Z0;
G1 X322.543145 Y806.706551 Z0;
G1 X323.543145 Y805.706551 Z0;
G1 X324.543145 Y804.706551 Z0;
G1 X324.543145 Y803.706551 Z0;
G1 X325.543145 Y802.706551 Z0;
G1 X325.543145 Y801.706551 Z0;
G1 X326.543145 Y800.706551 Z0;
G1 X327.543145 Y799.706551 Z0;
G1 X327.543145 Y798.706551 Z0;
G1 X328.543145 Y797.706551 Z0;
G1 X328.543145 Y796.706551 Z0;
G1 X329.543145 Y795.706551 Z0;
G1 X329.543145 Y794.706551 Z0;
G1 X330.543145 Y793.706551 Z0;
G1 X330.543145 Y792.706551 Z0;
G1 X331.543145 Y791.706551 Z0;
G1 X333.543145 Y789.706551 Z0;
G1 X333.543145 Y788.706551 Z0;
G1 X336.543145 Y785.706551 Z0;
G1 X336.543145 Y784.706551 Z0;
G1 X338.543145 Y782.706551 Z0;
G1 X338.543145 Y781.706551 Z0;
G1 X339.543145 Y780.706551 Z0;
G1 X339.543145 Y779.706551 Z0;
G1 X341.250175 Y777.999521 Z0;
G1 X342.250175 Y777.999521 Z0;
G1 X345.543145 Y774.706551 Z0;
G1 X345.543145 Y773.706551 Z0;
G1 X349.543145 Y769.706551 Z0;
G1 X349.543145 Y768.706551 Z0;
G1 X350.250175 Y767.999521 Z0;
G1 X350.836115 Y767.999521 Z0;
G1 X352.543145 Y769.706551 Z0;
G1 X352.543145 Y770.706551 Z0;
G1 X353.336115 Y771.499521 Z0;
G1 X351.836115 Y772.999521 Z0;
G1 X350.543145 Y772.999521 Z0;
G1 X350.543145 Y774.292491 Z0;
G1 X347.543145 Y777.292491 Z0;
G1 X347.543145 Y778.292491 Z0;
G1 X345.543145 Y780.292491 Z0;
G1 X345.543145 Y781.292491 Z0;
G1 X343.543145 Y783.292491 Z0;
G1 X343.543145 Y784.292491 Z0;
G1 X342.543145 Y785.292491 Z0;
G1 X340.543145 Y787.292491 Z0;
G1 X340.543145 Y788.292491 Z0;
G1 X338.543145 Y790.292491 Z0;
G1 X338.543145 Y791.292491 Z0;
G1 X337.543145 Y792.292491 Z0;
G1 X337.543145 Y793.292491 Z0;
G1 X335.543145 Y795.292491 Z0;
G1 X335.543145 Y796.292491 Z0;
G1 X334.543145 Y797.292491 Z0;
G1 X334.543145 Y798.292491 Z0;
G1 X332.543145 Y800.292491 Z0;
G1 X332.543145 Y801.292491 Z0;
G1 X331.543145 Y802.292491 Z0;
G1 X331.543145 Y803.292491 Z0;
G1 X329.543145 Y805.292491 Z0;
G1 X329.543145 Y806.292491 Z0;
G1 X328.543145 Y807.292491 Z0;
G1 X328.543145 Y808.292491 Z0;
G1 X327.543145 Y809.292491 Z0;
G1 X327.543145 Y810.292491 Z0;
G1 X326.543145 Y811.292491 Z0;
G1 X326.543145 Y812.292491 Z0;
G1 X325.543145 Y813.292491 Z0;
G1 X325.543145 Y814.292491 Z0;
G1 X324.543145 Y815.292491 Z0;
G1 X324.543145 Y816.292491 Z0;
G1 X323.543145 Y817.292491 Z0;
G1 X323.543145 Y818.292491 Z0;
G1 X321.543145 Y820.292491 Z0;
G1 X321.543145 Y821.292491 Z0;
G1 X320.543145 Y822.292491 Z0;
G1 X320.543145 Y823.292491 Z0;
G1 X319.543145 Y824.292491 Z0;
G1 X319.543145 Y825.292491 Z0;
G1 X316.836115 Y827.999521 Z0;
G1 X319.250175 Y827.999521 Z0;
G1 X320.543145 Y826.706551 Z0;
G1 X320.543145 Y825.706551 Z0;
G1 X321.543145 Y824.706551 Z0;
G1 X321.543145 Y823.706551 Z0;
G1 X322.543145 Y822.706551 Z0;
G1 X322.543145 Y821.706551 Z0;
G1 X324.543145 Y819.706551 Z0;
G1 X324.543145 Y818.706551 Z0;
G1 X325.543145 Y817.706551 Z0;
G1 X325.543145 Y816.706551 Z0;
G1 X326.543145 Y815.706551 Z0;
G1 X326.543145 Y814.706551 Z0;
G1 X327.543145 Y813.706551 Z0;
G1 X327.543145 Y812.706551 Z0;
G1 X327.543145 Y811.706551 Z0;
G1 X328.543145 Y810.706551 Z0;
G1 X329.543145 Y809.706551 Z0;
G1 X329.543145 Y808.706551 Z0;
G1 X329.543145 Y807.706551 Z0;
G1 X330.543145 Y806.706551 Z0;
G1 X330.543145 Y805.706551 Z0;
G1 X332.543145 Y803.706551 Z0;
G1 X333.043145 Y803.206551 Z0;
G1 X334.043145 Y804.206551 Z0;
G1 X335.043145 Y803.206551 Z0;
G1 X335.543145 Y803.706551 Z0;
G1 X335.543145 Y804.292491 Z0;
G1 X334.543145 Y805.292491 Z0;
G1 X334.543145 Y806.292491 Z0;
G1 X333.543145 Y807.292491 Z0;
G1 X333.543145 Y808.292491 Z0;
G1 X333.043145 Y808.792491 Z0;
G1 X332.543145 Y808.292491 Z0;
G1 X332.543145 Y806.706551 Z0;
G1 X333.396665 Y805.853041 Z0;
G1 X332.689625 Y805.146001 Z0;
G1 X331.543145 Y806.292491 Z0;
G1 X331.543145 Y808.292491 Z0;
G1 X330.543145 Y809.292491 Z0;
G1 X330.543145 Y810.292491 Z0;
G1 X329.543145 Y811.292491 Z0;
G1 X329.543145 Y812.292491 Z0;
G1 X328.689625 Y813.146001 Z0;
G1 X329.396665 Y813.853041 Z0;
G1 X330.043145 Y813.206551 Z0;
G1 X330.543145 Y813.706551 Z0;
G1 X330.543145 Y814.292491 Z0;
G1 X329.543145 Y815.292491 Z0;
G1 X329.543145 Y816.292491 Z0;
G1 X328.543145 Y817.292491 Z0;
G1 X328.543145 Y818.292491 Z0;
G1 X327.543145 Y819.292491 Z0;
G1 X327.543145 Y820.292491 Z0;
G1 X326.543145 Y821.292491 Z0;
G1 X326.543145 Y823.706551 Z0;
G1 X328.043145 Y822.206551 Z0;
G1 X328.543145 Y822.706551 Z0;
G1 X328.543145 Y823.292491 Z0;
G1 X328.543145 Y824.292491 Z0;
G1 X327.543145 Y825.292491 Z0;
G1 X327.543145 Y826.292491 Z0;
G1 X326.543145 Y827.292491 Z0;
G1 X326.543145 Y829.292491 Z0;
G1 X325.543145 Y830.292491 Z0;
G1 X325.543145 Y831.292491 Z0;
G1 X324.543145 Y832.292491 Z0;
G1 X324.543145 Y833.292491 Z0;
G1 X323.543145 Y834.292491 Z0;
G1 X323.543145 Y835.292491 Z0;
G1 X322.543145 Y836.292491 Z0;
G1 X322.543145 Y837.292491 Z0;
G1 X322.543145 Y838.292491 Z0;
G1 X321.543145 Y839.292491 Z0;
G1 X321.543145 Y842.499521 Z0;
G1 X322.543145 Y842.499521 Z0;
G1 X322.543145 Y839.706551 Z0;
G1 X323.543145 Y838.706551 Z0;
G1 X323.543145 Y837.706551 Z0;
G1 X324.543145 Y836.706551 Z0;
G1 X324.543145 Y835.706551 Z0;
G1 X325.543145 Y834.706551 Z0;
G1 X325.543145 Y833.706551 Z0;
G1 X326.543145 Y832.706551 Z0;
G1 X326.543145 Y831.706551 Z0;
G1 X326.543145 Y830.706551 Z0;
G1 X327.543145 Y829.706551 Z0;
G1 X327.543145 Y827.706551 Z0;
G1 X328.543145 Y826.706551 Z0;
G1 X328.543145 Y825.706551 Z0;
G1 X329.543145 Y824.706551 Z0;
G1 X329.543145 Y823.706551 Z0;
G1 X331.543145 Y821.706551 Z0;
G1 X331.543145 Y820.706551 Z0;
G1 X331.543145 Y819.706551 Z0;
G1 X332.543145 Y818.706551 Z0;
G1 X332.543145 Y817.706551 Z0;
G1 X333.543145 Y816.706551 Z0;
G1 X333.543145 Y815.706551 Z0;
G1 X334.543145 Y814.706551 Z0;
G1 X334.543145 Y813.706551 Z0;
G1 X335.543145 Y812.706551 Z0;
G1 X336.543145 Y811.706551 Z0;
G1 X336.543145 Y810.706551 Z0;
G1 X336.543145 Y809.706551 Z0;
G1 X337.543145 Y808.706551 Z0;
G1 X337.543145 Y807.706551 Z0;
G1 X338.543145 Y806.706551 Z0;
G1 X338.543145 Y805.706551 Z0;
G1 X339.543145 Y804.706551 Z0;
G1 X339.543145 Y803.706551 Z0;
G1 X340.543145 Y802.706551 Z0;
G1 X340.543145 Y801.706551 Z0;
G1 X341.543145 Y800.706551 Z0;
G1 X342.543145 Y799.706551 Z0;
G1 X342.543145 Y798.706551 Z0;
G1 X343.543145 Y797.706551 Z0;
G1 X343.543145 Y796.706551 Z0;
G1 X345.543145 Y794.706551 Z0;
G1 X345.543145 Y793.706551 Z0;
G1 X346.543145 Y792.706551 Z0;
G1 X346.543145 Y791.706551 Z0;
G1 X347.543145 Y790.706551 Z0;
G1 X348.543145 Y789.706551 Z0;
G1 X348.543145 Y788.706551 Z0;
G1 X350.543145 Y786.706551 Z0;
G1 X350.543145 Y785.706551 Z0;
G1 X352.543145 Y783.706551 Z0;
G1 X352.543145 Y782.706551 Z0;
G1 X354.543145 Y780.706551 Z0;
G1 X354.543145 Y779.706551 Z0;
G1 X357.543145 Y776.706551 Z0;
G1 X357.543145 Y775.706551 Z0;
G1 X361.543145 Y771.706551 Z0;
G1 X361.543145 Y770.706551 Z0;
G1 X363.543145 Y768.706551 Z0;
G1 X363.543145 Y767.706551 Z0;
G1 X366.543145 Y764.706551 Z0;
G1 X366.543145 Y763.706551 Z0;
G1 X367.543145 Y762.706551 Z0;
G1 X368.250175 Y761.999521 Z0;
G1 X368.836115 Y761.999521 Z0;
G1 X369.543145 Y762.706551 Z0;
G1 X369.543145 Y763.292491 Z0;
G1 X367.543145 Y765.292491 Z0;
G1 X367.543145 Y766.292491 Z0;
G1 X366.543145 Y767.292491 Z0;
G1 X365.543145 Y768.292491 Z0;
G1 X365.543145 Y769.292491 Z0;
G1 X364.543145 Y770.292491 Z0;
G1 X364.543145 Y771.292491 Z0;
G1 X361.543145 Y774.292491 Z0;
G1 X360.543145 Y775.292491 Z0;
G1 X360.543145 Y776.292491 Z0;
G1 X359.543145 Y777.292491 Z0;
G1 X358.543145 Y778.292491 Z0;
G1 X358.543145 Y779.292491 Z0;
G1 X357.543145 Y780.292491 Z0;
G1 X356.543145 Y781.292491 Z0;
G1 X356.543145 Y782.292491 Z0;
G1 X354.543145 Y784.292491 Z0;
G1 X354.543145 Y785.292491 Z0;
G1 X352.543145 Y787.292491 Z0;
G1 X352.543145 Y788.292491 Z0;
G1 X351.543145 Y789.292491 Z0;
G1 X351.543145 Y790.292491 Z0;
G1 X349.543145 Y792.292491 Z0;
G1 X349.543145 Y793.292491 Z0;
G1 X348.543145 Y794.292491 Z0;
G1 X348.543145 Y795.292491 Z0;
G1 X347.543145 Y796.292491 Z0;
G1 X347.543145 Y797.292491 Z0;
G1 X345.543145 Y799.292491 Z0;
G1 X345.543145 Y800.292491 Z0;
G1 X345.543145 Y801.292491 Z0;
G1 X344.543145 Y802.292491 Z0;
G1 X343.543145 Y803.292491 Z0;
G1 X343.543145 Y804.292491 Z0;
G1 X342.543145 Y805.292491 Z0;
G1 X342.543145 Y806.292491 Z0;
G1 X341.543145 Y807.292491 Z0;
G1 X341.543145 Y808.292491 Z0;
G1 X340.543145 Y809.292491 Z0;
G1 X340.543145 Y810.292491 Z0;
G1 X339.543145 Y811.292491 Z0;
G1 X339.543145 Y812.292491 Z0;
G1 X337.543145 Y814.292491 Z0;
G1 X337.543145 Y815.292491 Z0;
G1 X336.543145 Y816.292491 Z0;
G1 X336.543145 Y817.292491 Z0;
G1 X335.543145 Y818.292491 Z0;
G1 X335.543145 Y819.292491 Z0;
G1 X334.543145 Y820.292491 Z0;
G1 X334.543145 Y821.292491 Z0;
G1 X334.543145 Y822.292491 Z0;
G1 X333.543145 Y823.292491 Z0;
G1 X333.543145 Y824.292491 Z0;
G1 X332.543145 Y825.292491 Z0;
G1 X332.543145 Y826.292491 Z0;
G1 X331.543145 Y827.292491 Z0;
G1 X331.543145 Y828.292491 Z0;
G1 X330.543145 Y829.292491 Z0;
G1 X330.543145 Y830.292491 Z0;
G1 X330.543145 Y831.292491 Z0;
G1 X329.543145 Y832.292491 Z0;
G1 X329.543145 Y834.292491 Z0;
G1 X328.543145 Y835.292491 Z0;
G1 X328.543145 Y836.292491 Z0;
G1 X327.543145 Y837.292491 Z0;
G1 X327.543145 Y838.292491 Z0;
G1 X326.543145 Y839.292491 Z0;
G1 X326.543145 Y840.292491 Z0;
G1 X325.543145 Y841.292491 Z0;
G1 X325.543145 Y842.292491 Z0;
G1 X325.543145 Y843.292491 Z0;
G1 X324.543145 Y844.292491 Z0;
G1 X324.543145 Y845.292491 Z0;
G1 X324.543145 Y847.292491 Z0;
G1 X323.543145 Y848.292491 Z0;
G1 X323.543145 Y852.292491 Z0;
G1 X322.543145 Y853.292491 Z0;
G1 X322.543145 Y855.499521 Z0;
G1 X323.543145 Y855.499521 Z0;
G1 X323.543145 Y853.706551 Z0;
G1 X324.543145 Y852.706551 Z0;
G1 X324.543145 Y848.706551 Z0;
G1 X325.543145 Y847.706551 Z0;
G1 X325.543145 Y845.706551 Z0;
G1 X326.543145 Y844.706551 Z0;
G1 X326.543145 Y843.706551 Z0;
G1 X326.543145 Y842.706551 Z0;
G1 X327.543145 Y841.706551 Z0;
G1 X327.543145 Y840.706551 Z0;
G1 X327.543145 Y839.706551 Z0;
G1 X328.543145 Y838.706551 Z0;
G1 X328.543145 Y837.706551 Z0;
G1 X329.543145 Y836.706551 Z0;
G1 X329.543145 Y835.706551 Z0;
G1 X330.543145 Y834.706551 Z0;
G1 X330.543145 Y832.706551 Z0;
G1 X331.543145 Y831.706551 Z0;
G1 X331.543145 Y830.706551 Z0;
G1 X332.543145 Y829.706551 Z0;
G1 X332.543145 Y828.706551 Z0;
G1 X333.543145 Y827.706551 Z0;
G1 X333.543145 Y826.706551 Z0;
G1 X333.543145 Y825.706551 Z0;
G1 X334.543145 Y824.706551 Z0;
G1 X334.543145 Y823.706551 Z0;
G1 X335.543145 Y822.706551 Z0;
G1 X335.543145 Y821.706551 Z0;
G1 X336.543145 Y820.706551 Z0;
G1 X336.543145 Y819.706551 Z0;
G1 X337.543145 Y818.706551 Z0;
G1 X337.543145 Y817.706551 Z0;
G1 X338.543145 Y816.706551 Z0;
G1 X338.543145 Y815.706551 Z0;
G1 X340.543145 Y813.706551 Z0;
G1 X340.543145 Y812.706551 Z0;
G1 X341.543145 Y811.706551 Z0;
G1 X341.543145 Y810.706551 Z0;
G1 X342.543145 Y809.706551 Z0;
G1 X342.543145 Y808.706551 Z0;
G1 X343.543145 Y807.706551 Z0;
G1 X343.543145 Y806.706551 Z0;
G1 X344.543145 Y805.706551 Z0;
G1 X344.543145 Y804.706551 Z0;
G1 X345.543145 Y803.706551 Z0;
G1 X345.543145 Y802.706551 Z0;
G1 X346.543145 Y801.706551 Z0;
G1 X346.543145 Y800.706551 Z0;
G1 X348.543145 Y798.706551 Z0;
G1 X348.543145 Y797.706551 Z0;
G1 X349.543145 Y796.706551 Z0;
G1 X349.543145 Y795.706551 Z0;
G1 X350.543145 Y794.706551 Z0;
G1 X350.543145 Y793.706551 Z0;
G1 X352.543145 Y791.706551 Z0;
G1 X352.543145 Y790.706551 Z0;
G1 X353.543145 Y789.706551 Z0;
G1 X353.543145 Y788.706551 Z0;
G1 X355.543145 Y786.706551 Z0;
G1 X355.543145 Y785.706551 Z0;
G1 X357.543145 Y783.706551 Z0;
G1 X357.543145 Y782.706551 Z0;
G1 X358.543145 Y781.706551 Z0;
G1 X358.543145 Y780.706551 Z0;
G1 X359.543145 Y779.706551 Z0;
G1 X360.543145 Y778.706551 Z0;
G1 X360.543145 Y777.706551 Z0;
G1 X361.543145 Y776.706551 Z0;
G1 X362.543145 Y775.706551 Z0;
G1 X362.543145 Y774.706551 Z0;
G1 X365.043145 Y772.206551 Z0;
G1 X365.543145 Y772.706551 Z0;
G1 X365.543145 Y773.292491 Z0;
G1 X365.336115 Y773.499521 Z0;
G1 X363.543145 Y775.292491 Z0;
G1 X363.543145 Y776.292491 Z0;
G1 X362.543145 Y777.292491 Z0;
G1 X362.543145 Y778.292491 Z0;
G1 X360.543145 Y780.292491 Z0;
G1 X360.543145 Y781.292491 Z0;
G1 X358.543145 Y783.292491 Z0;
G1 X358.543145 Y784.292491 Z0;
G1 X356.543145 Y786.292491 Z0;
G1 X356.543145 Y787.292491 Z0;
G1 X355.543145 Y788.292491 Z0;
G1 X355.543145 Y789.292491 Z0;
G1 X353.543145 Y791.292491 Z0;
G1 X353.543145 Y792.292491 Z0;
G1 X352.543145 Y793.292491 Z0;
G1 X352.543145 Y794.292491 Z0;
G1 X350.543145 Y796.292491 Z0;
G1 X350.543145 Y797.292491 Z0;
G1 X349.543145 Y798.292491 Z0;
G1 X349.543145 Y799.292491 Z0;
G1 X348.543145 Y800.292491 Z0;
G1 X348.543145 Y801.292491 Z0;
G1 X347.543145 Y802.292491 Z0;
G1 X347.543145 Y803.292491 Z0;
G1 X345.543145 Y805.292491 Z0;
G1 X345.543145 Y806.292491 Z0;
G1 X344.543145 Y807.292491 Z0;
G1 X344.543145 Y808.292491 Z0;
G1 X343.543145 Y809.292491 Z0;
G1 X343.543145 Y810.292491 Z0;
G1 X342.543145 Y811.292491 Z0;
G1 X342.543145 Y812.292491 Z0;
G1 X341.543145 Y813.292491 Z0;
G1 X341.543145 Y814.292491 Z0;
G1 X340.543145 Y815.292491 Z0;
G1 X340.543145 Y816.292491 Z0;
G1 X339.543145 Y817.292491 Z0;
G1 X339.543145 Y818.292491 Z0;
G1 X338.543145 Y819.292491 Z0;
G1 X338.543145 Y820.292491 Z0;
G1 X337.543145 Y821.292491 Z0;
G1 X337.543145 Y822.292491 Z0;
G1 X336.543145 Y823.292491 Z0;
G1 X336.543145 Y824.292491 Z0;
G1 X335.543145 Y825.292491 Z0;
G1 X335.543145 Y826.292491 Z0;
G1 X335.543145 Y827.292491 Z0;
G1 X334.543145 Y828.292491 Z0;
G1 X334.543145 Y829.292491 Z0;
G1 X333.543145 Y830.292491 Z0;
G1 X333.543145 Y831.292491 Z0;
G1 X332.543145 Y832.292491 Z0;
G1 X332.543145 Y833.292491 Z0;
G1 X331.543145 Y834.292491 Z0;
G1 X331.543145 Y835.292491 Z0;
G1 X330.543145 Y836.292491 Z0;
G1 X330.543145 Y837.292491 Z0;
G1 X329.543145 Y838.292491 Z0;
G1 X329.543145 Y839.292491 Z0;
G1 X329.543145 Y840.292491 Z0;
G1 X328.543145 Y841.292491 Z0;
G1 X328.543145 Y843.292491 Z0;
G1 X327.543145 Y844.292491 Z0;
G1 X327.543145 Y846.292491 Z0;
G1 X326.543145 Y847.292491 Z0;
G1 X326.543145 Y849.292491 Z0;
G1 X325.543145 Y850.292491 Z0;
G1 X325.543145 Y851.292491 Z0;
G1 X325.543145 Y856.292491 Z0;
G1 X324.543145 Y857.292491 Z0;
G1 X324.543145 Y862.292491 Z0;
G1 X323.543145 Y863.292491 Z0;
G1 X323.543145 Y872.499521 Z0;
G1 X324.543145 Y872.499521 Z0;
G1 X324.543145 Y863.706551 Z0;
G1 X325.543145 Y862.706551 Z0;
G1 X325.543145 Y857.706551 Z0;
G1 X326.543145 Y856.706551 Z0;
G1 X326.543145 Y851.706551 Z0;
G1 X327.543145 Y850.706551 Z0;
G1 X327.543145 Y849.706551 Z0;
G1 X327.543145 Y847.706551 Z0;
G1 X328.543145 Y846.706551 Z0;
G1 X328.543145 Y844.706551 Z0;
G1 X329.543145 Y843.706551 Z0;
G1 X329.543145 Y841.706551 Z0;
G1 X330.543145 Y840.706551 Z0;
G1 X330.543145 Y839.706551 Z0;
G1 X331.543145 Y838.706551 Z0;
G1 X331.543145 Y837.706551 Z0;
G1 X332.543145 Y836.706551 Z0;
G1 X332.543145 Y835.706551 Z0;
G1 X333.543145 Y834.706551 Z0;
G1 X333.543145 Y833.706551 Z0;
G1 X333.543145 Y832.706551 Z0;
G1 X334.543145 Y831.706551 Z0;
G1 X334.543145 Y830.706551 Z0;
G1 X335.543145 Y829.706551 Z0;
G1 X335.543145 Y828.706551 Z0;
G1 X336.543145 Y827.706551 Z0;
G1 X336.543145 Y826.706551 Z0;
G1 X337.543145 Y825.706551 Z0;
G1 X337.543145 Y824.706551 Z0;
G1 X338.543145 Y823.706551 Z0;
G1 X338.543145 Y822.706551 Z0;
G1 X338.543145 Y821.706551 Z0;
G1 X339.543145 Y820.706551 Z0;
G1 X339.543145 Y819.706551 Z0;
G1 X340.543145 Y818.706551 Z0;
G1 X340.543145 Y817.706551 Z0;
G1 X341.543145 Y816.706551 Z0;
G1 X341.543145 Y815.706551 Z0;
G1 X342.543145 Y814.706551 Z0;
G1 X342.543145 Y813.706551 Z0;
G1 X343.543145 Y812.706551 Z0;
G1 X343.543145 Y811.706551 Z0;
G1 X344.543145 Y810.706551 Z0;
G1 X344.543145 Y809.706551 Z0;
G1 X345.543145 Y808.706551 Z0;
G1 X345.543145 Y807.706551 Z0;
G1 X346.543145 Y806.706551 Z0;
G1 X346.543145 Y805.706551 Z0;
G1 X348.543145 Y803.706551 Z0;
G1 X349.543145 Y802.706551 Z0;
G1 X349.543145 Y801.706551 Z0;
G1 X350.543145 Y800.706551 Z0;
G1 X350.543145 Y799.706551 Z0;
G1 X351.543145 Y798.706551 Z0;
G1 X351.543145 Y797.706551 Z0;
G1 X353.543145 Y795.706551 Z0;
G1 X353.543145 Y794.706551 Z0;
G1 X354.543145 Y793.706551 Z0;
G1 X354.543145 Y792.706551 Z0;
G1 X356.543145 Y790.706551 Z0;
G1 X356.543145 Y789.706551 Z0;
G1 X357.543145 Y788.706551 Z0;
G1 X357.543145 Y787.706551 Z0;
G1 X359.543145 Y785.706551 Z0;
G1 X359.543145 Y784.706551 Z0;
G1 X361.543145 Y782.706551 Z0;
G1 X361.543145 Y781.706551 Z0;
G1 X363.543145 Y779.706551 Z0;
G1 X363.543145 Y778.706551 Z0;
G1 X364.543145 Y777.706551 Z0;
G1 X364.543145 Y776.706551 Z0;
G1 X366.043145 Y775.206551 Z0;
G1 X366.543145 Y775.706551 Z0;
G1 X366.543145 Y776.292491 Z0;
G1 X365.543145 Y777.292491 Z0;
G1 X365.543145 Y778.292491 Z0;
G1 X364.543145 Y779.292491 Z0;
G1 X364.543145 Y780.292491 Z0;
G1 X363.543145 Y781.292491 Z0;
G1 X363.543145 Y782.292491 Z0;
G1 X362.543145 Y783.292491 Z0;
G1 X362.543145 Y785.292491 Z0;
G1 X361.543145 Y786.292491 Z0;
G1 X361.543145 Y788.292491 Z0;
G1 X360.543145 Y789.292491 Z0;
G1 X360.543145 Y791.292491 Z0;
G1 X359.543145 Y792.292491 Z0;
G1 X359.543145 Y797.292491 Z0;
G1 X358.543145 Y798.292491 Z0;
G1 X358.543145 Y813.706551 Z0;
G1 X359.689625 Y814.853041 Z0;
G1 X360.396665 Y814.146001 Z0;
G1 X359.543145 Y813.292491 Z0;
G1 X359.543145 Y798.706551 Z0;
G1 X360.543145 Y797.706551 Z0;
G1 X360.543145 Y792.706551 Z0;
G1 X361.543145 Y791.706551 Z0;
G1 X361.543145 Y789.706551 Z0;
G1 X362.543145 Y788.706551 Z0;
G1 X362.543145 Y786.706551 Z0;
G1 X363.543145 Y785.706551 Z0;
G1 X363.543145 Y783.706551 Z0;
G1 X364.543145 Y782.706551 Z0;
G1 X364.543145 Y781.706551 Z0;
G1 X365.543145 Y780.706551 Z0;
G1 X365.543145 Y779.706551 Z0;
G1 X366.543145 Y778.706551 Z0;
G1 X366.543145 Y777.706551 Z0;
G1 X367.543145 Y776.706551 Z0;
G1 X367.543145 Y775.706551 Z0;
G1 X369.250175 Y773.999521 Z0;
G1 X367.250175 Y773.999521 Z0;
G1 X366.750175 Y773.499521 Z0;
G1 X368.543145 Y771.706551 Z0;
G1 X368.543145 Y770.706551 Z0;
G1 X369.543145 Y769.706551 Z0;
G1 X370.543145 Y768.706551 Z0;
G1 X370.543145 Y767.706551 Z0;
G1 X371.396665 Y766.853041 Z0;
G1 X370.689625 Y766.146001 Z0;
G1 X369.543145 Y767.292491 Z0;
G1 X368.543145 Y768.292491 Z0;
G1 X368.543145 Y769.292491 Z0;
G1 X367.543145 Y770.292491 Z0;
G1 X366.043145 Y771.792491 Z0;
G1 X365.543145 Y771.292491 Z0;
G1 X365.543145 Y770.706551 Z0;
G1 X366.543145 Y769.706551 Z0;
G1 X367.543145 Y768.706551 Z0;
G1 X367.543145 Y767.706551 Z0;
G1 X368.543145 Y766.706551 Z0;
G1 X370.543145 Y764.706551 Z0;
G1 X370.543145 Y763.706551 Z0;
G1 X370.543145 Y762.292491 Z0;
G1 X370.543145 Y760.999521 Z0;
G1 X369.250175 Y760.999521 Z0;
G1 X367.836115 Y760.999521 Z0;
G1 X366.543145 Y760.999521 Z0;
G1 X366.543145 Y762.292491 Z0;
G1 X365.543145 Y763.292491 Z0;
G1 X362.543145 Y766.292491 Z0;
G1 X362.543145 Y767.292491 Z0;
G1 X360.543145 Y769.292491 Z0;
G1 X360.543145 Y770.292491 Z0;
G1 X356.543145 Y774.292491 Z0;
G1 X356.543145 Y775.292491 Z0;
G1 X353.543145 Y778.292491 Z0;
G1 X353.543145 Y779.292491 Z0;
G1 X352.043145 Y780.792491 Z0;
G1 X351.543145 Y780.292491 Z0;
G1 X351.543145 Y779.706551 Z0;
G1 X352.543145 Y778.706551 Z0;
G1 X352.543145 Y777.706551 Z0;
G1 X355.543145 Y774.706551 Z0;
G1 X355.543145 Y773.499521 Z0;
G1 X354.543145 Y773.499521 Z0;
G1 X354.543145 Y774.292491 Z0;
G1 X351.543145 Y777.292491 Z0;
G1 X351.543145 Y778.292491 Z0;
G1 X350.543145 Y779.292491 Z0;
G1 X350.543145 Y780.706551 Z0;
G1 X351.543145 Y781.706551 Z0;
G1 X351.543145 Y782.292491 Z0;
G1 X349.543145 Y784.292491 Z0;
G1 X349.543145 Y785.292491 Z0;
G1 X347.543145 Y787.292491 Z0;
G1 X347.543145 Y788.292491 Z0;
G1 X346.543145 Y789.292491 Z0;
G1 X346.543145 Y790.292491 Z0;
G1 X345.543145 Y791.292491 Z0;
G1 X344.543145 Y792.292491 Z0;
G1 X344.543145 Y793.292491 Z0;
G1 X343.043145 Y794.792491 Z0;
G1 X342.543145 Y794.292491 Z0;
G1 X342.543145 Y792.706551 Z0;
G1 X344.543145 Y790.706551 Z0;
G1 X344.543145 Y789.706551 Z0;
G1 X345.396665 Y788.853041 Z0;
G1 X344.689625 Y788.146001 Z0;
G1 X343.543145 Y789.292491 Z0;
G1 X343.543145 Y790.292491 Z0;
G1 X341.543145 Y792.292491 Z0;
G1 X341.543145 Y794.292491 Z0;
G1 X339.689625 Y796.146001 Z0;
G1 X340.396665 Y796.853041 Z0;
G1 X342.043145 Y795.206551 Z0;
G1 X342.543145 Y795.706551 Z0;
G1 X342.543145 Y796.292491 Z0;
G1 X341.543145 Y797.292491 Z0;
G1 X341.543145 Y798.292491 Z0;
G1 X340.543145 Y799.292491 Z0;
G1 X340.543145 Y800.292491 Z0;
G1 X339.543145 Y801.292491 Z0;
G1 X339.543145 Y802.292491 Z0;
G1 X338.543145 Y803.292491 Z0;
G1 X338.543145 Y804.292491 Z0;
G1 X337.543145 Y805.292491 Z0;
G1 X337.543145 Y806.292491 Z0;
G1 X336.543145 Y807.292491 Z0;
G1 X336.543145 Y808.292491 Z0;
G1 X335.543145 Y809.292491 Z0;
G1 X335.543145 Y810.292491 Z0;
G1 X334.543145 Y811.292491 Z0;
G1 X334.543145 Y812.292491 Z0;
G1 X333.543145 Y813.292491 Z0;
G1 X333.543145 Y814.292491 Z0;
G1 X332.543145 Y815.292491 Z0;
G1 X332.543145 Y816.292491 Z0;
G1 X331.543145 Y817.292491 Z0;
G1 X331.543145 Y818.292491 Z0;
G1 X330.543145 Y819.292491 Z0;
G1 X330.543145 Y820.292491 Z0;
G1 X329.043145 Y821.792491 Z0;
G1 X328.543145 Y821.292491 Z0;
G1 X328.543145 Y820.706551 Z0;
G1 X329.543145 Y819.706551 Z0;
G1 X329.543145 Y818.706551 Z0;
G1 X330.543145 Y817.706551 Z0;
G1 X330.543145 Y816.706551 Z0;
G1 X331.543145 Y815.706551 Z0;
G1 X331.543145 Y814.706551 Z0;
G1 X332.543145 Y813.706551 Z0;
G1 X332.543145 Y812.706551 Z0;
G1 X333.543145 Y811.706551 Z0;
G1 X333.543145 Y810.706551 Z0;
G1 X334.543145 Y809.706551 Z0;
G1 X334.543145 Y808.706551 Z0;
G1 X335.543145 Y807.706551 Z0;
G1 X335.543145 Y806.706551 Z0;
G1 X336.543145 Y805.706551 Z0;
G1 X336.543145 Y804.706551 Z0;
G1 X337.543145 Y803.706551 Z0;
G1 X337.543145 Y802.706551 Z0;
G1 X338.543145 Y801.706551 Z0;
G1 X338.543145 Y799.292491 Z0;
G1 X336.543145 Y801.292491 Z0;
G1 X336.543145 Y802.292491 Z0;
G1 X336.043145 Y802.792491 Z0;
G1 X335.043145 Y801.792491 Z0;
G1 X334.043145 Y802.792491 Z0;
G1 X333.543145 Y802.292491 Z0;
G1 X333.543145 Y801.706551 Z0;
G1 X335.543145 Y799.706551 Z0;
G1 X335.543145 Y798.706551 Z0;
G1 X336.543145 Y797.706551 Z0;
G1 X336.543145 Y796.706551 Z0;
G1 X338.543145 Y794.706551 Z0;
G1 X338.543145 Y793.706551 Z0;
G1 X339.543145 Y792.706551 Z0;
G1 X339.543145 Y791.706551 Z0;
G1 X341.543145 Y789.706551 Z0;
G1 X341.543145 Y788.706551 Z0;
G1 X343.543145 Y786.706551 Z0;
G1 X343.543145 Y785.706551 Z0;
G1 X344.543145 Y784.706551 Z0;
G1 X346.543145 Y782.706551 Z0;
G1 X346.543145 Y781.706551 Z0;
G1 X348.543145 Y779.706551 Z0;
G1 X348.543145 Y778.706551 Z0;
G1 X351.543145 Y775.706551 Z0;
G1 X351.543145 Y774.706551 Z0;
G1 X352.250175 Y773.999521 Z0;
G1 X354.750175 Y771.499521 Z0;
G1 X353.543145 Y770.292491 Z0;
G1 X353.543145 Y769.292491 Z0;
G1 X353.543145 Y768.292491 Z0;
G1 X352.543145 Y767.292491 Z0;
G1 X352.543145 Y766.706551 Z0;
G1 X352.750175 Y766.499521 Z0;
G1 X352.543145 Y766.292491 Z0;
G1 X350.750175 Y764.499521 Z0;
G1 X351.543145 Y763.706551 Z0;
G1 X351.543145 Y762.706551 Z0;
G1 X352.543145 Y761.706551 Z0;
G1 X353.250175 Y760.999521 Z0;
G1 X355.396665 Y758.853041 Z0;
G1 X354.689625 Y758.146001 Z0;
G1 X352.836115 Y759.999521 Z0;
G1 X352.250175 Y759.999521 Z0;
G1 X351.750175 Y759.499521 Z0;
G1 X352.250175 Y758.999521 Z0;
G1 X354.250175 Y756.999521 Z0;
G1 X355.250175 Y756.999521 Z0;
G1 X357.250175 Y754.999521 Z0;
G1 X358.543145 Y754.999521 Z0;
G1 X358.543145 Y753.706551 Z0;
G1 X359.543145 Y752.706551 Z0;
G1 X359.543145 Y751.706551 Z0;
G1 X359.543145 Y750.706551 Z0;
G1 X362.250175 Y747.999521 Z0;
G1 X363.250175 Y747.999521 Z0;
G1 X364.250175 Y746.999521 Z0;
G1 X365.250175 Y746.999521 Z0;
G1 X366.250175 Y745.999521 Z0;
G1 X367.043145 Y745.999521 Z0;
G1 X367.250175 Y745.999521 Z0;
G1 X368.396665 Y744.853041 Z0;
G1 X367.689625 Y744.146001 Z0;
G0 X367.689625 Y744.146001 Z1;
;path#polyline18_2
G0 X332.043145 Y809.206551 Z1;
G1 X332.836115 Y809.999521 Z0;
G1 X332.543145 Y810.292491 Z0;
G1 X332.543145 Y811.292491 Z0;
G1 X331.543145 Y812.292491 Z0;
G1 X331.543145 Y813.292491 Z0;
G1 X330.543145 Y812.292491 Z0;
G1 X330.543145 Y811.706551 Z0;
G1 X331.543145 Y810.706551 Z0;
G1 X331.543145 Y809.706551 Z0;
G1 X332.043145 Y809.206551 Z0;
G0 X332.043145 Y809.206551 Z1;
;path#polyline19
G0 X384.689625 Y742.146001 Z1;
G1 X383.836115 Y742.999521 Z0;
G1 X382.543145 Y742.999521 Z0;
G1 X382.543145 Y744.292491 Z0;
G1 X380.543145 Y746.292491 Z0;
G1 X380.543145 Y748.706551 Z0;
G1 X383.543145 Y745.706551 Z0;
G1 X383.543145 Y744.706551 Z0;
G1 X384.250175 Y743.999521 Z0;
G1 X386.043145 Y743.999521 Z0;
G1 X386.043145 Y742.999521 Z0;
G1 X385.250175 Y742.999521 Z0;
G1 X385.396665 Y742.853041 Z0;
G1 X384.689625 Y742.146001 Z0;
G0 X384.689625 Y742.146001 Z1;
;path#polyline20
G0 X376.543145 Y740.499521 Z1;
G1 X376.543145 Y741.706551 Z0;
G1 X377.336115 Y742.499521 Z0;
G1 X376.043145 Y743.792491 Z0;
G1 X375.043145 Y742.792491 Z0;
G1 X373.543145 Y744.292491 Z0;
G1 X373.543145 Y745.292491 Z0;
G1 X372.543145 Y746.292491 Z0;
G1 X372.043145 Y746.792491 Z0;
G1 X371.250175 Y745.999521 Z0;
G1 X370.043145 Y744.792491 Z0;
G1 X367.836115 Y746.999521 Z0;
G1 X370.836115 Y746.999521 Z0;
G1 X371.336115 Y747.499521 Z0;
G1 X370.543145 Y748.292491 Z0;
G1 X370.543145 Y749.499521 Z0;
G1 X371.543145 Y749.499521 Z0;
G1 X371.543145 Y748.706551 Z0;
G1 X372.043145 Y748.206551 Z0;
G1 X372.250175 Y747.999521 Z0;
G1 X373.543145 Y747.999521 Z0;
G1 X373.543145 Y746.706551 Z0;
G1 X374.543145 Y745.706551 Z0;
G1 X375.250175 Y744.999521 Z0;
G1 X375.836115 Y744.999521 Z0;
G1 X376.043145 Y745.206551 Z0;
G1 X376.250175 Y744.999521 Z0;
G1 X378.043145 Y743.206551 Z0;
G1 X378.836115 Y743.999521 Z0;
G1 X380.043145 Y743.999521 Z0;
G1 X380.043145 Y742.999521 Z0;
G1 X379.250175 Y742.999521 Z0;
G1 X378.750175 Y742.499521 Z0;
G1 X378.543145 Y742.292491 Z0;
G1 X378.543145 Y741.499521 Z0;
G1 X377.750175 Y741.499521 Z0;
G1 X377.543145 Y741.292491 Z0;
G1 X377.543145 Y740.499521 Z0;
G1 X376.543145 Y740.499521 Z0;
G0 X376.543145 Y740.499521 Z1;
;path#polyline21
G0 X359.543145 Y736.499521 Z1;
G1 X359.543145 Y737.292491 Z0;
G1 X358.836115 Y737.999521 Z0;
G1 X358.043145 Y738.792491 Z0;
G1 X357.396665 Y738.146001 Z0;
G1 X356.689625 Y738.853041 Z0;
G1 X357.543145 Y739.706551 Z0;
G1 X357.543145 Y740.706551 Z0;
G1 X357.543145 Y742.292491 Z0;
G1 X355.836115 Y743.999521 Z0;
G1 X354.836115 Y743.999521 Z0;
G1 X352.836115 Y745.999521 Z0;
G1 X351.836115 Y745.999521 Z0;
G1 X349.836115 Y747.999521 Z0;
G1 X348.836115 Y747.999521 Z0;
G1 X347.836115 Y748.999521 Z0;
G1 X346.836115 Y749.999521 Z0;
G1 X346.250175 Y749.999521 Z0;
G1 X345.396665 Y749.146001 Z0;
G1 X344.689625 Y749.853041 Z0;
G1 X345.336115 Y750.499521 Z0;
G1 X344.836115 Y750.999521 Z0;
G1 X343.836115 Y750.999521 Z0;
G1 X341.836115 Y752.999521 Z0;
G1 X340.836115 Y752.999521 Z0;
G1 X339.836115 Y752.999521 Z0;
G1 X338.543145 Y754.292491 Z0;
G1 X338.543145 Y756.706551 Z0;
G1 X341.250175 Y753.999521 Z0;
G1 X342.250175 Y753.999521 Z0;
G1 X343.250175 Y753.999521 Z0;
G1 X345.250175 Y751.999521 Z0;
G1 X346.250175 Y750.999521 Z0;
G1 X347.250175 Y750.999521 Z0;
G1 X348.250175 Y749.999521 Z0;
G1 X349.250175 Y749.999521 Z0;
G1 X350.250175 Y748.999521 Z0;
G1 X351.250175 Y748.999521 Z0;
G1 X353.250175 Y746.999521 Z0;
G1 X354.250175 Y746.999521 Z0;
G1 X356.250175 Y744.999521 Z0;
G1 X357.250175 Y744.999521 Z0;
G1 X358.543145 Y743.706551 Z0;
G1 X358.543145 Y742.706551 Z0;
G1 X359.750175 Y741.499521 Z0;
G1 X358.543145 Y740.292491 Z0;
G1 X358.543145 Y739.706551 Z0;
G1 X359.250175 Y738.999521 Z0;
G1 X360.250175 Y738.999521 Z0;
G1 X361.250175 Y737.999521 Z0;
G1 X361.836115 Y737.999521 Z0;
G1 X362.836115 Y738.999521 Z0;
G1 X363.836115 Y738.999521 Z0;
G1 X364.836115 Y739.999521 Z0;
G1 X365.836115 Y739.999521 Z0;
G1 X366.836115 Y740.999521 Z0;
G1 X367.836115 Y740.999521 Z0;
G1 X370.836115 Y740.999521 Z0;
G1 X371.336115 Y741.499521 Z0;
G1 X372.043145 Y742.206551 Z0;
G1 X372.689625 Y742.853041 Z0;
G1 X373.396665 Y742.146001 Z0;
G1 X372.750175 Y741.499521 Z0;
G1 X374.250175 Y739.999521 Z0;
G1 X375.250175 Y739.999521 Z0;
G1 X376.250175 Y738.999521 Z0;
G1 X377.250175 Y738.999521 Z0;
G1 X378.250175 Y737.999521 Z0;
G1 X378.836115 Y737.999521 Z0;
G1 X379.836115 Y738.999521 Z0;
G1 X381.543145 Y740.706551 Z0;
G1 X382.689625 Y741.853041 Z0;
G1 X383.396665 Y741.146001 Z0;
G1 X382.543145 Y740.292491 Z0;
G1 X382.543145 Y739.292491 Z0;
G1 X381.250175 Y737.999521 Z0;
G1 X380.250175 Y737.999521 Z0;
G1 X379.250175 Y736.999521 Z0;
G1 X377.836115 Y736.999521 Z0;
G1 X376.836115 Y737.999521 Z0;
G1 X375.836115 Y737.999521 Z0;
G1 X374.836115 Y737.999521 Z0;
G1 X373.836115 Y738.999521 Z0;
G1 X372.043145 Y740.792491 Z0;
G1 X371.250175 Y739.999521 Z0;
G1 X368.250175 Y739.999521 Z0;
G1 X367.250175 Y738.999521 Z0;
G1 X366.250175 Y738.999521 Z0;
G1 X365.250175 Y737.999521 Z0;
G1 X364.250175 Y737.999521 Z0;
G1 X363.250175 Y736.999521 Z0;
G1 X362.250175 Y736.999521 Z0;
G1 X361.043145 Y736.999521 Z0;
G1 X360.836115 Y736.999521 Z0;
G1 X360.543145 Y737.292491 Z0;
G1 X360.543145 Y736.499521 Z0;
G1 X359.543145 Y736.499521 Z0;
G0 X359.543145 Y736.499521 Z1;
;path#polyline22
G0 X476.543145 Y732.499521 Z1;
G1 X476.543145 Y733.706551 Z0;
G1 X476.689625 Y733.853041 Z0;
G1 X477.543145 Y734.706551 Z0;
G1 X477.543145 Y736.706551 Z0;
G1 X478.336115 Y737.499521 Z0;
G1 X479.043145 Y738.206551 Z0;
G1 X479.336115 Y738.499521 Z0;
G1 X478.689625 Y739.146001 Z0;
G1 X479.396665 Y739.853041 Z0;
G1 X480.750175 Y738.499521 Z0;
G1 X479.750175 Y737.499521 Z0;
G1 X480.543145 Y736.706551 Z0;
G1 X480.543145 Y735.706551 Z0;
G1 X481.043145 Y735.206551 Z0;
G1 X481.543145 Y735.706551 Z0;
G1 X481.543145 Y736.706551 Z0;
G1 X482.543145 Y737.706551 Z0;
G1 X482.543145 Y738.292491 Z0;
G1 X481.689625 Y739.146001 Z0;
G1 X482.396665 Y739.853041 Z0;
G1 X483.043145 Y739.206551 Z0;
G1 X492.543145 Y748.706551 Z0;
G1 X492.543145 Y746.292491 Z0;
G1 X483.543145 Y737.292491 Z0;
G1 X483.543145 Y736.292491 Z0;
G1 X482.543145 Y735.292491 Z0;
G1 X481.043145 Y733.792491 Z0;
G1 X479.543145 Y735.292491 Z0;
G1 X479.543145 Y736.292491 Z0;
G1 X479.043145 Y736.792491 Z0;
G1 X478.543145 Y736.292491 Z0;
G1 X478.543145 Y734.292491 Z0;
G1 X477.543145 Y733.292491 Z0;
G1 X477.543145 Y732.499521 Z0;
G1 X476.543145 Y732.499521 Z0;
G0 X476.543145 Y732.499521 Z1;
;path#polyline23
G0 X475.543145 Y718.499521 Z1;
G1 X475.543145 Y719.292491 Z0;
G1 X474.836115 Y719.999521 Z0;
G1 X473.836115 Y720.999521 Z0;
G1 X472.836115 Y720.999521 Z0;
G1 X471.836115 Y721.999521 Z0;
G1 X470.836115 Y721.999521 Z0;
G1 X469.543145 Y723.292491 Z0;
G1 X469.543145 Y724.292491 Z0;
G1 X469.336115 Y724.499521 Z0;
G1 X469.543145 Y724.706551 Z0;
G1 X470.336115 Y725.499521 Z0;
G1 X469.543145 Y726.292491 Z0;
G1 X469.543145 Y727.292491 Z0;
G1 X469.336115 Y727.499521 Z0;
G1 X468.836115 Y727.999521 Z0;
G1 X468.043145 Y727.999521 Z0;
G1 X468.043145 Y728.999521 Z0;
G1 X469.250175 Y728.999521 Z0;
G1 X470.043145 Y728.206551 Z0;
G1 X470.543145 Y728.706551 Z0;
G1 X470.543145 Y729.292491 Z0;
G1 X468.543145 Y731.292491 Z0;
G1 X468.543145 Y732.292491 Z0;
G1 X468.543145 Y734.706551 Z0;
G1 X468.543145 Y735.292491 Z0;
G1 X467.543145 Y736.292491 Z0;
G1 X467.543145 Y737.292491 Z0;
G1 X465.836115 Y738.999521 Z0;
G1 X464.836115 Y738.999521 Z0;
G1 X460.836115 Y742.999521 Z0;
G1 X463.250175 Y742.999521 Z0;
G1 X466.250175 Y739.999521 Z0;
G1 X467.250175 Y739.999521 Z0;
G1 X468.543145 Y738.706551 Z0;
G1 X468.543145 Y737.706551 Z0;
G1 X470.750175 Y735.499521 Z0;
G1 X469.543145 Y734.292491 Z0;
G1 X469.543145 Y732.706551 Z0;
G1 X472.250175 Y729.999521 Z0;
G1 X475.250175 Y729.999521 Z0;
G1 X476.043145 Y729.206551 Z0;
G1 X476.836115 Y729.999521 Z0;
G1 X477.836115 Y729.999521 Z0;
G1 X478.836115 Y730.999521 Z0;
G1 X479.836115 Y730.999521 Z0;
G1 X480.836115 Y730.999521 Z0;
G1 X485.836115 Y735.999521 Z0;
G1 X486.836115 Y735.999521 Z0;
G1 X491.336115 Y740.499521 Z0;
G1 X490.543145 Y741.292491 Z0;
G1 X490.543145 Y742.706551 Z0;
G1 X493.543145 Y745.706551 Z0;
G1 X493.543145 Y746.999521 Z0;
G1 X496.250175 Y746.999521 Z0;
G1 X494.543145 Y745.292491 Z0;
G1 X491.543145 Y742.292491 Z0;
G1 X491.543145 Y741.706551 Z0;
G1 X492.543145 Y740.706551 Z0;
G1 X492.750175 Y740.499521 Z0;
G1 X492.543145 Y740.292491 Z0;
G1 X492.543145 Y739.292491 Z0;
G1 X488.250175 Y734.999521 Z0;
G1 X487.250175 Y734.999521 Z0;
G1 X482.250175 Y729.999521 Z0;
G1 X481.250175 Y729.999521 Z0;
G1 X480.250175 Y729.999521 Z0;
G1 X479.250175 Y728.999521 Z0;
G1 X478.250175 Y728.999521 Z0;
G1 X477.250175 Y728.999521 Z0;
G1 X476.543145 Y728.292491 Z0;
G1 X476.543145 Y726.706551 Z0;
G1 X477.543145 Y725.706551 Z0;
G1 X477.543145 Y723.292491 Z0;
G1 X475.543145 Y725.292491 Z0;
G1 X475.543145 Y726.292491 Z0;
G1 X475.543145 Y728.292491 Z0;
G1 X474.836115 Y728.999521 Z0;
G1 X472.250175 Y728.999521 Z0;
G1 X471.543145 Y728.292491 Z0;
G1 X470.750175 Y727.499521 Z0;
G1 X471.250175 Y726.999521 Z0;
G1 X472.250175 Y726.999521 Z0;
G1 X474.250175 Y724.999521 Z0;
G1 X471.250175 Y724.999521 Z0;
G1 X470.750175 Y724.499521 Z0;
G1 X472.250175 Y722.999521 Z0;
G1 X473.250175 Y722.999521 Z0;
G1 X474.250175 Y721.999521 Z0;
G1 X475.250175 Y720.999521 Z0;
G1 X476.043145 Y720.999521 Z0;
G1 X476.043145 Y720.206551 Z0;
G1 X476.543145 Y719.706551 Z0;
G1 X476.543145 Y718.499521 Z0;
G1 X475.543145 Y718.499521 Z0;
G0 X475.543145 Y718.499521 Z1;
;path#polyline25
G0 X439.543145 Y713.499521 Z1;
G1 X439.543145 Y716.292491 Z0;
G1 X438.543145 Y717.292491 Z0;
G1 X438.543145 Y720.292491 Z0;
G1 X437.543145 Y721.292491 Z0;
G1 X437.543145 Y724.292491 Z0;
G1 X436.543145 Y725.292491 Z0;
G1 X436.543145 Y728.292491 Z0;
G1 X434.836115 Y729.999521 Z0;
G1 X433.836115 Y729.999521 Z0;
G1 X432.836115 Y730.999521 Z0;
G1 X431.836115 Y730.999521 Z0;
G1 X429.836115 Y732.999521 Z0;
G1 X424.836115 Y732.999521 Z0;
G1 X423.836115 Y733.999521 Z0;
G1 X423.250175 Y733.999521 Z0;
G1 X422.250175 Y732.999521 Z0;
G1 X420.250175 Y732.999521 Z0;
G1 X419.250175 Y731.999521 Z0;
G1 X415.250175 Y731.999521 Z0;
G1 X414.250175 Y730.999521 Z0;
G1 X408.250175 Y730.999521 Z0;
G1 X407.250175 Y729.999521 Z0;
G1 X406.043145 Y729.999521 Z0;
G1 X406.043145 Y730.999521 Z0;
G1 X406.836115 Y730.999521 Z0;
G1 X407.836115 Y731.999521 Z0;
G1 X413.836115 Y731.999521 Z0;
G1 X414.836115 Y732.999521 Z0;
G1 X418.836115 Y732.999521 Z0;
G1 X419.836115 Y733.999521 Z0;
G1 X421.836115 Y733.999521 Z0;
G1 X422.836115 Y734.999521 Z0;
G1 X424.250175 Y734.999521 Z0;
G1 X425.250175 Y733.999521 Z0;
G1 X430.250175 Y733.999521 Z0;
G1 X432.250175 Y731.999521 Z0;
G1 X433.250175 Y731.999521 Z0;
G1 X434.250175 Y730.999521 Z0;
G1 X435.250175 Y730.999521 Z0;
G1 X437.543145 Y728.706551 Z0;
G1 X437.543145 Y725.706551 Z0;
G1 X438.543145 Y724.706551 Z0;
G1 X438.543145 Y721.706551 Z0;
G1 X439.543145 Y720.706551 Z0;
G1 X439.543145 Y717.706551 Z0;
G1 X440.396665 Y716.853041 Z0;
G1 X440.543145 Y716.706551 Z0;
G1 X440.543145 Y713.499521 Z0;
G1 X439.543145 Y713.499521 Z0;
G0 X439.543145 Y713.499521 Z1;
;path#polyline26
G0 X436.689625 Y706.146001 Z1;
G1 X434.543145 Y708.292491 Z0;
G1 X434.543145 Y709.292491 Z0;
G1 X433.543145 Y710.292491 Z0;
G1 X433.543145 Y711.292491 Z0;
G1 X432.543145 Y712.292491 Z0;
G1 X432.543145 Y713.292491 Z0;
G1 X432.543145 Y715.292491 Z0;
G1 X431.543145 Y716.292491 Z0;
G1 X431.543145 Y718.706551 Z0;
G1 X431.543145 Y719.706551 Z0;
G1 X433.543145 Y721.706551 Z0;
G1 X433.543145 Y722.292491 Z0;
G1 X430.836115 Y724.999521 Z0;
G1 X430.250175 Y724.999521 Z0;
G1 X428.250175 Y722.999521 Z0;
G1 X427.250175 Y722.999521 Z0;
G1 X425.543145 Y721.292491 Z0;
G1 X425.543145 Y723.999521 Z0;
G1 X426.836115 Y723.999521 Z0;
G1 X428.836115 Y725.999521 Z0;
G1 X429.836115 Y725.999521 Z0;
G1 X431.250175 Y725.999521 Z0;
G1 X432.250175 Y725.999521 Z0;
G1 X434.543145 Y723.706551 Z0;
G1 X434.543145 Y722.706551 Z0;
G1 X434.543145 Y721.292491 Z0;
G1 X434.543145 Y720.292491 Z0;
G1 X432.543145 Y718.292491 Z0;
G1 X432.543145 Y716.706551 Z0;
G1 X433.543145 Y715.706551 Z0;
G1 X433.543145 Y713.706551 Z0;
G1 X434.543145 Y712.706551 Z0;
G1 X434.543145 Y711.706551 Z0;
G1 X435.543145 Y710.706551 Z0;
G1 X435.543145 Y709.706551 Z0;
G1 X437.396665 Y707.853041 Z0;
G1 X436.896665 Y707.353041 Z0;
G1 X437.396665 Y706.853041 Z0;
G1 X436.689625 Y706.146001 Z0;
G0 X436.689625 Y706.146001 Z1;
;path#polyline27
G0 X530.836115 Y692.999521 Z1;
G1 X530.689625 Y693.146001 Z0;
G1 X529.836115 Y693.999521 Z0;
G1 X521.836115 Y693.999521 Z0;
G1 X520.543145 Y693.999521 Z0;
G1 X520.543145 Y695.292491 Z0;
G1 X520.336115 Y695.499521 Z0;
G1 X520.543145 Y695.706551 Z0;
G1 X520.543145 Y696.706551 Z0;
G1 X521.836115 Y697.999521 Z0;
G1 X522.836115 Y697.999521 Z0;
G1 X524.836115 Y699.999521 Z0;
G1 X525.836115 Y699.999521 Z0;
G1 X526.836115 Y700.999521 Z0;
G1 X527.836115 Y700.999521 Z0;
G1 X528.836115 Y701.999521 Z0;
G1 X532.250175 Y701.999521 Z0;
G1 X533.250175 Y701.999521 Z0;
G1 X535.250175 Y699.999521 Z0;
G1 X536.250175 Y699.999521 Z0;
G1 X537.250175 Y698.999521 Z0;
G1 X538.043145 Y698.999521 Z0;
G1 X538.043145 Y697.999521 Z0;
G1 X536.836115 Y697.999521 Z0;
G1 X535.836115 Y697.999521 Z0;
G1 X534.836115 Y698.999521 Z0;
G1 X533.836115 Y698.999521 Z0;
G1 X531.836115 Y700.999521 Z0;
G1 X529.250175 Y700.999521 Z0;
G1 X528.250175 Y699.999521 Z0;
G1 X527.250175 Y698.999521 Z0;
G1 X526.250175 Y698.999521 Z0;
G1 X524.250175 Y696.999521 Z0;
G1 X523.250175 Y696.999521 Z0;
G1 X521.750175 Y695.499521 Z0;
G1 X522.250175 Y694.999521 Z0;
G1 X530.250175 Y694.999521 Z0;
G1 X531.250175 Y693.999521 Z0;
G1 X532.043145 Y693.999521 Z0;
G1 X532.043145 Y692.999521 Z0;
G1 X530.836115 Y692.999521 Z0;
G0 X530.836115 Y692.999521 Z1;
;path#polyline28_1
G0 X268.836115 Y689.999521 Z1;
G1 X268.689625 Y690.146001 Z0;
G1 X266.836115 Y691.999521 Z0;
G1 X265.836115 Y691.999521 Z0;
G1 X261.836115 Y695.999521 Z0;
G1 X260.836115 Y695.999521 Z0;
G1 X259.836115 Y696.999521 Z0;
G1 X257.836115 Y696.999521 Z0;
G1 X255.836115 Y698.999521 Z0;
G1 X257.836115 Y698.999521 Z0;
G1 X258.836115 Y699.999521 Z0;
G1 X259.836115 Y699.999521 Z0;
G1 X261.836115 Y701.999521 Z0;
G1 X262.836115 Y701.999521 Z0;
G1 X264.543145 Y703.706551 Z0;
G1 X264.543145 Y704.499521 Z0;
G1 X265.543145 Y704.499521 Z0;
G1 X265.543145 Y703.706551 Z0;
G1 X267.250175 Y701.999521 Z0;
G1 X265.250175 Y701.999521 Z0;
G1 X264.250175 Y700.999521 Z0;
G1 X263.250175 Y700.999521 Z0;
G1 X261.543145 Y699.292491 Z0;
G1 X261.543145 Y697.706551 Z0;
G1 X262.250175 Y696.999521 Z0;
G1 X263.250175 Y696.999521 Z0;
G1 X267.250175 Y692.999521 Z0;
G1 X269.250175 Y690.999521 Z0;
G1 X270.043145 Y690.999521 Z0;
G1 X270.043145 Y689.999521 Z0;
G1 X268.836115 Y689.999521 Z0;
G0 X268.836115 Y689.999521 Z1;
;path#polyline28_2
G0 X260.543145 Y697.706551 Z1;
G1 X260.543145 Y699.292491 Z0;
G1 X260.250175 Y698.999521 Z0;
G1 X259.250175 Y698.999521 Z0;
G1 X258.250175 Y697.999521 Z0;
G1 X260.250175 Y697.999521 Z0;
G1 X260.543145 Y697.706551 Z0;
G0 X260.543145 Y697.706551 Z1;
;path#polyline29
G0 X437.543145 Y686.499521 Z1;
G1 X437.543145 Y687.706551 Z0;
G1 X438.836115 Y688.999521 Z0;
G1 X439.836115 Y688.999521 Z0;
G1 X440.543145 Y689.706551 Z0;
G1 X440.543145 Y691.706551 Z0;
G1 X441.543145 Y692.706551 Z0;
G1 X441.543145 Y697.292491 Z0;
G1 X440.543145 Y698.292491 Z0;
G1 X440.543145 Y699.292491 Z0;
G1 X439.543145 Y700.292491 Z0;
G1 X439.543145 Y701.292491 Z0;
G1 X439.543145 Y702.706551 Z0;
G1 X440.543145 Y703.706551 Z0;
G1 X440.543145 Y706.292491 Z0;
G1 X439.543145 Y707.292491 Z0;
G1 X439.543145 Y709.292491 Z0;
G1 X438.543145 Y710.292491 Z0;
G1 X438.543145 Y711.292491 Z0;
G1 X437.689625 Y712.146001 Z0;
G1 X438.396665 Y712.853041 Z0;
G1 X439.543145 Y711.706551 Z0;
G1 X439.543145 Y710.706551 Z0;
G1 X440.543145 Y709.706551 Z0;
G1 X440.543145 Y707.706551 Z0;
G1 X441.543145 Y706.706551 Z0;
G1 X441.543145 Y703.292491 Z0;
G1 X440.543145 Y702.292491 Z0;
G1 X440.543145 Y701.706551 Z0;
G1 X441.543145 Y700.706551 Z0;
G1 X441.543145 Y699.706551 Z0;
G1 X441.543145 Y698.706551 Z0;
G1 X442.543145 Y697.706551 Z0;
G1 X442.543145 Y692.292491 Z0;
G1 X441.543145 Y691.292491 Z0;
G1 X441.543145 Y689.499521 Z0;
G1 X441.543145 Y689.292491 Z0;
G1 X440.250175 Y687.999521 Z0;
G1 X439.250175 Y687.999521 Z0;
G1 X438.543145 Y687.292491 Z0;
G1 X438.543145 Y686.499521 Z0;
G1 X437.543145 Y686.499521 Z0;
G0 X437.543145 Y686.499521 Z1;
;path#polyline30
G0 X474.689625 Y677.146001 Z1;
G1 X469.543145 Y682.292491 Z0;
G1 X469.543145 Y683.292491 Z0;
G1 X469.543145 Y684.706551 Z0;
G1 X469.543145 Y685.292491 Z0;
G1 X466.543145 Y688.292491 Z0;
G1 X466.543145 Y689.292491 Z0;
G1 X466.543145 Y691.292491 Z0;
G1 X465.543145 Y692.292491 Z0;
G1 X462.543145 Y695.292491 Z0;
G1 X462.543145 Y696.292491 Z0;
G1 X461.543145 Y697.292491 Z0;
G1 X461.543145 Y698.292491 Z0;
G1 X460.543145 Y699.292491 Z0;
G1 X459.543145 Y700.292491 Z0;
G1 X459.543145 Y701.292491 Z0;
G1 X458.543145 Y702.292491 Z0;
G1 X458.543145 Y704.499521 Z0;
G1 X459.543145 Y704.499521 Z0;
G1 X459.543145 Y702.706551 Z0;
G1 X460.543145 Y701.706551 Z0;
G1 X461.543145 Y700.706551 Z0;
G1 X461.543145 Y699.706551 Z0;
G1 X462.043145 Y699.206551 Z0;
G1 X462.689625 Y699.853041 Z0;
G1 X463.396665 Y699.146001 Z0;
G1 X462.543145 Y698.292491 Z0;
G1 X462.543145 Y697.706551 Z0;
G1 X463.543145 Y696.706551 Z0;
G1 X466.543145 Y693.706551 Z0;
G1 X466.543145 Y692.706551 Z0;
G1 X467.543145 Y691.706551 Z0;
G1 X467.543145 Y689.706551 Z0;
G1 X471.750175 Y685.499521 Z0;
G1 X470.543145 Y684.292491 Z0;
G1 X470.543145 Y683.706551 Z0;
G1 X474.043145 Y680.206551 Z0;
G1 X474.689625 Y680.853041 Z0;
G1 X475.396665 Y680.146001 Z0;
G1 X474.750175 Y679.499521 Z0;
G1 X475.396665 Y678.853041 Z0;
G1 X474.896665 Y678.353041 Z0;
G1 X475.396665 Y677.853041 Z0;
G1 X474.689625 Y677.146001 Z0;
G0 X474.689625 Y677.146001 Z1;
;path#polyline31
G0 X486.689625 Y676.146001 Z1;
G1 X485.836115 Y676.999521 Z0;
G1 X484.836115 Y677.999521 Z0;
G1 X483.836115 Y677.999521 Z0;
G1 X481.836115 Y679.999521 Z0;
G1 X480.836115 Y680.999521 Z0;
G1 X480.043145 Y680.999521 Z0;
G1 X480.043145 Y681.999521 Z0;
G1 X481.250175 Y681.999521 Z0;
G1 X482.250175 Y680.999521 Z0;
G1 X483.250175 Y680.999521 Z0;
G1 X485.250175 Y678.999521 Z0;
G1 X486.250175 Y677.999521 Z0;
G1 X487.250175 Y677.999521 Z0;
G1 X488.396665 Y676.853041 Z0;
G1 X487.689625 Y676.146001 Z0;
G1 X487.189625 Y676.646001 Z0;
G1 X486.689625 Y676.146001 Z0;
G0 X486.689625 Y676.146001 Z1;
;path#polyline32_1
G0 X460.543145 Y675.499521 Z1;
G1 X460.543145 Y676.292491 Z0;
G1 X459.336115 Y677.499521 Z0;
G1 X458.543145 Y678.292491 Z0;
G1 X458.543145 Y679.292491 Z0;
G1 X457.543145 Y680.292491 Z0;
G1 X457.543145 Y684.999521 Z0;
G1 X461.250175 Y684.999521 Z0;
G1 X462.543145 Y683.706551 Z0;
G1 X462.543145 Y681.706551 Z0;
G1 X463.750175 Y680.499521 Z0;
G1 X462.543145 Y679.292491 Z0;
G1 X462.543145 Y677.999521 Z0;
G1 X461.250175 Y677.999521 Z0;
G1 X460.750175 Y677.499521 Z0;
G1 X461.396665 Y676.853041 Z0;
G1 X461.543145 Y676.706551 Z0;
G1 X461.543145 Y675.499521 Z0;
G1 X460.543145 Y675.499521 Z0;
G0 X460.543145 Y675.499521 Z1;
;path#polyline32_2
G0 X460.043145 Y678.206551 Z1;
G1 X460.836115 Y678.999521 Z0;
G1 X461.543145 Y678.999521 Z0;
G1 X461.543145 Y679.706551 Z0;
G1 X462.336115 Y680.499521 Z0;
G1 X461.543145 Y681.292491 Z0;
G1 X461.543145 Y683.292491 Z0;
G1 X460.836115 Y683.999521 Z0;
G1 X458.543145 Y683.999521 Z0;
G1 X458.543145 Y680.706551 Z0;
G1 X459.543145 Y679.706551 Z0;
G1 X459.543145 Y678.706551 Z0;
G1 X460.043145 Y678.206551 Z0;
G0 X460.043145 Y678.206551 Z1;
;path#polyline33_1
G0 X527.836115 Y673.999521 Z1;
G1 X527.689625 Y674.146001 Z0;
G1 X526.836115 Y674.999521 Z0;
G1 X526.250175 Y674.999521 Z0;
G1 X520.836115 Y674.999521 Z0;
G1 X519.836115 Y675.999521 Z0;
G1 X516.836115 Y675.999521 Z0;
G1 X515.836115 Y675.999521 Z0;
G1 X514.836115 Y676.999521 Z0;
G1 X513.836115 Y676.999521 Z0;
G1 X512.836115 Y676.999521 Z0;
G1 X511.836115 Y677.999521 Z0;
G1 X507.836115 Y677.999521 Z0;
G1 X506.836115 Y678.999521 Z0;
G1 X504.836115 Y678.999521 Z0;
G1 X503.836115 Y679.999521 Z0;
G1 X502.836115 Y679.999521 Z0;
G1 X501.836115 Y680.999521 Z0;
G1 X499.836115 Y680.999521 Z0;
G1 X498.543145 Y682.292491 Z0;
G1 X498.336115 Y682.499521 Z0;
G1 X498.543145 Y682.706551 Z0;
G1 X498.543145 Y683.999521 Z0;
G1 X499.836115 Y683.999521 Z0;
G1 X500.836115 Y684.999521 Z0;
G1 X501.836115 Y684.999521 Z0;
G1 X502.836115 Y685.999521 Z0;
G1 X503.836115 Y685.999521 Z0;
G1 X504.836115 Y686.999521 Z0;
G1 X505.836115 Y686.999521 Z0;
G1 X506.836115 Y687.999521 Z0;
G1 X507.836115 Y687.999521 Z0;
G1 X508.836115 Y688.999521 Z0;
G1 X509.836115 Y688.999521 Z0;
G1 X511.836115 Y690.999521 Z0;
G1 X512.836115 Y690.999521 Z0;
G1 X513.836115 Y691.999521 Z0;
G1 X514.836115 Y691.999521 Z0;
G1 X515.836115 Y692.999521 Z0;
G1 X516.836115 Y692.999521 Z0;
G1 X517.836115 Y692.999521 Z0;
G1 X518.336115 Y693.499521 Z0;
G1 X517.043145 Y694.792491 Z0;
G1 X516.250175 Y693.999521 Z0;
G1 X513.836115 Y693.999521 Z0;
G1 X512.250175 Y693.999521 Z0;
G1 X512.043145 Y693.792491 Z0;
G1 X511.836115 Y693.999521 Z0;
G1 X511.043145 Y694.792491 Z0;
G1 X510.250175 Y693.999521 Z0;
G1 X509.250175 Y693.999521 Z0;
G1 X508.543145 Y693.292491 Z0;
G1 X508.543145 Y692.706551 Z0;
G1 X509.750175 Y691.499521 Z0;
G1 X508.250175 Y689.999521 Z0;
G1 X506.250175 Y689.999521 Z0;
G1 X505.250175 Y688.999521 Z0;
G1 X494.836115 Y688.999521 Z0;
G1 X493.836115 Y689.999521 Z0;
G1 X488.250175 Y689.999521 Z0;
G1 X487.543145 Y689.292491 Z0;
G1 X487.543145 Y687.706551 Z0;
G1 X489.250175 Y685.999521 Z0;
G1 X491.250175 Y685.999521 Z0;
G1 X492.250175 Y685.999521 Z0;
G1 X493.250175 Y684.999521 Z0;
G1 X494.836115 Y684.999521 Z0;
G1 X495.543145 Y685.706551 Z0;
G1 X495.543145 Y686.292491 Z0;
G1 X495.336115 Y686.499521 Z0;
G1 X494.836115 Y686.999521 Z0;
G1 X491.043145 Y686.999521 Z0;
G1 X491.043145 Y687.999521 Z0;
G1 X495.250175 Y687.999521 Z0;
G1 X498.250175 Y687.999521 Z0;
G1 X496.750175 Y686.499521 Z0;
G1 X498.250175 Y684.999521 Z0;
G1 X496.250175 Y684.999521 Z0;
G1 X495.250175 Y683.999521 Z0;
G1 X492.836115 Y683.999521 Z0;
G1 X491.836115 Y683.999521 Z0;
G1 X490.836115 Y684.999521 Z0;
G1 X489.250175 Y684.999521 Z0;
G1 X487.543145 Y683.292491 Z0;
G1 X487.543145 Y685.292491 Z0;
G1 X486.836115 Y685.999521 Z0;
G1 X484.836115 Y685.999521 Z0;
G1 X486.543145 Y687.706551 Z0;
G1 X486.543145 Y689.706551 Z0;
G1 X486.543145 Y690.292491 Z0;
G1 X485.836115 Y690.999521 Z0;
G1 X484.543145 Y690.999521 Z0;
G1 X484.543145 Y692.706551 Z0;
G1 X485.836115 Y693.999521 Z0;
G1 X489.836115 Y693.999521 Z0;
G1 X490.336115 Y694.499521 Z0;
G1 X489.836115 Y694.999521 Z0;
G1 X485.836115 Y694.999521 Z0;
G1 X485.250175 Y694.999521 Z0;
G1 X484.396665 Y694.146001 Z0;
G1 X483.689625 Y694.853041 Z0;
G1 X484.336115 Y695.499521 Z0;
G1 X482.543145 Y697.292491 Z0;
G1 X482.543145 Y698.292491 Z0;
G1 X482.543145 Y699.292491 Z0;
G1 X481.543145 Y700.292491 Z0;
G1 X481.543145 Y701.292491 Z0;
G1 X480.836115 Y701.999521 Z0;
G1 X480.043145 Y701.999521 Z0;
G1 X480.043145 Y702.999521 Z0;
G1 X480.836115 Y702.999521 Z0;
G1 X481.543145 Y703.706551 Z0;
G1 X481.543145 Y704.292491 Z0;
G1 X479.836115 Y705.999521 Z0;
G1 X478.543145 Y705.999521 Z0;
G1 X478.543145 Y708.706551 Z0;
G1 X480.250175 Y706.999521 Z0;
G1 X480.836115 Y706.999521 Z0;
G1 X481.336115 Y707.499521 Z0;
G1 X480.836115 Y707.999521 Z0;
G1 X479.689625 Y709.146001 Z0;
G1 X480.396665 Y709.853041 Z0;
G1 X481.250175 Y708.999521 Z0;
G1 X482.836115 Y708.999521 Z0;
G1 X483.836115 Y708.999521 Z0;
G1 X484.336115 Y709.499521 Z0;
G1 X483.836115 Y709.999521 Z0;
G1 X481.836115 Y709.999521 Z0;
G1 X480.836115 Y710.999521 Z0;
G1 X478.836115 Y710.999521 Z0;
G1 X480.336115 Y712.499521 Z0;
G1 X480.543145 Y712.706551 Z0;
G1 X480.543145 Y713.706551 Z0;
G1 X481.836115 Y714.999521 Z0;
G1 X482.836115 Y714.999521 Z0;
G1 X485.836115 Y717.999521 Z0;
G1 X486.836115 Y717.999521 Z0;
G1 X487.836115 Y718.999521 Z0;
G1 X488.836115 Y718.999521 Z0;
G1 X491.543145 Y721.706551 Z0;
G1 X491.543145 Y722.292491 Z0;
G1 X491.543145 Y723.706551 Z0;
G1 X492.543145 Y724.706551 Z0;
G1 X492.543145 Y725.706551 Z0;
G1 X493.543145 Y726.706551 Z0;
G1 X493.543145 Y727.706551 Z0;
G1 X494.543145 Y728.706551 Z0;
G1 X494.543145 Y731.706551 Z0;
G1 X495.543145 Y732.706551 Z0;
G1 X495.543145 Y738.499521 Z0;
G1 X496.543145 Y738.499521 Z0;
G1 X496.543145 Y732.292491 Z0;
G1 X495.543145 Y731.292491 Z0;
G1 X495.543145 Y728.292491 Z0;
G1 X494.543145 Y727.292491 Z0;
G1 X494.543145 Y726.292491 Z0;
G1 X493.543145 Y725.292491 Z0;
G1 X493.543145 Y724.292491 Z0;
G1 X492.543145 Y723.292491 Z0;
G1 X492.543145 Y722.706551 Z0;
G1 X493.250175 Y721.999521 Z0;
G1 X494.836115 Y721.999521 Z0;
G1 X495.836115 Y722.999521 Z0;
G1 X496.836115 Y723.999521 Z0;
G1 X499.250175 Y723.999521 Z0;
G1 X497.250175 Y721.999521 Z0;
G1 X496.250175 Y721.999521 Z0;
G1 X495.250175 Y720.999521 Z0;
G1 X493.250175 Y720.999521 Z0;
G1 X490.250175 Y717.999521 Z0;
G1 X489.250175 Y717.999521 Z0;
G1 X488.250175 Y716.999521 Z0;
G1 X487.250175 Y716.999521 Z0;
G1 X484.250175 Y713.999521 Z0;
G1 X483.250175 Y713.999521 Z0;
G1 X481.750175 Y712.499521 Z0;
G1 X482.250175 Y711.999521 Z0;
G1 X484.543145 Y711.999521 Z0;
G1 X484.543145 Y710.706551 Z0;
G1 X485.250175 Y709.999521 Z0;
G1 X487.250175 Y709.999521 Z0;
G1 X485.250175 Y707.999521 Z0;
G1 X484.250175 Y707.999521 Z0;
G1 X483.250175 Y707.999521 Z0;
G1 X482.750175 Y707.499521 Z0;
G1 X481.750175 Y706.499521 Z0;
G1 X482.250175 Y705.999521 Z0;
G1 X484.250175 Y705.999521 Z0;
G1 X482.543145 Y704.292491 Z0;
G1 X482.543145 Y703.292491 Z0;
G1 X482.543145 Y701.706551 Z0;
G1 X482.543145 Y700.706551 Z0;
G1 X483.543145 Y699.706551 Z0;
G1 X483.543145 Y698.706551 Z0;
G1 X486.250175 Y695.999521 Z0;
G1 X489.836115 Y695.999521 Z0;
G1 X490.543145 Y696.706551 Z0;
G1 X490.543145 Y697.999521 Z0;
G1 X491.836115 Y697.999521 Z0;
G1 X492.836115 Y698.999521 Z0;
G1 X493.836115 Y698.999521 Z0;
G1 X494.836115 Y699.999521 Z0;
G1 X495.836115 Y699.999521 Z0;
G1 X497.836115 Y701.999521 Z0;
G1 X498.836115 Y701.999521 Z0;
G1 X499.836115 Y702.999521 Z0;
G1 X501.836115 Y702.999521 Z0;
G1 X503.043145 Y704.206551 Z0;
G1 X504.250175 Y702.999521 Z0;
G1 X505.250175 Y701.999521 Z0;
G1 X508.043145 Y701.999521 Z0;
G1 X508.043145 Y700.999521 Z0;
G1 X504.836115 Y700.999521 Z0;
G1 X503.836115 Y701.999521 Z0;
G1 X502.250175 Y701.999521 Z0;
G1 X500.250175 Y701.999521 Z0;
G1 X499.250175 Y700.999521 Z0;
G1 X498.250175 Y700.999521 Z0;
G1 X496.250175 Y698.999521 Z0;
G1 X495.250175 Y697.999521 Z0;
G1 X494.250175 Y697.999521 Z0;
G1 X493.250175 Y696.999521 Z0;
G1 X492.250175 Y696.999521 Z0;
G1 X491.543145 Y696.292491 Z0;
G1 X491.543145 Y695.706551 Z0;
G1 X492.250175 Y694.999521 Z0;
G1 X503.836115 Y694.999521 Z0;
G1 X505.543145 Y696.706551 Z0;
G1 X506.543145 Y697.706551 Z0;
G1 X506.543145 Y698.999521 Z0;
G1 X507.836115 Y698.999521 Z0;
G1 X509.543145 Y700.706551 Z0;
G1 X509.543145 Y697.999521 Z0;
G1 X508.250175 Y697.999521 Z0;
G1 X507.543145 Y697.292491 Z0;
G1 X506.543145 Y696.292491 Z0;
G1 X506.543145 Y695.706551 Z0;
G1 X507.250175 Y694.999521 Z0;
G1 X508.836115 Y694.999521 Z0;
G1 X509.836115 Y694.999521 Z0;
G1 X511.043145 Y696.206551 Z0;
G1 X512.043145 Y695.206551 Z0;
G1 X513.043145 Y696.206551 Z0;
G1 X514.250175 Y694.999521 Z0;
G1 X515.836115 Y694.999521 Z0;
G1 X516.336115 Y695.499521 Z0;
G1 X517.043145 Y696.206551 Z0;
G1 X517.836115 Y696.999521 Z0;
G1 X518.543145 Y697.706551 Z0;
G1 X521.543145 Y700.706551 Z0;
G1 X521.543145 Y701.706551 Z0;
G1 X523.543145 Y703.706551 Z0;
G1 X524.543145 Y704.706551 Z0;
G1 X524.543145 Y705.706551 Z0;
G1 X525.543145 Y706.706551 Z0;
G1 X526.543145 Y707.706551 Z0;
G1 X526.543145 Y708.706551 Z0;
G1 X527.543145 Y709.706551 Z0;
G1 X527.543145 Y710.706551 Z0;
G1 X528.336115 Y711.499521 Z0;
G1 X527.543145 Y712.292491 Z0;
G1 X527.543145 Y713.706551 Z0;
G1 X528.543145 Y714.706551 Z0;
G1 X529.543145 Y715.706551 Z0;
G1 X529.543145 Y719.706551 Z0;
G1 X530.543145 Y720.706551 Z0;
G1 X530.543145 Y723.706551 Z0;
G1 X530.543145 Y724.706551 Z0;
G1 X531.543145 Y725.706551 Z0;
G1 X531.543145 Y730.499521 Z0;
G1 X532.543145 Y730.499521 Z0;
G1 X532.543145 Y725.292491 Z0;
G1 X532.543145 Y724.292491 Z0;
G1 X531.543145 Y723.292491 Z0;
G1 X531.543145 Y720.292491 Z0;
G1 X530.543145 Y719.292491 Z0;
G1 X530.543145 Y715.292491 Z0;
G1 X529.543145 Y714.292491 Z0;
G1 X529.543145 Y711.706551 Z0;
G1 X529.750175 Y711.499521 Z0;
G1 X529.543145 Y711.292491 Z0;
G1 X528.543145 Y710.292491 Z0;
G1 X528.543145 Y709.292491 Z0;
G1 X527.543145 Y708.292491 Z0;
G1 X527.543145 Y707.292491 Z0;
G1 X526.543145 Y706.292491 Z0;
G1 X526.543145 Y705.292491 Z0;
G1 X525.543145 Y704.292491 Z0;
G1 X524.543145 Y703.292491 Z0;
G1 X524.543145 Y702.292491 Z0;
G1 X522.543145 Y700.292491 Z0;
G1 X519.543145 Y697.292491 Z0;
G1 X519.543145 Y695.999521 Z0;
G1 X518.250175 Y695.999521 Z0;
G1 X517.750175 Y695.499521 Z0;
G1 X519.750175 Y693.499521 Z0;
G1 X518.250175 Y691.999521 Z0;
G1 X517.250175 Y691.999521 Z0;
G1 X516.250175 Y690.999521 Z0;
G1 X515.250175 Y690.999521 Z0;
G1 X514.250175 Y689.999521 Z0;
G1 X513.250175 Y689.999521 Z0;
G1 X511.250175 Y687.999521 Z0;
G1 X510.250175 Y687.999521 Z0;
G1 X509.250175 Y687.999521 Z0;
G1 X508.250175 Y686.999521 Z0;
G1 X507.250175 Y686.999521 Z0;
G1 X506.250175 Y685.999521 Z0;
G1 X505.250175 Y685.999521 Z0;
G1 X504.250175 Y684.999521 Z0;
G1 X503.250175 Y684.999521 Z0;
G1 X502.250175 Y683.999521 Z0;
G1 X501.250175 Y682.999521 Z0;
G1 X500.250175 Y682.999521 Z0;
G1 X499.750175 Y682.499521 Z0;
G1 X500.250175 Y681.999521 Z0;
G1 X502.250175 Y681.999521 Z0;
G1 X503.250175 Y680.999521 Z0;
G1 X504.250175 Y680.999521 Z0;
G1 X505.250175 Y679.999521 Z0;
G1 X507.250175 Y679.999521 Z0;
G1 X508.250175 Y678.999521 Z0;
G1 X512.250175 Y678.999521 Z0;
G1 X513.250175 Y678.999521 Z0;
G1 X514.250175 Y677.999521 Z0;
G1 X515.250175 Y677.999521 Z0;
G1 X516.250175 Y677.999521 Z0;
G1 X517.250175 Y676.999521 Z0;
G1 X520.250175 Y676.999521 Z0;
G1 X521.250175 Y675.999521 Z0;
G1 X525.836115 Y675.999521 Z0;
G1 X526.543145 Y676.706551 Z0;
G1 X526.543145 Y677.706551 Z0;
G1 X527.836115 Y678.999521 Z0;
G1 X528.836115 Y678.999521 Z0;
G1 X529.836115 Y679.999521 Z0;
G1 X530.836115 Y679.999521 Z0;
G1 X531.836115 Y680.999521 Z0;
G1 X533.043145 Y680.999521 Z0;
G1 X533.043145 Y679.999521 Z0;
G1 X532.250175 Y679.999521 Z0;
G1 X531.250175 Y678.999521 Z0;
G1 X530.250175 Y677.999521 Z0;
G1 X529.250175 Y677.999521 Z0;
G1 X527.543145 Y676.292491 Z0;
G1 X527.543145 Y675.706551 Z0;
G1 X528.250175 Y674.999521 Z0;
G1 X553.836115 Y674.999521 Z0;
G1 X554.836115 Y675.999521 Z0;
G1 X555.836115 Y675.999521 Z0;
G1 X560.836115 Y675.999521 Z0;
G1 X561.836115 Y676.999521 Z0;
G1 X562.836115 Y676.999521 Z0;
G1 X563.836115 Y677.999521 Z0;
G1 X566.250175 Y677.999521 Z0;
G1 X564.250175 Y675.999521 Z0;
G1 X563.250175 Y675.999521 Z0;
G1 X562.250175 Y675.999521 Z0;
G1 X561.250175 Y674.999521 Z0;
G1 X556.250175 Y674.999521 Z0;
G1 X555.396665 Y674.146001 Z0;
G1 X554.896665 Y674.646001 Z0;
G1 X554.250175 Y673.999521 Z0;
G1 X527.836115 Y673.999521 Z0;
G0 X527.836115 Y673.999521 Z1;
;path#polyline33_2
G0 X495.250175 Y689.999521 Z1;
G1 X504.836115 Y689.999521 Z0;
G1 X505.836115 Y690.999521 Z0;
G1 X507.836115 Y690.999521 Z0;
G1 X508.336115 Y691.499521 Z0;
G1 X507.543145 Y692.292491 Z0;
G1 X507.543145 Y693.706551 Z0;
G1 X507.836115 Y693.999521 Z0;
G1 X506.836115 Y693.999521 Z0;
G1 X505.543145 Y695.292491 Z0;
G1 X504.250175 Y693.999521 Z0;
G1 X491.836115 Y693.999521 Z0;
G1 X491.543145 Y694.292491 Z0;
G1 X490.250175 Y692.999521 Z0;
G1 X486.250175 Y692.999521 Z0;
G1 X485.543145 Y692.292491 Z0;
G1 X485.543145 Y691.999521 Z0;
G1 X486.250175 Y691.999521 Z0;
G1 X487.543145 Y690.706551 Z0;
G1 X487.836115 Y690.999521 Z0;
G1 X494.250175 Y690.999521 Z0;
G1 X495.250175 Y689.999521 Z0;
G0 X495.250175 Y689.999521 Z1;
;path#polyline34
G0 X499.836115 Y673.999521 Z1;
G1 X499.689625 Y674.146001 Z0;
G1 X498.836115 Y674.999521 Z0;
G1 X497.836115 Y674.999521 Z0;
G1 X496.836115 Y675.999521 Z0;
G1 X495.836115 Y675.999521 Z0;
G1 X494.836115 Y676.999521 Z0;
G1 X493.836115 Y676.999521 Z0;
G1 X492.836115 Y677.999521 Z0;
G1 X491.836115 Y677.999521 Z0;
G1 X490.836115 Y677.999521 Z0;
G1 X489.836115 Y678.999521 Z0;
G1 X488.836115 Y678.999521 Z0;
G1 X487.336115 Y680.499521 Z0;
G1 X488.336115 Y681.499521 Z0;
G1 X486.836115 Y682.999521 Z0;
G1 X489.836115 Y682.999521 Z0;
G1 X492.250175 Y682.999521 Z0;
G1 X493.250175 Y681.999521 Z0;
G1 X494.043145 Y681.999521 Z0;
G1 X494.043145 Y680.999521 Z0;
G1 X492.836115 Y680.999521 Z0;
G1 X491.836115 Y681.999521 Z0;
G1 X490.250175 Y681.999521 Z0;
G1 X489.750175 Y681.499521 Z0;
G1 X489.543145 Y681.292491 Z0;
G1 X489.543145 Y680.706551 Z0;
G1 X490.250175 Y679.999521 Z0;
G1 X491.250175 Y679.999521 Z0;
G1 X492.250175 Y678.999521 Z0;
G1 X493.250175 Y678.999521 Z0;
G1 X494.250175 Y677.999521 Z0;
G1 X494.836115 Y677.999521 Z0;
G1 X495.543145 Y678.706551 Z0;
G1 X495.543145 Y679.706551 Z0;
G1 X497.043145 Y681.206551 Z0;
G1 X498.250175 Y679.999521 Z0;
G1 X499.250175 Y679.999521 Z0;
G1 X500.250175 Y678.999521 Z0;
G1 X503.043145 Y678.999521 Z0;
G1 X503.043145 Y677.999521 Z0;
G1 X499.836115 Y677.999521 Z0;
G1 X498.836115 Y678.999521 Z0;
G1 X497.836115 Y678.999521 Z0;
G1 X497.043145 Y679.792491 Z0;
G1 X496.543145 Y679.292491 Z0;
G1 X496.543145 Y678.292491 Z0;
G1 X496.543145 Y677.706551 Z0;
G1 X497.250175 Y676.999521 Z0;
G1 X498.250175 Y675.999521 Z0;
G1 X499.250175 Y675.999521 Z0;
G1 X500.250175 Y674.999521 Z0;
G1 X500.836115 Y674.999521 Z0;
G1 X501.836115 Y675.999521 Z0;
G1 X502.836115 Y675.999521 Z0;
G1 X505.043145 Y675.999521 Z0;
G1 X505.043145 Y674.999521 Z0;
G1 X503.250175 Y674.999521 Z0;
G1 X502.396665 Y674.146001 Z0;
G1 X501.896665 Y674.646001 Z0;
G1 X501.250175 Y673.999521 Z0;
G1 X499.836115 Y673.999521 Z0;
G0 X499.836115 Y673.999521 Z1;
;path#polyline35
G0 X482.396665 Y674.146001 Z1;
G1 X481.689625 Y674.853041 Z0;
G1 X482.336115 Y675.499521 Z0;
G1 X481.836115 Y675.999521 Z0;
G1 X480.836115 Y675.999521 Z0;
G1 X479.836115 Y676.999521 Z0;
G1 X478.836115 Y676.999521 Z0;
G1 X477.543145 Y678.292491 Z0;
G1 X477.543145 Y679.292491 Z0;
G1 X476.543145 Y680.292491 Z0;
G1 X476.543145 Y681.292491 Z0;
G1 X475.543145 Y682.292491 Z0;
G1 X474.543145 Y683.292491 Z0;
G1 X474.543145 Y684.292491 Z0;
G1 X474.543145 Y685.292491 Z0;
G1 X473.543145 Y686.292491 Z0;
G1 X471.543145 Y688.292491 Z0;
G1 X471.543145 Y689.292491 Z0;
G1 X471.543145 Y690.292491 Z0;
G1 X470.543145 Y691.292491 Z0;
G1 X470.543145 Y692.292491 Z0;
G1 X469.543145 Y693.292491 Z0;
G1 X469.543145 Y694.292491 Z0;
G1 X466.836115 Y696.999521 Z0;
G1 X465.543145 Y698.292491 Z0;
G1 X465.543145 Y700.292491 Z0;
G1 X464.543145 Y701.292491 Z0;
G1 X462.543145 Y703.292491 Z0;
G1 X462.543145 Y704.292491 Z0;
G1 X462.543145 Y705.292491 Z0;
G1 X461.543145 Y706.292491 Z0;
G1 X460.836115 Y706.999521 Z0;
G1 X459.836115 Y707.999521 Z0;
G1 X458.836115 Y707.999521 Z0;
G1 X456.836115 Y709.999521 Z0;
G1 X459.250175 Y709.999521 Z0;
G1 X460.250175 Y708.999521 Z0;
G1 X461.250175 Y707.999521 Z0;
G1 X462.543145 Y707.999521 Z0;
G1 X462.543145 Y706.706551 Z0;
G1 X463.543145 Y705.706551 Z0;
G1 X463.543145 Y704.706551 Z0;
G1 X465.543145 Y702.706551 Z0;
G1 X465.543145 Y701.706551 Z0;
G1 X466.543145 Y700.706551 Z0;
G1 X466.543145 Y698.706551 Z0;
G1 X467.250175 Y697.999521 Z0;
G1 X468.250175 Y697.999521 Z0;
G1 X470.543145 Y695.706551 Z0;
G1 X470.543145 Y694.706551 Z0;
G1 X470.543145 Y693.706551 Z0;
G1 X471.543145 Y692.706551 Z0;
G1 X472.250175 Y691.999521 Z0;
G1 X474.250175 Y691.999521 Z0;
G1 X472.543145 Y690.292491 Z0;
G1 X472.543145 Y689.706551 Z0;
G1 X474.543145 Y687.706551 Z0;
G1 X474.543145 Y686.706551 Z0;
G1 X475.543145 Y685.706551 Z0;
G1 X475.543145 Y684.706551 Z0;
G1 X476.543145 Y683.706551 Z0;
G1 X476.543145 Y682.706551 Z0;
G1 X477.543145 Y681.706551 Z0;
G1 X477.543145 Y680.706551 Z0;
G1 X478.543145 Y679.706551 Z0;
G1 X480.250175 Y677.999521 Z0;
G1 X481.250175 Y677.999521 Z0;
G1 X482.250175 Y676.999521 Z0;
G1 X483.250175 Y676.999521 Z0;
G1 X484.250175 Y675.999521 Z0;
G1 X485.250175 Y675.999521 Z0;
G1 X486.396665 Y674.853041 Z0;
G1 X485.689625 Y674.146001 Z0;
G1 X484.836115 Y674.999521 Z0;
G1 X483.836115 Y674.999521 Z0;
G1 X483.250175 Y674.999521 Z0;
G1 X482.396665 Y674.146001 Z0;
G0 X482.396665 Y674.146001 Z1;
;path#polyline36
G0 X518.543145 Y670.499521 Z1;
G1 X518.543145 Y671.999521 Z0;
G1 X519.836115 Y671.999521 Z0;
G1 X520.336115 Y672.499521 Z0;
G1 X519.836115 Y672.999521 Z0;
G1 X517.836115 Y672.999521 Z0;
G1 X516.836115 Y672.999521 Z0;
G1 X515.836115 Y673.999521 Z0;
G1 X514.250175 Y673.999521 Z0;
G1 X513.543145 Y673.292491 Z0;
G1 X512.396665 Y672.146001 Z0;
G1 X511.689625 Y672.853041 Z0;
G1 X512.543145 Y673.706551 Z0;
G1 X512.543145 Y674.292491 Z0;
G1 X511.836115 Y674.999521 Z0;
G1 X511.043145 Y674.999521 Z0;
G1 X511.043145 Y675.999521 Z0;
G1 X512.250175 Y675.999521 Z0;
G1 X513.250175 Y674.999521 Z0;
G1 X513.836115 Y674.999521 Z0;
G1 X516.250175 Y674.999521 Z0;
G1 X517.250175 Y674.999521 Z0;
G1 X518.250175 Y673.999521 Z0;
G1 X520.250175 Y673.999521 Z0;
G1 X521.250175 Y672.999521 Z0;
G1 X529.250175 Y672.999521 Z0;
G1 X530.250175 Y671.999521 Z0;
G1 X542.043145 Y671.999521 Z0;
G1 X542.043145 Y670.999521 Z0;
G1 X529.836115 Y670.999521 Z0;
G1 X528.836115 Y671.999521 Z0;
G1 X521.250175 Y671.999521 Z0;
G1 X520.250175 Y670.999521 Z0;
G1 X519.543145 Y670.999521 Z0;
G1 X519.543145 Y670.499521 Z0;
G1 X518.543145 Y670.499521 Z0;
G0 X518.543145 Y670.499521 Z1;
;path#polyline37
G0 X527.836115 Y665.999521 Z1;
G1 X527.689625 Y666.146001 Z0;
G1 X526.836115 Y666.999521 Z0;
G1 X521.836115 Y666.999521 Z0;
G1 X520.836115 Y666.999521 Z0;
G1 X519.836115 Y667.999521 Z0;
G1 X516.836115 Y667.999521 Z0;
G1 X515.836115 Y668.999521 Z0;
G1 X513.836115 Y668.999521 Z0;
G1 X512.836115 Y669.999521 Z0;
G1 X510.836115 Y669.999521 Z0;
G1 X509.836115 Y670.999521 Z0;
G1 X507.836115 Y670.999521 Z0;
G1 X506.836115 Y671.999521 Z0;
G1 X505.836115 Y671.999521 Z0;
G1 X504.836115 Y671.999521 Z0;
G1 X502.836115 Y673.999521 Z0;
G1 X505.250175 Y673.999521 Z0;
G1 X506.250175 Y672.999521 Z0;
G1 X507.250175 Y672.999521 Z0;
G1 X508.250175 Y671.999521 Z0;
G1 X510.250175 Y671.999521 Z0;
G1 X511.250175 Y670.999521 Z0;
G1 X513.250175 Y670.999521 Z0;
G1 X514.250175 Y669.999521 Z0;
G1 X516.250175 Y669.999521 Z0;
G1 X517.250175 Y668.999521 Z0;
G1 X520.250175 Y668.999521 Z0;
G1 X521.250175 Y668.999521 Z0;
G1 X522.250175 Y667.999521 Z0;
G1 X527.250175 Y667.999521 Z0;
G1 X528.250175 Y666.999521 Z0;
G1 X532.836115 Y666.999521 Z0;
G1 X533.836115 Y667.999521 Z0;
G1 X542.836115 Y667.999521 Z0;
G1 X543.836115 Y668.999521 Z0;
G1 X544.836115 Y668.999521 Z0;
G1 X546.836115 Y668.999521 Z0;
G1 X547.836115 Y669.999521 Z0;
G1 X548.836115 Y669.999521 Z0;
G1 X549.336115 Y670.499521 Z0;
G1 X548.836115 Y670.999521 Z0;
G1 X546.836115 Y670.999521 Z0;
G1 X545.836115 Y670.999521 Z0;
G1 X544.836115 Y671.999521 Z0;
G1 X544.043145 Y671.999521 Z0;
G1 X544.043145 Y672.999521 Z0;
G1 X545.250175 Y672.999521 Z0;
G1 X546.250175 Y672.999521 Z0;
G1 X547.250175 Y671.999521 Z0;
G1 X549.250175 Y671.999521 Z0;
G1 X550.250175 Y670.999521 Z0;
G1 X550.836115 Y670.999521 Z0;
G1 X554.043145 Y670.999521 Z0;
G1 X554.043145 Y669.999521 Z0;
G1 X551.250175 Y669.999521 Z0;
G1 X550.250175 Y668.999521 Z0;
G1 X549.250175 Y668.999521 Z0;
G1 X548.250175 Y667.999521 Z0;
G1 X547.250175 Y667.999521 Z0;
G1 X545.250175 Y667.999521 Z0;
G1 X544.250175 Y666.999521 Z0;
G1 X543.250175 Y666.999521 Z0;
G1 X534.250175 Y666.999521 Z0;
G1 X533.396665 Y666.146001 Z0;
G1 X533.250175 Y665.999521 Z0;
G1 X527.836115 Y665.999521 Z0;
G0 X527.836115 Y665.999521 Z1;
;path#polyline38
G0 X281.543145 Y666.499521 Z1;
G1 X281.543145 Y674.706551 Z0;
G1 X281.689625 Y674.853041 Z0;
G1 X282.543145 Y675.706551 Z0;
G1 X282.543145 Y676.706551 Z0;
G1 X283.543145 Y677.706551 Z0;
G1 X283.543145 Y678.706551 Z0;
G1 X283.543145 Y679.706551 Z0;
G1 X284.543145 Y680.706551 Z0;
G1 X284.543145 Y681.706551 Z0;
G1 X286.543145 Y683.706551 Z0;
G1 X286.543145 Y684.706551 Z0;
G1 X291.836115 Y689.999521 Z0;
G1 X292.836115 Y689.999521 Z0;
G1 X294.836115 Y691.999521 Z0;
G1 X295.836115 Y691.999521 Z0;
G1 X296.836115 Y691.999521 Z0;
G1 X297.836115 Y692.999521 Z0;
G1 X298.836115 Y692.999521 Z0;
G1 X299.836115 Y693.999521 Z0;
G1 X301.836115 Y693.999521 Z0;
G1 X302.836115 Y694.999521 Z0;
G1 X318.250175 Y694.999521 Z0;
G1 X319.250175 Y693.999521 Z0;
G1 X321.250175 Y693.999521 Z0;
G1 X322.250175 Y693.999521 Z0;
G1 X323.250175 Y692.999521 Z0;
G1 X324.250175 Y692.999521 Z0;
G1 X325.250175 Y691.999521 Z0;
G1 X326.250175 Y691.999521 Z0;
G1 X328.250175 Y689.999521 Z0;
G1 X329.250175 Y689.999521 Z0;
G1 X335.543145 Y683.706551 Z0;
G1 X335.543145 Y682.706551 Z0;
G1 X336.543145 Y681.706551 Z0;
G1 X336.543145 Y680.706551 Z0;
G1 X337.543145 Y679.706551 Z0;
G1 X337.543145 Y678.706551 Z0;
G1 X337.543145 Y677.706551 Z0;
G1 X338.543145 Y676.706551 Z0;
G1 X338.543145 Y669.706551 Z0;
G1 X339.396665 Y668.853041 Z0;
G1 X338.689625 Y668.146001 Z0;
G1 X337.543145 Y669.292491 Z0;
G1 X337.543145 Y676.292491 Z0;
G1 X336.543145 Y677.292491 Z0;
G1 X336.543145 Y678.292491 Z0;
G1 X335.543145 Y679.292491 Z0;
G1 X335.543145 Y680.292491 Z0;
G1 X334.543145 Y681.292491 Z0;
G1 X334.543145 Y682.292491 Z0;
G1 X327.836115 Y688.999521 Z0;
G1 X326.836115 Y688.999521 Z0;
G1 X324.836115 Y690.999521 Z0;
G1 X323.836115 Y690.999521 Z0;
G1 X322.836115 Y691.999521 Z0;
G1 X321.836115 Y691.999521 Z0;
G1 X320.836115 Y692.999521 Z0;
G1 X318.836115 Y692.999521 Z0;
G1 X317.836115 Y693.999521 Z0;
G1 X303.250175 Y693.999521 Z0;
G1 X302.250175 Y692.999521 Z0;
G1 X300.250175 Y692.999521 Z0;
G1 X299.250175 Y691.999521 Z0;
G1 X298.250175 Y691.999521 Z0;
G1 X297.250175 Y690.999521 Z0;
G1 X296.250175 Y690.999521 Z0;
G1 X294.250175 Y688.999521 Z0;
G1 X293.250175 Y688.999521 Z0;
G1 X287.543145 Y683.292491 Z0;
G1 X287.543145 Y682.292491 Z0;
G1 X285.543145 Y680.292491 Z0;
G1 X285.543145 Y679.292491 Z0;
G1 X284.543145 Y678.292491 Z0;
G1 X284.543145 Y677.292491 Z0;
G1 X283.543145 Y676.292491 Z0;
G1 X283.543145 Y675.292491 Z0;
G1 X282.543145 Y674.292491 Z0;
G1 X282.543145 Y666.499521 Z0;
G1 X281.543145 Y666.499521 Z0;
G0 X281.543145 Y666.499521 Z1;
;path#polyline39
G0 X467.396665 Y663.146001 Z1;
G1 X466.689625 Y663.853041 Z0;
G1 X467.336115 Y664.499521 Z0;
G1 X466.543145 Y665.292491 Z0;
G1 X464.543145 Y667.292491 Z0;
G1 X464.543145 Y668.292491 Z0;
G1 X464.543145 Y669.292491 Z0;
G1 X460.836115 Y672.999521 Z0;
G1 X462.836115 Y672.999521 Z0;
G1 X464.836115 Y674.999521 Z0;
G1 X466.250175 Y674.999521 Z0;
G1 X467.250175 Y674.999521 Z0;
G1 X469.543145 Y672.706551 Z0;
G1 X469.543145 Y670.292491 Z0;
G1 X465.836115 Y673.999521 Z0;
G1 X465.250175 Y673.999521 Z0;
G1 X463.750175 Y672.499521 Z0;
G1 X465.543145 Y670.706551 Z0;
G1 X465.543145 Y669.706551 Z0;
G1 X465.543145 Y668.706551 Z0;
G1 X467.043145 Y667.206551 Z0;
G1 X467.543145 Y667.706551 Z0;
G1 X467.543145 Y668.499521 Z0;
G1 X468.543145 Y668.499521 Z0;
G1 X468.543145 Y667.292491 Z0;
G1 X467.543145 Y666.292491 Z0;
G1 X467.543145 Y665.706551 Z0;
G1 X468.250175 Y664.999521 Z0;
G1 X470.043145 Y664.999521 Z0;
G1 X470.043145 Y663.999521 Z0;
G1 X468.250175 Y663.999521 Z0;
G1 X467.396665 Y663.146001 Z0;
G0 X467.396665 Y663.146001 Z1;
;path#polyline40
G0 X475.836115 Y654.999521 Z1;
G1 X475.689625 Y655.146001 Z0;
G1 X474.836115 Y655.999521 Z0;
G1 X473.836115 Y655.999521 Z0;
G1 X468.543145 Y661.292491 Z0;
G1 X468.543145 Y663.706551 Z0;
G1 X475.250175 Y656.999521 Z0;
G1 X476.250175 Y655.999521 Z0;
G1 X477.043145 Y655.999521 Z0;
G1 X477.043145 Y654.999521 Z0;
G1 X475.836115 Y654.999521 Z0;
G0 X475.836115 Y654.999521 Z1;
;path#polyline41
G0 X299.836115 Y654.999521 Z1;
G1 X299.689625 Y655.146001 Z0;
G1 X298.836115 Y655.999521 Z0;
G1 X295.836115 Y655.999521 Z0;
G1 X294.836115 Y656.999521 Z0;
G1 X293.836115 Y656.999521 Z0;
G1 X292.836115 Y657.999521 Z0;
G1 X291.836115 Y657.999521 Z0;
G1 X290.836115 Y658.999521 Z0;
G1 X289.836115 Y658.999521 Z0;
G1 X287.836115 Y660.999521 Z0;
G1 X285.836115 Y660.999521 Z0;
G1 X284.836115 Y661.999521 Z0;
G1 X282.836115 Y661.999521 Z0;
G1 X281.836115 Y661.999521 Z0;
G1 X275.543145 Y668.292491 Z0;
G1 X275.543145 Y669.292491 Z0;
G1 X275.543145 Y670.292491 Z0;
G1 X274.543145 Y671.292491 Z0;
G1 X272.543145 Y673.292491 Z0;
G1 X272.543145 Y674.292491 Z0;
G1 X271.543145 Y675.292491 Z0;
G1 X271.543145 Y676.292491 Z0;
G1 X270.543145 Y677.292491 Z0;
G1 X270.543145 Y678.292491 Z0;
G1 X270.336115 Y678.499521 Z0;
G1 X270.543145 Y678.706551 Z0;
G1 X271.543145 Y679.706551 Z0;
G1 X271.543145 Y680.706551 Z0;
G1 X278.543145 Y687.706551 Z0;
G1 X278.543145 Y688.706551 Z0;
G1 X282.836115 Y692.999521 Z0;
G1 X283.836115 Y692.999521 Z0;
G1 X284.836115 Y693.999521 Z0;
G1 X286.836115 Y695.999521 Z0;
G1 X287.836115 Y695.999521 Z0;
G1 X289.836115 Y697.999521 Z0;
G1 X290.836115 Y697.999521 Z0;
G1 X291.836115 Y698.999521 Z0;
G1 X292.836115 Y698.999521 Z0;
G1 X293.836115 Y698.999521 Z0;
G1 X294.836115 Y699.999521 Z0;
G1 X296.836115 Y699.999521 Z0;
G1 X297.836115 Y700.999521 Z0;
G1 X298.836115 Y700.999521 Z0;
G1 X299.836115 Y701.999521 Z0;
G1 X300.836115 Y701.999521 Z0;
G1 X301.836115 Y701.999521 Z0;
G1 X302.836115 Y702.999521 Z0;
G1 X305.250175 Y702.999521 Z0;
G1 X306.250175 Y701.999521 Z0;
G1 X313.043145 Y701.999521 Z0;
G1 X313.043145 Y700.999521 Z0;
G1 X305.836115 Y700.999521 Z0;
G1 X304.836115 Y701.999521 Z0;
G1 X303.250175 Y701.999521 Z0;
G1 X302.250175 Y700.999521 Z0;
G1 X301.250175 Y700.999521 Z0;
G1 X300.250175 Y699.999521 Z0;
G1 X299.250175 Y699.999521 Z0;
G1 X298.250175 Y699.999521 Z0;
G1 X297.250175 Y698.999521 Z0;
G1 X295.250175 Y698.999521 Z0;
G1 X294.250175 Y697.999521 Z0;
G1 X293.250175 Y697.999521 Z0;
G1 X292.250175 Y696.999521 Z0;
G1 X291.250175 Y696.999521 Z0;
G1 X289.250175 Y694.999521 Z0;
G1 X288.250175 Y694.999521 Z0;
G1 X286.250175 Y692.999521 Z0;
G1 X285.250175 Y692.999521 Z0;
G1 X284.250175 Y691.999521 Z0;
G1 X279.543145 Y687.292491 Z0;
G1 X279.543145 Y686.292491 Z0;
G1 X272.543145 Y679.292491 Z0;
G1 X271.750175 Y678.499521 Z0;
G1 X272.543145 Y677.706551 Z0;
G1 X272.543145 Y676.706551 Z0;
G1 X273.543145 Y675.706551 Z0;
G1 X273.543145 Y674.706551 Z0;
G1 X275.543145 Y672.706551 Z0;
G1 X275.543145 Y671.706551 Z0;
G1 X276.543145 Y670.706551 Z0;
G1 X276.543145 Y669.706551 Z0;
G1 X283.250175 Y662.999521 Z0;
G1 X285.250175 Y662.999521 Z0;
G1 X286.250175 Y661.999521 Z0;
G1 X288.250175 Y661.999521 Z0;
G1 X289.250175 Y661.999521 Z0;
G1 X291.250175 Y659.999521 Z0;
G1 X292.250175 Y659.999521 Z0;
G1 X293.250175 Y658.999521 Z0;
G1 X294.250175 Y658.999521 Z0;
G1 X295.250175 Y657.999521 Z0;
G1 X296.250175 Y656.999521 Z0;
G1 X299.250175 Y656.999521 Z0;
G1 X300.250175 Y655.999521 Z0;
G1 X317.836115 Y655.999521 Z0;
G1 X318.836115 Y656.999521 Z0;
G1 X321.836115 Y656.999521 Z0;
G1 X322.836115 Y657.999521 Z0;
G1 X324.836115 Y657.999521 Z0;
G1 X325.836115 Y658.999521 Z0;
G1 X326.836115 Y658.999521 Z0;
G1 X327.836115 Y659.999521 Z0;
G1 X328.836115 Y659.999521 Z0;
G1 X329.836115 Y659.999521 Z0;
G1 X330.836115 Y660.999521 Z0;
G1 X331.836115 Y660.999521 Z0;
G1 X334.836115 Y663.999521 Z0;
G1 X335.836115 Y663.999521 Z0;
G1 X336.836115 Y664.999521 Z0;
G1 X337.836115 Y664.999521 Z0;
G1 X343.836115 Y670.999521 Z0;
G1 X344.836115 Y670.999521 Z0;
G1 X345.543145 Y671.706551 Z0;
G1 X345.543145 Y672.706551 Z0;
G1 X346.836115 Y673.999521 Z0;
G1 X347.836115 Y673.999521 Z0;
G1 X348.836115 Y674.999521 Z0;
G1 X349.836115 Y674.999521 Z0;
G1 X350.543145 Y675.706551 Z0;
G1 X350.543145 Y676.706551 Z0;
G1 X351.543145 Y677.706551 Z0;
G1 X352.543145 Y678.706551 Z0;
G1 X352.543145 Y679.999521 Z0;
G1 X353.836115 Y679.999521 Z0;
G1 X355.836115 Y679.999521 Z0;
G1 X356.836115 Y680.999521 Z0;
G1 X358.836115 Y680.999521 Z0;
G1 X359.836115 Y681.999521 Z0;
G1 X361.043145 Y681.999521 Z0;
G1 X361.043145 Y680.999521 Z0;
G1 X360.250175 Y680.999521 Z0;
G1 X359.250175 Y679.999521 Z0;
G1 X357.250175 Y679.999521 Z0;
G1 X356.250175 Y678.999521 Z0;
G1 X354.250175 Y678.999521 Z0;
G1 X353.543145 Y678.292491 Z0;
G1 X352.543145 Y677.292491 Z0;
G1 X352.543145 Y676.292491 Z0;
G1 X351.543145 Y675.292491 Z0;
G1 X351.543145 Y673.999521 Z0;
G1 X350.250175 Y673.999521 Z0;
G1 X349.250175 Y672.999521 Z0;
G1 X348.250175 Y672.999521 Z0;
G1 X346.543145 Y671.292491 Z0;
G1 X346.543145 Y669.999521 Z0;
G1 X345.250175 Y669.999521 Z0;
G1 X339.250175 Y663.999521 Z0;
G1 X338.250175 Y663.999521 Z0;
G1 X337.250175 Y662.999521 Z0;
G1 X336.250175 Y662.999521 Z0;
G1 X333.250175 Y659.999521 Z0;
G1 X332.250175 Y659.999521 Z0;
G1 X331.250175 Y659.999521 Z0;
G1 X330.250175 Y658.999521 Z0;
G1 X329.250175 Y658.999521 Z0;
G1 X328.250175 Y657.999521 Z0;
G1 X327.250175 Y657.999521 Z0;
G1 X326.250175 Y657.999521 Z0;
G1 X325.250175 Y656.999521 Z0;
G1 X323.250175 Y656.999521 Z0;
G1 X322.250175 Y655.999521 Z0;
G1 X319.250175 Y655.999521 Z0;
G1 X318.396665 Y655.146001 Z0;
G1 X318.250175 Y654.999521 Z0;
G1 X299.836115 Y654.999521 Z0;
G0 X299.836115 Y654.999521 Z1;
;path#polyline42
G0 X484.689625 Y654.146001 Z1;
G1 X483.836115 Y654.999521 Z0;
G1 X482.836115 Y654.999521 Z0;
G1 X481.836115 Y654.999521 Z0;
G1 X479.836115 Y656.999521 Z0;
G1 X478.836115 Y656.999521 Z0;
G1 X477.836115 Y657.999521 Z0;
G1 X476.836115 Y657.999521 Z0;
G1 X474.543145 Y660.292491 Z0;
G1 X474.543145 Y661.292491 Z0;
G1 X474.543145 Y662.292491 Z0;
G1 X473.543145 Y663.292491 Z0;
G1 X473.543145 Y665.292491 Z0;
G1 X472.543145 Y666.292491 Z0;
G1 X472.543145 Y667.292491 Z0;
G1 X470.543145 Y669.292491 Z0;
G1 X470.543145 Y671.706551 Z0;
G1 X473.543145 Y668.706551 Z0;
G1 X473.543145 Y667.706551 Z0;
G1 X473.543145 Y666.706551 Z0;
G1 X474.543145 Y665.706551 Z0;
G1 X475.543145 Y664.706551 Z0;
G1 X475.543145 Y662.706551 Z0;
G1 X475.543145 Y661.706551 Z0;
G1 X478.250175 Y658.999521 Z0;
G1 X479.250175 Y658.999521 Z0;
G1 X480.250175 Y657.999521 Z0;
G1 X481.250175 Y657.999521 Z0;
G1 X483.250175 Y655.999521 Z0;
G1 X484.043145 Y655.999521 Z0;
G1 X484.250175 Y655.999521 Z0;
G1 X485.396665 Y654.853041 Z0;
G1 X484.689625 Y654.146001 Z0;
G0 X484.689625 Y654.146001 Z1;
;path#polyline43_1
G0 X406.543145 Y641.499521 Z1;
G1 X406.543145 Y642.292491 Z0;
G1 X405.543145 Y643.292491 Z0;
G1 X405.543145 Y645.706551 Z0;
G1 X405.543145 Y647.292491 Z0;
G1 X404.336115 Y648.499521 Z0;
G1 X405.336115 Y649.499521 Z0;
G1 X404.836115 Y649.999521 Z0;
G1 X404.043145 Y649.999521 Z0;
G1 X404.043145 Y650.999521 Z0;
G1 X404.836115 Y650.999521 Z0;
G1 X406.543145 Y652.706551 Z0;
G1 X406.543145 Y653.999521 Z0;
G1 X407.836115 Y653.999521 Z0;
G1 X409.543145 Y655.706551 Z0;
G1 X409.543145 Y656.999521 Z0;
G1 X410.836115 Y656.999521 Z0;
G1 X412.043145 Y656.999521 Z0;
G1 X412.043145 Y655.999521 Z0;
G1 X411.250175 Y655.999521 Z0;
G1 X410.543145 Y655.292491 Z0;
G1 X410.543145 Y653.706551 Z0;
G1 X411.250175 Y652.999521 Z0;
G1 X412.836115 Y652.999521 Z0;
G1 X413.543145 Y653.706551 Z0;
G1 X413.543145 Y656.499521 Z0;
G1 X414.543145 Y656.499521 Z0;
G1 X414.543145 Y653.292491 Z0;
G1 X414.543145 Y651.999521 Z0;
G1 X413.250175 Y651.999521 Z0;
G1 X410.836115 Y651.999521 Z0;
G1 X409.836115 Y652.999521 Z0;
G1 X408.250175 Y652.999521 Z0;
G1 X407.543145 Y652.292491 Z0;
G1 X407.543145 Y651.292491 Z0;
G1 X406.543145 Y650.292491 Z0;
G1 X406.543145 Y649.706551 Z0;
G1 X406.750175 Y649.499521 Z0;
G1 X406.543145 Y649.292491 Z0;
G1 X405.750175 Y648.499521 Z0;
G1 X406.543145 Y647.706551 Z0;
G1 X407.250175 Y646.999521 Z0;
G1 X409.043145 Y646.999521 Z0;
G1 X409.043145 Y645.999521 Z0;
G1 X407.250175 Y645.999521 Z0;
G1 X406.543145 Y645.292491 Z0;
G1 X406.543145 Y643.706551 Z0;
G1 X407.396665 Y642.853041 Z0;
G1 X407.543145 Y642.706551 Z0;
G1 X407.543145 Y641.499521 Z0;
G1 X406.543145 Y641.499521 Z0;
G0 X406.543145 Y641.499521 Z1;
;path#polyline43_2
G0 X409.250175 Y653.999521 Z1;
G1 X409.543145 Y653.999521 Z0;
G1 X409.543145 Y654.292491 Z0;
G1 X409.250175 Y653.999521 Z0;
G0 X409.250175 Y653.999521 Z1;
;path#polyline44
G0 X287.689625 Y638.146001 Z1;
G1 X287.336115 Y638.499521 Z0;
G1 X286.543145 Y638.499521 Z0;
G1 X286.543145 Y639.292491 Z0;
G1 X286.543145 Y640.706551 Z0;
G1 X287.836115 Y641.999521 Z0;
G1 X288.836115 Y642.999521 Z0;
G1 X289.836115 Y642.999521 Z0;
G1 X292.836115 Y642.999521 Z0;
G1 X293.836115 Y643.999521 Z0;
G1 X294.836115 Y643.999521 Z0;
G1 X298.836115 Y643.999521 Z0;
G1 X299.836115 Y644.999521 Z0;
G1 X300.836115 Y644.999521 Z0;
G1 X302.250175 Y644.999521 Z0;
G1 X303.250175 Y644.999521 Z0;
G1 X304.250175 Y643.999521 Z0;
G1 X309.043145 Y643.999521 Z0;
G1 X309.043145 Y642.999521 Z0;
G1 X303.836115 Y642.999521 Z0;
G1 X302.836115 Y642.999521 Z0;
G1 X301.836115 Y643.999521 Z0;
G1 X301.250175 Y643.999521 Z0;
G1 X300.250175 Y642.999521 Z0;
G1 X299.250175 Y642.999521 Z0;
G1 X295.250175 Y642.999521 Z0;
G1 X294.250175 Y641.999521 Z0;
G1 X293.250175 Y641.999521 Z0;
G1 X290.250175 Y641.999521 Z0;
G1 X289.250175 Y640.999521 Z0;
G1 X288.250175 Y640.999521 Z0;
G1 X287.543145 Y640.292491 Z0;
G1 X287.543145 Y639.706551 Z0;
G1 X288.396665 Y638.853041 Z0;
G1 X287.689625 Y638.146001 Z0;
G0 X287.689625 Y638.146001 Z1;
;path#polyline45_1
G0 X536.836115 Y636.999521 Z1;
G1 X535.836115 Y637.999521 Z0;
G1 X533.836115 Y637.999521 Z0;
G1 X532.836115 Y638.999521 Z0;
G1 X531.836115 Y638.999521 Z0;
G1 X530.836115 Y638.999521 Z0;
G1 X529.836115 Y639.999521 Z0;
G1 X528.836115 Y639.999521 Z0;
G1 X526.836115 Y641.999521 Z0;
G1 X525.836115 Y641.999521 Z0;
G1 X524.836115 Y642.999521 Z0;
G1 X523.836115 Y642.999521 Z0;
G1 X520.836115 Y645.999521 Z0;
G1 X519.836115 Y645.999521 Z0;
G1 X518.836115 Y646.999521 Z0;
G1 X517.836115 Y646.999521 Z0;
G1 X514.836115 Y649.999521 Z0;
G1 X513.836115 Y649.999521 Z0;
G1 X510.836115 Y652.999521 Z0;
G1 X509.836115 Y652.999521 Z0;
G1 X506.836115 Y655.999521 Z0;
G1 X505.836115 Y656.999521 Z0;
G1 X504.836115 Y656.999521 Z0;
G1 X503.836115 Y657.999521 Z0;
G1 X502.836115 Y657.999521 Z0;
G1 X500.836115 Y659.999521 Z0;
G1 X499.836115 Y659.999521 Z0;
G1 X497.836115 Y661.999521 Z0;
G1 X496.836115 Y661.999521 Z0;
G1 X494.836115 Y663.999521 Z0;
G1 X493.836115 Y663.999521 Z0;
G1 X490.836115 Y666.999521 Z0;
G1 X489.836115 Y666.999521 Z0;
G1 X488.543145 Y668.292491 Z0;
G1 X488.543145 Y669.292491 Z0;
G1 X488.543145 Y670.292491 Z0;
G1 X487.836115 Y670.999521 Z0;
G1 X486.836115 Y670.999521 Z0;
G1 X485.836115 Y671.999521 Z0;
G1 X483.250175 Y671.999521 Z0;
G1 X482.750175 Y671.499521 Z0;
G1 X483.543145 Y670.706551 Z0;
G1 X483.543145 Y669.706551 Z0;
G1 X484.250175 Y668.999521 Z0;
G1 X485.250175 Y668.999521 Z0;
G1 X488.250175 Y665.999521 Z0;
G1 X489.250175 Y664.999521 Z0;
G1 X490.250175 Y664.999521 Z0;
G1 X491.250175 Y663.999521 Z0;
G1 X492.250175 Y663.999521 Z0;
G1 X495.250175 Y660.999521 Z0;
G1 X496.250175 Y659.999521 Z0;
G1 X497.250175 Y659.999521 Z0;
G1 X498.250175 Y658.999521 Z0;
G1 X499.250175 Y658.999521 Z0;
G1 X502.250175 Y655.999521 Z0;
G1 X503.250175 Y655.999521 Z0;
G1 X505.250175 Y653.999521 Z0;
G1 X506.250175 Y653.999521 Z0;
G1 X508.250175 Y651.999521 Z0;
G1 X509.250175 Y651.999521 Z0;
G1 X512.250175 Y648.999521 Z0;
G1 X513.250175 Y648.999521 Z0;
G1 X515.250175 Y646.999521 Z0;
G1 X516.250175 Y646.999521 Z0;
G1 X520.043145 Y643.206551 Z0;
G1 X520.250175 Y642.999521 Z0;
G1 X521.250175 Y642.999521 Z0;
G1 X522.250175 Y641.999521 Z0;
G1 X523.250175 Y640.999521 Z0;
G1 X524.250175 Y640.999521 Z0;
G1 X525.250175 Y639.999521 Z0;
G1 X526.250175 Y639.999521 Z0;
G1 X527.250175 Y638.999521 Z0;
G1 X528.250175 Y638.999521 Z0;
G1 X529.396665 Y637.853041 Z0;
G1 X528.689625 Y637.146001 Z0;
G1 X528.189625 Y637.646001 Z0;
G1 X527.689625 Y637.146001 Z0;
G1 X526.836115 Y637.999521 Z0;
G1 X525.836115 Y637.999521 Z0;
G1 X524.836115 Y638.999521 Z0;
G1 X523.836115 Y638.999521 Z0;
G1 X522.836115 Y639.999521 Z0;
G1 X521.836115 Y640.999521 Z0;
G1 X520.836115 Y640.999521 Z0;
G1 X520.043145 Y641.792491 Z0;
G1 X519.543145 Y641.292491 Z0;
G1 X519.543145 Y639.292491 Z0;
G1 X517.336115 Y641.499521 Z0;
G1 X518.336115 Y642.499521 Z0;
G1 X514.836115 Y645.999521 Z0;
G1 X513.836115 Y645.999521 Z0;
G1 X511.836115 Y647.999521 Z0;
G1 X510.836115 Y647.999521 Z0;
G1 X507.836115 Y650.999521 Z0;
G1 X506.836115 Y650.999521 Z0;
G1 X504.836115 Y652.999521 Z0;
G1 X503.836115 Y652.999521 Z0;
G1 X501.836115 Y654.999521 Z0;
G1 X500.836115 Y654.999521 Z0;
G1 X497.836115 Y657.999521 Z0;
G1 X496.836115 Y657.999521 Z0;
G1 X495.836115 Y658.999521 Z0;
G1 X494.836115 Y659.999521 Z0;
G1 X493.836115 Y659.999521 Z0;
G1 X490.836115 Y662.999521 Z0;
G1 X489.836115 Y663.999521 Z0;
G1 X488.836115 Y663.999521 Z0;
G1 X487.836115 Y664.999521 Z0;
G1 X486.836115 Y664.999521 Z0;
G1 X483.836115 Y667.999521 Z0;
G1 X482.543145 Y667.999521 Z0;
G1 X482.543145 Y669.292491 Z0;
G1 X481.543145 Y670.292491 Z0;
G1 X481.543145 Y671.292491 Z0;
G1 X481.336115 Y671.499521 Z0;
G1 X481.543145 Y671.706551 Z0;
G1 X482.836115 Y672.999521 Z0;
G1 X486.250175 Y672.999521 Z0;
G1 X486.836115 Y672.999521 Z0;
G1 X487.543145 Y673.706551 Z0;
G1 X487.543145 Y674.999521 Z0;
G1 X488.836115 Y674.999521 Z0;
G1 X489.043145 Y675.206551 Z0;
G1 X490.543145 Y676.706551 Z0;
G1 X490.543145 Y673.706551 Z0;
G1 X494.250175 Y669.999521 Z0;
G1 X495.250175 Y669.999521 Z0;
G1 X496.250175 Y668.999521 Z0;
G1 X497.250175 Y668.999521 Z0;
G1 X498.250175 Y668.999521 Z0;
G1 X500.250175 Y666.999521 Z0;
G1 X501.250175 Y666.999521 Z0;
G1 X503.250175 Y664.999521 Z0;
G1 X504.250175 Y664.999521 Z0;
G1 X505.250175 Y663.999521 Z0;
G1 X506.250175 Y663.999521 Z0;
G1 X507.250175 Y662.999521 Z0;
G1 X508.250175 Y662.999521 Z0;
G1 X509.250175 Y661.999521 Z0;
G1 X510.250175 Y661.999521 Z0;
G1 X511.250175 Y660.999521 Z0;
G1 X512.250175 Y660.999521 Z0;
G1 X513.250175 Y659.999521 Z0;
G1 X514.250175 Y659.999521 Z0;
G1 X515.250175 Y658.999521 Z0;
G1 X516.250175 Y658.999521 Z0;
G1 X517.250175 Y657.999521 Z0;
G1 X519.250175 Y657.999521 Z0;
G1 X520.250175 Y656.999521 Z0;
G1 X521.250175 Y656.999521 Z0;
G1 X522.836115 Y656.999521 Z0;
G1 X523.043145 Y657.206551 Z0;
G1 X523.336115 Y657.499521 Z0;
G1 X522.836115 Y657.999521 Z0;
G1 X521.836115 Y657.999521 Z0;
G1 X520.836115 Y658.999521 Z0;
G1 X519.836115 Y658.999521 Z0;
G1 X518.836115 Y659.999521 Z0;
G1 X517.836115 Y659.999521 Z0;
G1 X516.836115 Y659.999521 Z0;
G1 X515.836115 Y660.999521 Z0;
G1 X514.836115 Y660.999521 Z0;
G1 X513.836115 Y660.999521 Z0;
G1 X512.836115 Y661.999521 Z0;
G1 X510.836115 Y663.999521 Z0;
G1 X508.836115 Y663.999521 Z0;
G1 X507.836115 Y664.999521 Z0;
G1 X506.836115 Y664.999521 Z0;
G1 X505.836115 Y665.999521 Z0;
G1 X504.836115 Y665.999521 Z0;
G1 X503.836115 Y666.999521 Z0;
G1 X502.836115 Y666.999521 Z0;
G1 X501.836115 Y667.999521 Z0;
G1 X500.836115 Y667.999521 Z0;
G1 X498.336115 Y670.499521 Z0;
G1 X497.836115 Y670.999521 Z0;
G1 X495.836115 Y670.999521 Z0;
G1 X494.836115 Y671.999521 Z0;
G1 X493.836115 Y671.999521 Z0;
G1 X491.543145 Y674.292491 Z0;
G1 X491.336115 Y674.499521 Z0;
G1 X491.543145 Y674.706551 Z0;
G1 X491.543145 Y675.999521 Z0;
G1 X492.836115 Y675.999521 Z0;
G1 X494.250175 Y675.999521 Z0;
G1 X495.250175 Y674.999521 Z0;
G1 X496.250175 Y674.999521 Z0;
G1 X497.396665 Y673.853041 Z0;
G1 X496.689625 Y673.146001 Z0;
G1 X495.836115 Y673.999521 Z0;
G1 X494.836115 Y673.999521 Z0;
G1 X493.836115 Y674.999521 Z0;
G1 X493.250175 Y674.999521 Z0;
G1 X492.750175 Y674.499521 Z0;
G1 X494.250175 Y672.999521 Z0;
G1 X495.250175 Y672.999521 Z0;
G1 X496.250175 Y671.999521 Z0;
G1 X497.836115 Y671.999521 Z0;
G1 X499.043145 Y673.206551 Z0;
G1 X500.250175 Y671.999521 Z0;
G1 X502.250175 Y671.999521 Z0;
G1 X503.250175 Y670.999521 Z0;
G1 X505.250175 Y670.999521 Z0;
G1 X506.250175 Y669.999521 Z0;
G1 X507.250175 Y669.999521 Z0;
G1 X508.250175 Y668.999521 Z0;
G1 X510.250175 Y668.999521 Z0;
G1 X511.250175 Y668.999521 Z0;
G1 X512.250175 Y667.999521 Z0;
G1 X513.043145 Y667.999521 Z0;
G1 X513.043145 Y666.999521 Z0;
G1 X511.836115 Y666.999521 Z0;
G1 X510.836115 Y666.999521 Z0;
G1 X509.836115 Y667.999521 Z0;
G1 X507.836115 Y667.999521 Z0;
G1 X506.836115 Y668.999521 Z0;
G1 X505.836115 Y668.999521 Z0;
G1 X504.836115 Y669.999521 Z0;
G1 X502.836115 Y669.999521 Z0;
G1 X501.836115 Y670.999521 Z0;
G1 X500.250175 Y670.999521 Z0;
G1 X499.750175 Y670.499521 Z0;
G1 X501.250175 Y668.999521 Z0;
G1 X502.250175 Y668.999521 Z0;
G1 X503.250175 Y668.999521 Z0;
G1 X504.250175 Y667.999521 Z0;
G1 X505.250175 Y667.999521 Z0;
G1 X506.250175 Y666.999521 Z0;
G1 X507.250175 Y666.999521 Z0;
G1 X508.250175 Y665.999521 Z0;
G1 X509.250175 Y664.999521 Z0;
G1 X510.836115 Y664.999521 Z0;
G1 X511.836115 Y665.999521 Z0;
G1 X514.836115 Y665.999521 Z0;
G1 X515.689625 Y666.853041 Z0;
G1 X516.396665 Y666.146001 Z0;
G1 X515.250175 Y664.999521 Z0;
G1 X512.250175 Y664.999521 Z0;
G1 X511.750175 Y664.499521 Z0;
G1 X513.250175 Y662.999521 Z0;
G1 X514.250175 Y662.999521 Z0;
G1 X515.250175 Y661.999521 Z0;
G1 X516.250175 Y661.999521 Z0;
G1 X517.250175 Y661.999521 Z0;
G1 X518.250175 Y660.999521 Z0;
G1 X519.250175 Y660.999521 Z0;
G1 X520.250175 Y659.999521 Z0;
G1 X521.250175 Y659.999521 Z0;
G1 X522.250175 Y659.999521 Z0;
G1 X523.250175 Y658.999521 Z0;
G1 X523.836115 Y658.999521 Z0;
G1 X524.543145 Y659.706551 Z0;
G1 X524.543145 Y660.999521 Z0;
G1 X527.250175 Y660.999521 Z0;
G1 X525.543145 Y659.292491 Z0;
G1 X524.750175 Y658.499521 Z0;
G1 X525.250175 Y657.999521 Z0;
G1 X527.836115 Y657.999521 Z0;
G1 X531.836115 Y661.999521 Z0;
G1 X532.836115 Y661.999521 Z0;
G1 X533.836115 Y662.999521 Z0;
G1 X536.250175 Y662.999521 Z0;
G1 X534.250175 Y660.999521 Z0;
G1 X533.250175 Y660.999521 Z0;
G1 X529.250175 Y656.999521 Z0;
G1 X528.250175 Y656.999521 Z0;
G1 X524.836115 Y656.999521 Z0;
G1 X524.250175 Y656.999521 Z0;
G1 X523.750175 Y656.499521 Z0;
G1 X524.250175 Y655.999521 Z0;
G1 X525.250175 Y655.999521 Z0;
G1 X526.250175 Y654.999521 Z0;
G1 X527.250175 Y654.999521 Z0;
G1 X528.250175 Y653.999521 Z0;
G1 X533.250175 Y653.999521 Z0;
G1 X534.250175 Y652.999521 Z0;
G1 X538.250175 Y652.999521 Z0;
G1 X539.250175 Y651.999521 Z0;
G1 X547.250175 Y651.999521 Z0;
G1 X547.836115 Y651.999521 Z0;
G1 X548.336115 Y652.499521 Z0;
G1 X547.836115 Y652.999521 Z0;
G1 X545.043145 Y652.999521 Z0;
G1 X545.043145 Y653.999521 Z0;
G1 X548.250175 Y653.999521 Z0;
G1 X549.836115 Y653.999521 Z0;
G1 X554.836115 Y653.999521 Z0;
G1 X555.836115 Y654.999521 Z0;
G1 X558.250175 Y654.999521 Z0;
G1 X556.250175 Y652.999521 Z0;
G1 X555.250175 Y652.999521 Z0;
G1 X550.250175 Y652.999521 Z0;
G1 X549.750175 Y652.499521 Z0;
G1 X548.750175 Y651.499521 Z0;
G1 X549.250175 Y650.999521 Z0;
G1 X556.836115 Y650.999521 Z0;
G1 X557.836115 Y651.999521 Z0;
G1 X561.836115 Y651.999521 Z0;
G1 X562.836115 Y652.999521 Z0;
G1 X566.836115 Y652.999521 Z0;
G1 X567.836115 Y653.999521 Z0;
G1 X569.043145 Y653.999521 Z0;
G1 X569.043145 Y652.999521 Z0;
G1 X568.250175 Y652.999521 Z0;
G1 X567.250175 Y651.999521 Z0;
G1 X563.250175 Y651.999521 Z0;
G1 X562.250175 Y650.999521 Z0;
G1 X558.250175 Y650.999521 Z0;
G1 X557.250175 Y649.999521 Z0;
G1 X548.836115 Y649.999521 Z0;
G1 X547.836115 Y649.999521 Z0;
G1 X546.836115 Y650.999521 Z0;
G1 X538.836115 Y650.999521 Z0;
G1 X537.836115 Y651.999521 Z0;
G1 X533.836115 Y651.999521 Z0;
G1 X532.836115 Y652.999521 Z0;
G1 X527.836115 Y652.999521 Z0;
G1 X526.836115 Y653.999521 Z0;
G1 X525.836115 Y653.999521 Z0;
G1 X524.836115 Y653.999521 Z0;
G1 X523.836115 Y654.999521 Z0;
G1 X523.043145 Y655.792491 Z0;
G1 X522.750175 Y655.499521 Z0;
G1 X521.543145 Y654.292491 Z0;
G1 X521.543145 Y653.292491 Z0;
G1 X520.543145 Y652.292491 Z0;
G1 X520.543145 Y649.499521 Z0;
G1 X519.543145 Y649.499521 Z0;
G1 X519.543145 Y652.706551 Z0;
G1 X520.543145 Y653.706551 Z0;
G1 X520.543145 Y654.706551 Z0;
G1 X521.336115 Y655.499521 Z0;
G1 X520.836115 Y655.999521 Z0;
G1 X519.836115 Y655.999521 Z0;
G1 X518.836115 Y656.999521 Z0;
G1 X516.836115 Y656.999521 Z0;
G1 X515.836115 Y657.999521 Z0;
G1 X514.836115 Y657.999521 Z0;
G1 X513.836115 Y658.999521 Z0;
G1 X512.836115 Y658.999521 Z0;
G1 X511.836115 Y659.999521 Z0;
G1 X510.836115 Y659.999521 Z0;
G1 X509.836115 Y659.999521 Z0;
G1 X508.836115 Y660.999521 Z0;
G1 X507.836115 Y660.999521 Z0;
G1 X506.836115 Y661.999521 Z0;
G1 X505.836115 Y661.999521 Z0;
G1 X504.836115 Y662.999521 Z0;
G1 X503.836115 Y663.999521 Z0;
G1 X502.836115 Y663.999521 Z0;
G1 X500.836115 Y665.999521 Z0;
G1 X499.836115 Y665.999521 Z0;
G1 X498.836115 Y665.999521 Z0;
G1 X496.836115 Y667.999521 Z0;
G1 X495.836115 Y667.999521 Z0;
G1 X494.836115 Y668.999521 Z0;
G1 X493.836115 Y668.999521 Z0;
G1 X489.543145 Y673.292491 Z0;
G1 X489.043145 Y673.792491 Z0;
G1 X488.543145 Y673.292491 Z0;
G1 X487.750175 Y672.499521 Z0;
G1 X488.250175 Y671.999521 Z0;
G1 X489.543145 Y670.706551 Z0;
G1 X489.543145 Y669.706551 Z0;
G1 X491.250175 Y667.999521 Z0;
G1 X492.250175 Y667.999521 Z0;
G1 X495.250175 Y664.999521 Z0;
G1 X496.250175 Y664.999521 Z0;
G1 X498.250175 Y662.999521 Z0;
G1 X499.250175 Y662.999521 Z0;
G1 X501.250175 Y660.999521 Z0;
G1 X502.250175 Y660.999521 Z0;
G1 X504.250175 Y658.999521 Z0;
G1 X505.250175 Y658.999521 Z0;
G1 X506.250175 Y657.999521 Z0;
G1 X507.250175 Y656.999521 Z0;
G1 X508.250175 Y656.999521 Z0;
G1 X511.250175 Y653.999521 Z0;
G1 X512.250175 Y653.999521 Z0;
G1 X515.250175 Y650.999521 Z0;
G1 X516.250175 Y650.999521 Z0;
G1 X519.250175 Y647.999521 Z0;
G1 X520.250175 Y646.999521 Z0;
G1 X521.250175 Y646.999521 Z0;
G1 X522.250175 Y646.999521 Z0;
G1 X525.250175 Y643.999521 Z0;
G1 X525.836115 Y643.999521 Z0;
G1 X526.836115 Y644.999521 Z0;
G1 X527.836115 Y644.999521 Z0;
G1 X529.336115 Y646.499521 Z0;
G1 X527.836115 Y647.999521 Z0;
G1 X527.250175 Y647.999521 Z0;
G1 X526.250175 Y646.999521 Z0;
G1 X524.043145 Y646.999521 Z0;
G1 X524.043145 Y647.999521 Z0;
G1 X525.836115 Y647.999521 Z0;
G1 X526.836115 Y648.999521 Z0;
G1 X527.836115 Y648.999521 Z0;
G1 X529.836115 Y650.999521 Z0;
G1 X531.043145 Y650.999521 Z0;
G1 X531.043145 Y649.999521 Z0;
G1 X530.250175 Y649.999521 Z0;
G1 X528.750175 Y648.499521 Z0;
G1 X530.043145 Y647.206551 Z0;
G1 X531.836115 Y648.999521 Z0;
G1 X532.836115 Y648.999521 Z0;
G1 X533.836115 Y649.999521 Z0;
G1 X534.836115 Y649.999521 Z0;
G1 X536.543145 Y651.706551 Z0;
G1 X536.543145 Y648.999521 Z0;
G1 X535.250175 Y648.999521 Z0;
G1 X534.250175 Y647.999521 Z0;
G1 X533.250175 Y647.999521 Z0;
G1 X529.250175 Y643.999521 Z0;
G1 X528.250175 Y643.999521 Z0;
G1 X527.250175 Y643.999521 Z0;
G1 X526.750175 Y643.499521 Z0;
G1 X527.250175 Y642.999521 Z0;
G1 X528.250175 Y642.999521 Z0;
G1 X530.250175 Y640.999521 Z0;
G1 X531.250175 Y640.999521 Z0;
G1 X532.250175 Y639.999521 Z0;
G1 X533.250175 Y639.999521 Z0;
G1 X534.250175 Y638.999521 Z0;
G1 X536.250175 Y638.999521 Z0;
G1 X537.250175 Y637.999521 Z0;
G1 X550.836115 Y637.999521 Z0;
G1 X552.043145 Y639.206551 Z0;
G1 X554.250175 Y636.999521 Z0;
G1 X551.250175 Y636.999521 Z0;
G1 X536.836115 Y636.999521 Z0;
G0 X536.836115 Y636.999521 Z1;
;path#polyline45_2
G0 X499.043145 Y671.206551 Z1;
G1 X499.336115 Y671.499521 Z0;
G1 X499.043145 Y671.792491 Z0;
G1 X498.750175 Y671.499521 Z0;
G1 X499.043145 Y671.206551 Z0;
G0 X499.043145 Y671.206551 Z1;
;path#polyline46
G0 X301.543145 Y637.499521 Z1;
G1 X301.543145 Y638.706551 Z0;
G1 X303.836115 Y640.999521 Z0;
G1 X304.836115 Y640.999521 Z0;
G1 X305.836115 Y641.999521 Z0;
G1 X306.836115 Y641.999521 Z0;
G1 X308.043145 Y641.999521 Z0;
G1 X308.043145 Y640.999521 Z0;
G1 X307.250175 Y640.999521 Z0;
G1 X306.250175 Y639.999521 Z0;
G1 X305.250175 Y639.999521 Z0;
G1 X305.043145 Y639.999521 Z0;
G1 X304.250175 Y639.999521 Z0;
G1 X302.543145 Y638.292491 Z0;
G1 X302.543145 Y637.499521 Z0;
G1 X301.543145 Y637.499521 Z0;
G0 X301.543145 Y637.499521 Z1;
;path#polyline47
G0 X198.836115 Y635.999521 Z1;
G1 X198.689625 Y636.146001 Z0;
G1 X197.836115 Y636.999521 Z0;
G1 X195.836115 Y636.999521 Z0;
G1 X194.836115 Y637.999521 Z0;
G1 X193.836115 Y637.999521 Z0;
G1 X192.836115 Y637.999521 Z0;
G1 X191.836115 Y638.999521 Z0;
G1 X189.836115 Y638.999521 Z0;
G1 X191.543145 Y640.706551 Z0;
G1 X191.543145 Y641.706551 Z0;
G1 X191.543145 Y642.999521 Z0;
G1 X192.836115 Y642.999521 Z0;
G1 X193.836115 Y643.999521 Z0;
G1 X194.836115 Y643.999521 Z0;
G1 X195.836115 Y643.999521 Z0;
G1 X196.836115 Y644.999521 Z0;
G1 X197.836115 Y644.999521 Z0;
G1 X199.543145 Y646.706551 Z0;
G1 X199.543145 Y647.706551 Z0;
G1 X202.543145 Y650.706551 Z0;
G1 X202.543145 Y651.999521 Z0;
G1 X203.836115 Y651.999521 Z0;
G1 X206.336115 Y654.499521 Z0;
G1 X204.543145 Y656.292491 Z0;
G1 X204.543145 Y657.706551 Z0;
G1 X205.543145 Y658.706551 Z0;
G1 X205.543145 Y659.706551 Z0;
G1 X206.543145 Y660.706551 Z0;
G1 X206.543145 Y662.706551 Z0;
G1 X207.543145 Y663.706551 Z0;
G1 X207.543145 Y664.292491 Z0;
G1 X206.689625 Y665.146001 Z0;
G1 X207.396665 Y665.853041 Z0;
G1 X208.543145 Y664.706551 Z0;
G1 X208.543145 Y663.292491 Z0;
G1 X207.543145 Y662.292491 Z0;
G1 X207.543145 Y660.292491 Z0;
G1 X206.543145 Y659.292491 Z0;
G1 X206.543145 Y658.292491 Z0;
G1 X205.543145 Y657.292491 Z0;
G1 X205.543145 Y656.706551 Z0;
G1 X207.250175 Y654.999521 Z0;
G1 X209.250175 Y654.999521 Z0;
G1 X205.250175 Y650.999521 Z0;
G1 X204.250175 Y650.999521 Z0;
G1 X203.543145 Y650.292491 Z0;
G1 X203.543145 Y649.292491 Z0;
G1 X200.543145 Y646.292491 Z0;
G1 X200.543145 Y645.292491 Z0;
G1 X199.250175 Y643.999521 Z0;
G1 X198.250175 Y643.999521 Z0;
G1 X197.250175 Y642.999521 Z0;
G1 X196.250175 Y642.999521 Z0;
G1 X195.250175 Y642.999521 Z0;
G1 X194.250175 Y641.999521 Z0;
G1 X193.250175 Y641.999521 Z0;
G1 X192.543145 Y641.292491 Z0;
G1 X192.543145 Y640.706551 Z0;
G1 X194.250175 Y638.999521 Z0;
G1 X195.250175 Y638.999521 Z0;
G1 X196.250175 Y637.999521 Z0;
G1 X198.250175 Y637.999521 Z0;
G1 X199.250175 Y636.999521 Z0;
G1 X205.836115 Y636.999521 Z0;
G1 X208.836115 Y639.999521 Z0;
G1 X209.836115 Y639.999521 Z0;
G1 X210.336115 Y640.499521 Z0;
G1 X209.836115 Y640.999521 Z0;
G1 X207.836115 Y640.999521 Z0;
G1 X207.043145 Y641.792491 Z0;
G1 X206.250175 Y640.999521 Z0;
G1 X205.250175 Y640.999521 Z0;
G1 X204.043145 Y640.999521 Z0;
G1 X204.043145 Y641.999521 Z0;
G1 X204.836115 Y641.999521 Z0;
G1 X205.836115 Y642.999521 Z0;
G1 X206.836115 Y642.999521 Z0;
G1 X207.043145 Y643.206551 Z0;
G1 X207.250175 Y642.999521 Z0;
G1 X208.250175 Y641.999521 Z0;
G1 X210.250175 Y641.999521 Z0;
G1 X211.043145 Y641.206551 Z0;
G1 X211.836115 Y641.999521 Z0;
G1 X215.250175 Y641.999521 Z0;
G1 X216.250175 Y640.999521 Z0;
G1 X223.250175 Y640.999521 Z0;
G1 X224.250175 Y639.999521 Z0;
G1 X225.043145 Y639.999521 Z0;
G1 X225.043145 Y638.999521 Z0;
G1 X223.836115 Y638.999521 Z0;
G1 X222.836115 Y639.999521 Z0;
G1 X215.836115 Y639.999521 Z0;
G1 X214.836115 Y640.999521 Z0;
G1 X212.250175 Y640.999521 Z0;
G1 X211.750175 Y640.499521 Z0;
G1 X211.043145 Y639.792491 Z0;
G1 X210.250175 Y638.999521 Z0;
G1 X207.396665 Y636.146001 Z0;
G1 X206.896665 Y636.646001 Z0;
G1 X206.250175 Y635.999521 Z0;
G1 X198.836115 Y635.999521 Z0;
G0 X198.836115 Y635.999521 Z1;
;path#polyline48
G0 X548.836115 Y630.999521 Z1;
G1 X548.689625 Y631.146001 Z0;
G1 X547.836115 Y631.999521 Z0;
G1 X543.836115 Y631.999521 Z0;
G1 X542.836115 Y632.999521 Z0;
G1 X541.250175 Y632.999521 Z0;
G1 X540.396665 Y632.146001 Z0;
G1 X539.689625 Y632.853041 Z0;
G1 X540.336115 Y633.499521 Z0;
G1 X539.836115 Y633.999521 Z0;
G1 X538.543145 Y633.999521 Z0;
G1 X538.543145 Y636.706551 Z0;
G1 X540.250175 Y634.999521 Z0;
G1 X541.250175 Y633.999521 Z0;
G1 X543.250175 Y633.999521 Z0;
G1 X544.250175 Y632.999521 Z0;
G1 X548.250175 Y632.999521 Z0;
G1 X549.250175 Y631.999521 Z0;
G1 X550.043145 Y631.999521 Z0;
G1 X550.043145 Y630.999521 Z0;
G1 X548.836115 Y630.999521 Z0;
G0 X548.836115 Y630.999521 Z1;
;path#polyline49
G0 X452.689625 Y628.146001 Z1;
G1 X449.543145 Y631.292491 Z0;
G1 X449.543145 Y631.499521 Z0;
G1 X449.543145 Y633.706551 Z0;
G1 X450.836115 Y634.999521 Z0;
G1 X451.043145 Y635.206551 Z0;
G1 X451.250175 Y634.999521 Z0;
G1 X451.836115 Y634.999521 Z0;
G1 X452.543145 Y635.706551 Z0;
G1 X452.543145 Y636.499521 Z0;
G1 X453.543145 Y636.499521 Z0;
G1 X453.543145 Y635.292491 Z0;
G1 X452.750175 Y634.499521 Z0;
G1 X455.543145 Y631.706551 Z0;
G1 X455.543145 Y630.706551 Z0;
G1 X455.543145 Y629.499521 Z0;
G1 X454.543145 Y629.499521 Z0;
G1 X454.543145 Y630.292491 Z0;
G1 X451.043145 Y633.792491 Z0;
G1 X450.543145 Y633.292491 Z0;
G1 X450.543145 Y631.706551 Z0;
G1 X453.396665 Y628.853041 Z0;
G1 X452.689625 Y628.146001 Z0;
G0 X452.689625 Y628.146001 Z1;
;path#polyline50_1
G0 X500.689625 Y627.146001 Z1;
G1 X499.836115 Y627.999521 Z0;
G1 X496.836115 Y627.999521 Z0;
G1 X495.543145 Y629.292491 Z0;
G1 X495.543145 Y631.292491 Z0;
G1 X494.043145 Y632.792491 Z0;
G1 X493.750175 Y632.499521 Z0;
G1 X493.543145 Y632.292491 Z0;
G1 X493.543145 Y630.999521 Z0;
G1 X492.250175 Y630.999521 Z0;
G1 X490.836115 Y630.999521 Z0;
G1 X489.836115 Y631.999521 Z0;
G1 X488.543145 Y631.999521 Z0;
G1 X488.543145 Y634.706551 Z0;
G1 X490.250175 Y632.999521 Z0;
G1 X491.250175 Y631.999521 Z0;
G1 X491.836115 Y631.999521 Z0;
G1 X492.336115 Y632.499521 Z0;
G1 X489.836115 Y634.999521 Z0;
G1 X489.043145 Y635.792491 Z0;
G1 X488.336115 Y636.499521 Z0;
G1 X487.836115 Y636.999521 Z0;
G1 X486.250175 Y636.999521 Z0;
G1 X484.836115 Y636.999521 Z0;
G1 X483.836115 Y636.999521 Z0;
G1 X482.836115 Y637.999521 Z0;
G1 X481.836115 Y637.999521 Z0;
G1 X480.543145 Y639.292491 Z0;
G1 X480.543145 Y641.706551 Z0;
G1 X483.250175 Y638.999521 Z0;
G1 X484.250175 Y638.999521 Z0;
G1 X485.250175 Y637.999521 Z0;
G1 X485.836115 Y637.999521 Z0;
G1 X486.543145 Y638.706551 Z0;
G1 X486.543145 Y639.292491 Z0;
G1 X473.836115 Y651.999521 Z0;
G1 X472.836115 Y652.999521 Z0;
G1 X471.836115 Y652.999521 Z0;
G1 X470.836115 Y653.999521 Z0;
G1 X470.250175 Y653.999521 Z0;
G1 X468.750175 Y652.499521 Z0;
G1 X468.043145 Y651.792491 Z0;
G1 X467.750175 Y651.499521 Z0;
G1 X468.396665 Y650.853041 Z0;
G1 X467.689625 Y650.146001 Z0;
G1 X466.836115 Y650.999521 Z0;
G1 X465.250175 Y650.999521 Z0;
G1 X464.250175 Y649.999521 Z0;
G1 X463.250175 Y649.999521 Z0;
G1 X462.250175 Y648.999521 Z0;
G1 X461.250175 Y648.999521 Z0;
G1 X456.043145 Y648.999521 Z0;
G1 X456.043145 Y649.999521 Z0;
G1 X460.836115 Y649.999521 Z0;
G1 X461.836115 Y650.999521 Z0;
G1 X462.836115 Y650.999521 Z0;
G1 X463.836115 Y650.999521 Z0;
G1 X464.836115 Y651.999521 Z0;
G1 X466.836115 Y651.999521 Z0;
G1 X467.336115 Y652.499521 Z0;
G1 X466.836115 Y652.999521 Z0;
G1 X465.043145 Y652.999521 Z0;
G1 X465.043145 Y653.999521 Z0;
G1 X467.250175 Y653.999521 Z0;
G1 X468.043145 Y653.206551 Z0;
G1 X469.336115 Y654.499521 Z0;
G1 X468.543145 Y655.292491 Z0;
G1 X468.543145 Y656.292491 Z0;
G1 X466.836115 Y657.999521 Z0;
G1 X466.043145 Y657.999521 Z0;
G1 X466.043145 Y658.999521 Z0;
G1 X467.250175 Y658.999521 Z0;
G1 X469.543145 Y656.706551 Z0;
G1 X471.250175 Y654.999521 Z0;
G1 X472.250175 Y653.999521 Z0;
G1 X473.250175 Y653.999521 Z0;
G1 X474.250175 Y652.999521 Z0;
G1 X475.250175 Y652.999521 Z0;
G1 X487.543145 Y640.706551 Z0;
G1 X487.543145 Y639.706551 Z0;
G1 X487.543145 Y638.706551 Z0;
G1 X488.250175 Y637.999521 Z0;
G1 X489.043145 Y637.206551 Z0;
G1 X489.543145 Y637.706551 Z0;
G1 X489.543145 Y638.706551 Z0;
G1 X490.836115 Y639.999521 Z0;
G1 X492.836115 Y639.999521 Z0;
G1 X493.836115 Y640.999521 Z0;
G1 X494.836115 Y640.999521 Z0;
G1 X497.543145 Y643.706551 Z0;
G1 X498.689625 Y644.853041 Z0;
G1 X499.396665 Y644.146001 Z0;
G1 X498.543145 Y643.292491 Z0;
G1 X498.543145 Y642.292491 Z0;
G1 X496.250175 Y639.999521 Z0;
G1 X495.250175 Y639.999521 Z0;
G1 X494.250175 Y638.999521 Z0;
G1 X493.250175 Y638.999521 Z0;
G1 X491.250175 Y638.999521 Z0;
G1 X490.543145 Y638.292491 Z0;
G1 X490.543145 Y637.292491 Z0;
G1 X489.750175 Y636.499521 Z0;
G1 X490.250175 Y635.999521 Z0;
G1 X491.250175 Y635.999521 Z0;
G1 X493.250175 Y633.999521 Z0;
G1 X493.836115 Y633.999521 Z0;
G1 X494.043145 Y634.206551 Z0;
G1 X494.250175 Y633.999521 Z0;
G1 X496.043145 Y632.206551 Z0;
G1 X497.043145 Y633.206551 Z0;
G1 X498.250175 Y631.999521 Z0;
G1 X500.250175 Y631.999521 Z0;
G1 X501.250175 Y630.999521 Z0;
G1 X503.250175 Y630.999521 Z0;
G1 X504.043145 Y630.206551 Z0;
G1 X504.836115 Y630.999521 Z0;
G1 X509.836115 Y630.999521 Z0;
G1 X510.836115 Y631.999521 Z0;
G1 X511.836115 Y631.999521 Z0;
G1 X513.836115 Y633.999521 Z0;
G1 X514.836115 Y633.999521 Z0;
G1 X516.543145 Y635.706551 Z0;
G1 X516.543145 Y636.706551 Z0;
G1 X517.336115 Y637.499521 Z0;
G1 X515.836115 Y638.999521 Z0;
G1 X514.836115 Y638.999521 Z0;
G1 X511.836115 Y641.999521 Z0;
G1 X510.836115 Y641.999521 Z0;
G1 X509.836115 Y642.999521 Z0;
G1 X508.836115 Y642.999521 Z0;
G1 X506.836115 Y644.999521 Z0;
G1 X505.836115 Y644.999521 Z0;
G1 X503.836115 Y646.999521 Z0;
G1 X502.836115 Y646.999521 Z0;
G1 X500.836115 Y648.999521 Z0;
G1 X499.836115 Y648.999521 Z0;
G1 X497.836115 Y650.999521 Z0;
G1 X496.836115 Y650.999521 Z0;
G1 X494.836115 Y652.999521 Z0;
G1 X493.836115 Y652.999521 Z0;
G1 X493.043145 Y653.792491 Z0;
G1 X492.250175 Y652.999521 Z0;
G1 X491.250175 Y652.999521 Z0;
G1 X490.250175 Y651.999521 Z0;
G1 X489.250175 Y651.999521 Z0;
G1 X488.250175 Y651.999521 Z0;
G1 X483.543145 Y647.292491 Z0;
G1 X483.543145 Y649.706551 Z0;
G1 X486.836115 Y652.999521 Z0;
G1 X487.836115 Y652.999521 Z0;
G1 X488.836115 Y652.999521 Z0;
G1 X489.836115 Y653.999521 Z0;
G1 X490.836115 Y653.999521 Z0;
G1 X491.836115 Y653.999521 Z0;
G1 X492.336115 Y654.499521 Z0;
G1 X486.836115 Y659.999521 Z0;
G1 X485.250175 Y659.999521 Z0;
G1 X484.750175 Y659.499521 Z0;
G1 X486.250175 Y657.999521 Z0;
G1 X487.250175 Y657.999521 Z0;
G1 X490.250175 Y654.999521 Z0;
G1 X487.836115 Y654.999521 Z0;
G1 X485.836115 Y656.999521 Z0;
G1 X484.836115 Y656.999521 Z0;
G1 X483.543145 Y658.292491 Z0;
G1 X483.543145 Y659.292491 Z0;
G1 X483.336115 Y659.499521 Z0;
G1 X483.543145 Y659.706551 Z0;
G1 X484.836115 Y660.999521 Z0;
G1 X487.250175 Y660.999521 Z0;
G1 X487.836115 Y660.999521 Z0;
G1 X488.336115 Y661.499521 Z0;
G1 X487.836115 Y661.999521 Z0;
G1 X486.836115 Y661.999521 Z0;
G1 X485.836115 Y662.999521 Z0;
G1 X484.836115 Y663.999521 Z0;
G1 X483.836115 Y663.999521 Z0;
G1 X482.836115 Y664.999521 Z0;
G1 X481.836115 Y664.999521 Z0;
G1 X478.543145 Y668.292491 Z0;
G1 X478.543145 Y669.292491 Z0;
G1 X477.543145 Y670.292491 Z0;
G1 X477.543145 Y671.292491 Z0;
G1 X474.043145 Y674.792491 Z0;
G1 X473.396665 Y674.146001 Z0;
G1 X472.689625 Y674.853041 Z0;
G1 X473.836115 Y675.999521 Z0;
G1 X474.043145 Y676.206551 Z0;
G1 X474.250175 Y675.999521 Z0;
G1 X475.250175 Y675.999521 Z0;
G1 X478.543145 Y672.706551 Z0;
G1 X478.543145 Y671.706551 Z0;
G1 X479.543145 Y670.706551 Z0;
G1 X479.543145 Y669.706551 Z0;
G1 X483.250175 Y665.999521 Z0;
G1 X484.250175 Y664.999521 Z0;
G1 X485.250175 Y664.999521 Z0;
G1 X486.250175 Y663.999521 Z0;
G1 X487.250175 Y663.999521 Z0;
G1 X488.250175 Y662.999521 Z0;
G1 X489.750175 Y661.499521 Z0;
G1 X492.250175 Y658.999521 Z0;
G1 X493.250175 Y658.999521 Z0;
G1 X494.250175 Y657.999521 Z0;
G1 X495.250175 Y657.999521 Z0;
G1 X498.250175 Y654.999521 Z0;
G1 X499.250175 Y654.999521 Z0;
G1 X501.250175 Y652.999521 Z0;
G1 X502.250175 Y652.999521 Z0;
G1 X505.250175 Y649.999521 Z0;
G1 X506.250175 Y649.999521 Z0;
G1 X507.250175 Y648.999521 Z0;
G1 X508.250175 Y648.999521 Z0;
G1 X511.250175 Y645.999521 Z0;
G1 X512.250175 Y645.999521 Z0;
G1 X514.250175 Y643.999521 Z0;
G1 X515.250175 Y643.999521 Z0;
G1 X516.396665 Y642.853041 Z0;
G1 X515.689625 Y642.146001 Z0;
G1 X514.836115 Y642.999521 Z0;
G1 X514.250175 Y642.999521 Z0;
G1 X513.750175 Y642.499521 Z0;
G1 X516.250175 Y639.999521 Z0;
G1 X517.250175 Y639.999521 Z0;
G1 X519.250175 Y637.999521 Z0;
G1 X520.250175 Y637.999521 Z0;
G1 X521.043145 Y637.206551 Z0;
G1 X522.250175 Y635.999521 Z0;
G1 X523.250175 Y635.999521 Z0;
G1 X524.250175 Y635.999521 Z0;
G1 X525.250175 Y634.999521 Z0;
G1 X526.250175 Y634.999521 Z0;
G1 X527.250175 Y633.999521 Z0;
G1 X528.250175 Y633.999521 Z0;
G1 X529.250175 Y632.999521 Z0;
G1 X530.250175 Y631.999521 Z0;
G1 X531.250175 Y631.999521 Z0;
G1 X532.250175 Y630.999521 Z0;
G1 X533.250175 Y629.999521 Z0;
G1 X534.250175 Y629.999521 Z0;
G1 X536.250175 Y627.999521 Z0;
G1 X533.836115 Y627.999521 Z0;
G1 X532.836115 Y628.999521 Z0;
G1 X531.836115 Y629.999521 Z0;
G1 X530.836115 Y629.999521 Z0;
G1 X529.836115 Y630.999521 Z0;
G1 X528.836115 Y631.999521 Z0;
G1 X527.836115 Y631.999521 Z0;
G1 X526.836115 Y632.999521 Z0;
G1 X525.836115 Y632.999521 Z0;
G1 X524.836115 Y633.999521 Z0;
G1 X523.836115 Y633.999521 Z0;
G1 X522.836115 Y634.999521 Z0;
G1 X521.836115 Y634.999521 Z0;
G1 X521.043145 Y635.792491 Z0;
G1 X520.543145 Y635.292491 Z0;
G1 X520.543145 Y634.292491 Z0;
G1 X515.250175 Y628.999521 Z0;
G1 X513.250175 Y628.999521 Z0;
G1 X512.250175 Y627.999521 Z0;
G1 X511.250175 Y627.999521 Z0;
G1 X510.396665 Y627.146001 Z0;
G1 X509.689625 Y627.853041 Z0;
G1 X510.836115 Y628.999521 Z0;
G1 X511.836115 Y628.999521 Z0;
G1 X512.836115 Y629.999521 Z0;
G1 X514.836115 Y629.999521 Z0;
G1 X519.543145 Y634.706551 Z0;
G1 X519.543145 Y635.706551 Z0;
G1 X520.336115 Y636.499521 Z0;
G1 X519.836115 Y636.999521 Z0;
G1 X518.836115 Y636.999521 Z0;
G1 X518.543145 Y637.292491 Z0;
G1 X517.543145 Y636.292491 Z0;
G1 X517.543145 Y635.292491 Z0;
G1 X515.250175 Y632.999521 Z0;
G1 X514.250175 Y632.999521 Z0;
G1 X512.250175 Y630.999521 Z0;
G1 X511.250175 Y630.999521 Z0;
G1 X510.250175 Y629.999521 Z0;
G1 X505.250175 Y629.999521 Z0;
G1 X504.043145 Y628.792491 Z0;
G1 X502.836115 Y629.999521 Z0;
G1 X500.836115 Y629.999521 Z0;
G1 X499.836115 Y630.999521 Z0;
G1 X497.836115 Y630.999521 Z0;
G1 X497.043145 Y631.792491 Z0;
G1 X496.543145 Y631.292491 Z0;
G1 X496.543145 Y629.706551 Z0;
G1 X497.250175 Y628.999521 Z0;
G1 X500.250175 Y628.999521 Z0;
G1 X501.396665 Y627.853041 Z0;
G1 X500.689625 Y627.146001 Z0;
G0 X500.689625 Y627.146001 Z1;
;path#polyline50_2
G0 X512.543145 Y642.706551 Z1;
G1 X513.336115 Y643.499521 Z0;
G1 X511.836115 Y644.999521 Z0;
G1 X510.836115 Y644.999521 Z0;
G1 X507.836115 Y647.999521 Z0;
G1 X506.836115 Y647.999521 Z0;
G1 X505.836115 Y648.999521 Z0;
G1 X504.836115 Y648.999521 Z0;
G1 X501.836115 Y651.999521 Z0;
G1 X500.836115 Y651.999521 Z0;
G1 X498.836115 Y653.999521 Z0;
G1 X497.836115 Y653.999521 Z0;
G1 X494.836115 Y656.999521 Z0;
G1 X493.836115 Y656.999521 Z0;
G1 X492.836115 Y657.999521 Z0;
G1 X491.836115 Y657.999521 Z0;
G1 X489.043145 Y660.792491 Z0;
G1 X488.250175 Y659.999521 Z0;
G1 X493.043145 Y655.206551 Z0;
G1 X493.750175 Y654.499521 Z0;
G1 X494.250175 Y653.999521 Z0;
G1 X495.250175 Y653.999521 Z0;
G1 X497.250175 Y651.999521 Z0;
G1 X498.250175 Y651.999521 Z0;
G1 X500.250175 Y649.999521 Z0;
G1 X501.250175 Y649.999521 Z0;
G1 X503.250175 Y647.999521 Z0;
G1 X504.250175 Y647.999521 Z0;
G1 X506.250175 Y645.999521 Z0;
G1 X507.250175 Y645.999521 Z0;
G1 X509.250175 Y643.999521 Z0;
G1 X510.250175 Y643.999521 Z0;
G1 X511.250175 Y642.999521 Z0;
G1 X512.250175 Y642.999521 Z0;
G1 X512.543145 Y642.706551 Z0;
G0 X512.543145 Y642.706551 Z1;
;path#polyline51
G0 X297.396665 Y627.146001 Z1;
G1 X296.689625 Y627.853041 Z0;
G1 X302.543145 Y633.706551 Z0;
G1 X303.836115 Y634.999521 Z0;
G1 X308.543145 Y639.706551 Z0;
G1 X309.543145 Y640.706551 Z0;
G1 X309.543145 Y641.706551 Z0;
G1 X311.836115 Y643.999521 Z0;
G1 X314.250175 Y643.999521 Z0;
G1 X310.543145 Y640.292491 Z0;
G1 X309.543145 Y639.292491 Z0;
G1 X309.543145 Y638.292491 Z0;
G1 X305.250175 Y633.999521 Z0;
G1 X304.250175 Y633.999521 Z0;
G1 X303.543145 Y633.292491 Z0;
G1 X303.543145 Y632.292491 Z0;
G1 X298.396665 Y627.146001 Z0;
G1 X297.896665 Y627.646001 Z0;
G1 X297.396665 Y627.146001 Z0;
G0 X297.396665 Y627.146001 Z1;
;path#polyline52
G0 X255.043145 Y626.999521 Z1;
G1 X255.043145 Y627.999521 Z0;
G1 X256.836115 Y627.999521 Z0;
G1 X257.836115 Y628.999521 Z0;
G1 X258.836115 Y628.999521 Z0;
G1 X259.836115 Y629.999521 Z0;
G1 X260.836115 Y629.999521 Z0;
G1 X261.836115 Y630.999521 Z0;
G1 X262.836115 Y630.999521 Z0;
G1 X263.836115 Y631.999521 Z0;
G1 X265.836115 Y631.999521 Z0;
G1 X266.836115 Y632.999521 Z0;
G1 X267.836115 Y632.999521 Z0;
G1 X269.836115 Y632.999521 Z0;
G1 X270.689625 Y633.853041 Z0;
G1 X271.396665 Y633.146001 Z0;
G1 X270.250175 Y631.999521 Z0;
G1 X268.250175 Y631.999521 Z0;
G1 X267.250175 Y630.999521 Z0;
G1 X266.250175 Y630.999521 Z0;
G1 X264.250175 Y630.999521 Z0;
G1 X263.250175 Y629.999521 Z0;
G1 X262.250175 Y628.999521 Z0;
G1 X261.250175 Y628.999521 Z0;
G1 X260.250175 Y627.999521 Z0;
G1 X259.250175 Y627.999521 Z0;
G1 X258.250175 Y627.999521 Z0;
G1 X257.396665 Y627.146001 Z0;
G1 X257.250175 Y626.999521 Z0;
G1 X255.043145 Y626.999521 Z0;
G0 X255.043145 Y626.999521 Z1;
;path#polyline53
G0 X563.836115 Y623.999521 Z1;
G1 X563.689625 Y624.146001 Z0;
G1 X562.836115 Y624.999521 Z0;
G1 X558.836115 Y624.999521 Z0;
G1 X557.836115 Y625.999521 Z0;
G1 X555.836115 Y625.999521 Z0;
G1 X554.836115 Y626.999521 Z0;
G1 X552.836115 Y626.999521 Z0;
G1 X551.836115 Y627.999521 Z0;
G1 X549.836115 Y627.999521 Z0;
G1 X548.836115 Y628.999521 Z0;
G1 X546.836115 Y628.999521 Z0;
G1 X545.836115 Y629.999521 Z0;
G1 X543.250175 Y629.999521 Z0;
G1 X542.750175 Y629.499521 Z0;
G1 X544.250175 Y627.999521 Z0;
G1 X541.836115 Y627.999521 Z0;
G1 X540.836115 Y628.999521 Z0;
G1 X539.836115 Y628.999521 Z0;
G1 X538.836115 Y629.999521 Z0;
G1 X537.836115 Y629.999521 Z0;
G1 X536.836115 Y630.999521 Z0;
G1 X535.836115 Y630.999521 Z0;
G1 X534.836115 Y631.999521 Z0;
G1 X533.543145 Y631.999521 Z0;
G1 X533.543145 Y634.706551 Z0;
G1 X535.250175 Y632.999521 Z0;
G1 X536.250175 Y631.999521 Z0;
G1 X537.250175 Y631.999521 Z0;
G1 X538.250175 Y631.999521 Z0;
G1 X539.250175 Y630.999521 Z0;
G1 X540.250175 Y630.999521 Z0;
G1 X541.250175 Y629.999521 Z0;
G1 X541.836115 Y629.999521 Z0;
G1 X542.836115 Y630.999521 Z0;
G1 X546.250175 Y630.999521 Z0;
G1 X547.250175 Y629.999521 Z0;
G1 X549.250175 Y629.999521 Z0;
G1 X550.250175 Y628.999521 Z0;
G1 X551.836115 Y628.999521 Z0;
G1 X552.836115 Y629.999521 Z0;
G1 X557.250175 Y629.999521 Z0;
G1 X558.250175 Y628.999521 Z0;
G1 X562.250175 Y628.999521 Z0;
G1 X563.250175 Y627.999521 Z0;
G1 X570.250175 Y627.999521 Z0;
G1 X571.250175 Y626.999521 Z0;
G1 X572.836115 Y626.999521 Z0;
G1 X574.043145 Y628.206551 Z0;
G1 X575.250175 Y626.999521 Z0;
G1 X578.043145 Y626.999521 Z0;
G1 X578.043145 Y625.999521 Z0;
G1 X574.836115 Y625.999521 Z0;
G1 X574.043145 Y626.792491 Z0;
G1 X573.250175 Y625.999521 Z0;
G1 X570.836115 Y625.999521 Z0;
G1 X569.836115 Y626.999521 Z0;
G1 X562.836115 Y626.999521 Z0;
G1 X561.836115 Y627.999521 Z0;
G1 X557.836115 Y627.999521 Z0;
G1 X556.836115 Y628.999521 Z0;
G1 X553.250175 Y628.999521 Z0;
G1 X552.750175 Y628.499521 Z0;
G1 X553.250175 Y627.999521 Z0;
G1 X555.250175 Y627.999521 Z0;
G1 X556.250175 Y626.999521 Z0;
G1 X558.250175 Y626.999521 Z0;
G1 X559.250175 Y625.999521 Z0;
G1 X563.250175 Y625.999521 Z0;
G1 X564.250175 Y624.999521 Z0;
G1 X581.043145 Y624.999521 Z0;
G1 X581.043145 Y623.999521 Z0;
G1 X563.836115 Y623.999521 Z0;
G0 X563.836115 Y623.999521 Z1;
;path#polyline54
G0 X259.043145 Y623.792491 Z1;
G1 X258.689625 Y624.146001 Z0;
G1 X257.836115 Y624.999521 Z0;
G1 X255.043145 Y624.999521 Z0;
G1 X255.043145 Y625.999521 Z0;
G1 X258.250175 Y625.999521 Z0;
G1 X259.043145 Y625.206551 Z0;
G1 X259.836115 Y625.999521 Z0;
G1 X260.043145 Y625.999521 Z0;
G1 X260.836115 Y625.999521 Z0;
G1 X261.836115 Y626.999521 Z0;
G1 X262.836115 Y626.999521 Z0;
G1 X264.836115 Y628.999521 Z0;
G1 X265.836115 Y628.999521 Z0;
G1 X266.836115 Y629.999521 Z0;
G1 X269.250175 Y629.999521 Z0;
G1 X270.250175 Y628.999521 Z0;
G1 X271.836115 Y628.999521 Z0;
G1 X272.836115 Y629.999521 Z0;
G1 X274.836115 Y629.999521 Z0;
G1 X275.836115 Y630.999521 Z0;
G1 X277.836115 Y630.999521 Z0;
G1 X278.836115 Y631.999521 Z0;
G1 X279.836115 Y631.999521 Z0;
G1 X280.836115 Y632.999521 Z0;
G1 X281.836115 Y632.999521 Z0;
G1 X282.836115 Y632.999521 Z0;
G1 X284.543145 Y634.706551 Z0;
G1 X284.543145 Y635.999521 Z0;
G1 X285.836115 Y635.999521 Z0;
G1 X286.836115 Y635.999521 Z0;
G1 X287.836115 Y636.999521 Z0;
G1 X288.836115 Y636.999521 Z0;
G1 X289.836115 Y637.999521 Z0;
G1 X290.836115 Y637.999521 Z0;
G1 X291.336115 Y638.499521 Z0;
G1 X290.836115 Y638.999521 Z0;
G1 X290.043145 Y638.999521 Z0;
G1 X290.043145 Y639.999521 Z0;
G1 X291.250175 Y639.999521 Z0;
G1 X292.543145 Y638.706551 Z0;
G1 X292.750175 Y638.499521 Z0;
G1 X292.543145 Y638.292491 Z0;
G1 X292.543145 Y636.999521 Z0;
G1 X291.250175 Y636.999521 Z0;
G1 X290.250175 Y635.999521 Z0;
G1 X289.250175 Y635.999521 Z0;
G1 X288.250175 Y635.999521 Z0;
G1 X287.250175 Y634.999521 Z0;
G1 X286.250175 Y634.999521 Z0;
G1 X285.543145 Y634.292491 Z0;
G1 X285.543145 Y633.292491 Z0;
G1 X284.250175 Y631.999521 Z0;
G1 X283.250175 Y631.999521 Z0;
G1 X282.250175 Y631.999521 Z0;
G1 X281.250175 Y630.999521 Z0;
G1 X280.250175 Y630.999521 Z0;
G1 X279.250175 Y629.999521 Z0;
G1 X278.250175 Y629.999521 Z0;
G1 X276.250175 Y629.999521 Z0;
G1 X275.250175 Y628.999521 Z0;
G1 X273.250175 Y628.999521 Z0;
G1 X272.250175 Y627.999521 Z0;
G1 X269.836115 Y627.999521 Z0;
G1 X268.836115 Y628.999521 Z0;
G1 X267.250175 Y628.999521 Z0;
G1 X266.250175 Y627.999521 Z0;
G1 X265.250175 Y627.999521 Z0;
G1 X263.250175 Y625.999521 Z0;
G1 X262.250175 Y624.999521 Z0;
G1 X261.250175 Y624.999521 Z0;
G1 X260.250175 Y624.999521 Z0;
G1 X259.043145 Y623.792491 Z0;
G0 X259.043145 Y623.792491 Z1;
;path#polyline55
G0 X466.543145 Y622.292491 Z1;
G1 X465.043145 Y623.792491 Z0;
G1 X464.396665 Y623.146001 Z0;
G1 X463.689625 Y623.853041 Z0;
G1 X464.336115 Y624.499521 Z0;
G1 X459.836115 Y628.999521 Z0;
G1 X458.836115 Y628.999521 Z0;
G1 X457.836115 Y629.999521 Z0;
G1 X457.043145 Y629.999521 Z0;
G1 X457.043145 Y630.999521 Z0;
G1 X458.250175 Y630.999521 Z0;
G1 X459.250175 Y630.999521 Z0;
G1 X460.250175 Y629.999521 Z0;
G1 X461.250175 Y629.999521 Z0;
G1 X466.543145 Y624.706551 Z0;
G1 X466.543145 Y622.292491 Z0;
G0 X466.543145 Y622.292491 Z1;
;path#polyline56
G0 X363.043145 Y617.792491 Z1;
G1 X362.189625 Y618.646001 Z0;
G1 X361.689625 Y618.146001 Z0;
G1 X360.836115 Y618.999521 Z0;
G1 X359.836115 Y619.999521 Z0;
G1 X359.043145 Y619.999521 Z0;
G1 X359.043145 Y620.999521 Z0;
G1 X360.250175 Y620.999521 Z0;
G1 X361.250175 Y619.999521 Z0;
G1 X362.250175 Y619.999521 Z0;
G1 X363.043145 Y619.206551 Z0;
G1 X363.836115 Y619.999521 Z0;
G1 X364.836115 Y619.999521 Z0;
G1 X365.836115 Y620.999521 Z0;
G1 X366.836115 Y620.999521 Z0;
G1 X367.336115 Y621.499521 Z0;
G1 X366.836115 Y621.999521 Z0;
G1 X365.250175 Y621.999521 Z0;
G1 X364.250175 Y620.999521 Z0;
G1 X362.043145 Y620.999521 Z0;
G1 X362.043145 Y621.999521 Z0;
G1 X363.836115 Y621.999521 Z0;
G1 X364.836115 Y622.999521 Z0;
G1 X367.250175 Y622.999521 Z0;
G1 X368.250175 Y621.999521 Z0;
G1 X368.836115 Y621.999521 Z0;
G1 X369.836115 Y622.999521 Z0;
G1 X370.836115 Y622.999521 Z0;
G1 X373.043145 Y622.999521 Z0;
G1 X373.043145 Y621.999521 Z0;
G1 X371.250175 Y621.999521 Z0;
G1 X370.250175 Y620.999521 Z0;
G1 X369.250175 Y620.999521 Z0;
G1 X368.250175 Y619.999521 Z0;
G1 X367.250175 Y619.999521 Z0;
G1 X366.250175 Y618.999521 Z0;
G1 X365.250175 Y618.999521 Z0;
G1 X364.250175 Y618.999521 Z0;
G1 X363.396665 Y618.146001 Z0;
G1 X363.043145 Y617.792491 Z0;
G0 X363.043145 Y617.792491 Z1;
;path#polyline57
G0 X263.543145 Y617.499521 Z1;
G1 X263.543145 Y618.706551 Z0;
G1 X264.336115 Y619.499521 Z0;
G1 X263.836115 Y619.999521 Z0;
G1 X262.836115 Y619.999521 Z0;
G1 X261.543145 Y621.292491 Z0;
G1 X261.336115 Y621.499521 Z0;
G1 X261.543145 Y621.706551 Z0;
G1 X261.543145 Y622.999521 Z0;
G1 X262.836115 Y622.999521 Z0;
G1 X265.836115 Y625.999521 Z0;
G1 X266.836115 Y625.999521 Z0;
G1 X270.043145 Y625.999521 Z0;
G1 X270.043145 Y624.999521 Z0;
G1 X267.250175 Y624.999521 Z0;
G1 X264.250175 Y621.999521 Z0;
G1 X263.250175 Y621.999521 Z0;
G1 X262.750175 Y621.499521 Z0;
G1 X263.250175 Y620.999521 Z0;
G1 X264.250175 Y620.999521 Z0;
G1 X265.043145 Y620.206551 Z0;
G1 X268.836115 Y623.999521 Z0;
G1 X270.043145 Y623.999521 Z0;
G1 X271.836115 Y623.999521 Z0;
G1 X272.836115 Y624.999521 Z0;
G1 X273.836115 Y624.999521 Z0;
G1 X274.836115 Y625.999521 Z0;
G1 X275.836115 Y625.999521 Z0;
G1 X277.543145 Y627.706551 Z0;
G1 X278.689625 Y628.853041 Z0;
G1 X279.396665 Y628.146001 Z0;
G1 X278.543145 Y627.292491 Z0;
G1 X278.543145 Y626.292491 Z0;
G1 X277.250175 Y624.999521 Z0;
G1 X276.250175 Y624.999521 Z0;
G1 X275.250175 Y623.999521 Z0;
G1 X274.250175 Y623.999521 Z0;
G1 X273.250175 Y623.999521 Z0;
G1 X272.250175 Y622.999521 Z0;
G1 X270.043145 Y622.999521 Z0;
G1 X269.250175 Y622.999521 Z0;
G1 X265.750175 Y619.499521 Z0;
G1 X265.043145 Y618.792491 Z0;
G1 X264.543145 Y618.292491 Z0;
G1 X264.543145 Y617.499521 Z0;
G1 X263.543145 Y617.499521 Z0;
G0 X263.543145 Y617.499521 Z1;
;path#polyline58_1
G0 X295.689625 Y615.146001 Z1;
G1 X294.336115 Y616.499521 Z0;
G1 X295.689625 Y617.853041 Z0;
G1 X296.543145 Y618.706551 Z0;
G1 X296.543145 Y619.706551 Z0;
G1 X297.543145 Y620.706551 Z0;
G1 X297.543145 Y622.292491 Z0;
G1 X297.543145 Y624.706551 Z0;
G1 X298.836115 Y625.999521 Z0;
G1 X299.836115 Y626.999521 Z0;
G1 X300.836115 Y626.999521 Z0;
G1 X301.836115 Y627.999521 Z0;
G1 X302.836115 Y627.999521 Z0;
G1 X304.836115 Y629.999521 Z0;
G1 X305.836115 Y629.999521 Z0;
G1 X306.543145 Y630.706551 Z0;
G1 X306.543145 Y631.706551 Z0;
G1 X308.543145 Y633.706551 Z0;
G1 X308.543145 Y631.292491 Z0;
G1 X307.543145 Y630.292491 Z0;
G1 X307.543145 Y628.999521 Z0;
G1 X306.250175 Y628.999521 Z0;
G1 X304.250175 Y626.999521 Z0;
G1 X303.250175 Y626.999521 Z0;
G1 X302.250175 Y625.999521 Z0;
G1 X301.250175 Y625.999521 Z0;
G1 X300.750175 Y625.499521 Z0;
G1 X301.250175 Y624.999521 Z0;
G1 X303.836115 Y624.999521 Z0;
G1 X304.836115 Y625.999521 Z0;
G1 X305.836115 Y626.999521 Z0;
G1 X306.836115 Y626.999521 Z0;
G1 X307.836115 Y627.999521 Z0;
G1 X308.836115 Y627.999521 Z0;
G1 X309.836115 Y627.999521 Z0;
G1 X310.543145 Y628.706551 Z0;
G1 X310.543145 Y630.999521 Z0;
G1 X311.836115 Y630.999521 Z0;
G1 X312.836115 Y631.999521 Z0;
G1 X314.543145 Y631.999521 Z0;
G1 X314.543145 Y626.706551 Z0;
G1 X316.043145 Y625.206551 Z0;
G1 X316.836115 Y625.999521 Z0;
G1 X317.836115 Y625.999521 Z0;
G1 X319.836115 Y625.999521 Z0;
G1 X320.543145 Y626.706551 Z0;
G1 X320.543145 Y627.706551 Z0;
G1 X321.836115 Y628.999521 Z0;
G1 X322.836115 Y628.999521 Z0;
G1 X325.250175 Y628.999521 Z0;
G1 X325.836115 Y628.999521 Z0;
G1 X327.543145 Y630.706551 Z0;
G1 X327.543145 Y631.706551 Z0;
G1 X329.336115 Y633.499521 Z0;
G1 X328.689625 Y634.146001 Z0;
G1 X329.396665 Y634.853041 Z0;
G1 X330.543145 Y633.706551 Z0;
G1 X330.750175 Y633.499521 Z0;
G1 X330.543145 Y633.292491 Z0;
G1 X330.543145 Y632.292491 Z0;
G1 X328.543145 Y630.292491 Z0;
G1 X328.543145 Y629.292491 Z0;
G1 X326.043145 Y626.792491 Z0;
G1 X324.836115 Y627.999521 Z0;
G1 X323.250175 Y627.999521 Z0;
G1 X321.543145 Y626.292491 Z0;
G1 X321.543145 Y624.999521 Z0;
G1 X320.250175 Y624.999521 Z0;
G1 X318.250175 Y624.999521 Z0;
G1 X317.543145 Y624.292491 Z0;
G1 X317.543145 Y622.999521 Z0;
G1 X315.543145 Y622.999521 Z0;
G1 X315.543145 Y624.292491 Z0;
G1 X314.043145 Y625.792491 Z0;
G1 X313.543145 Y625.292491 Z0;
G1 X313.543145 Y622.292491 Z0;
G1 X310.543145 Y625.292491 Z0;
G1 X310.543145 Y626.292491 Z0;
G1 X309.836115 Y626.999521 Z0;
G1 X309.250175 Y626.999521 Z0;
G1 X308.250175 Y625.999521 Z0;
G1 X307.250175 Y625.999521 Z0;
G1 X306.250175 Y624.999521 Z0;
G1 X305.250175 Y624.999521 Z0;
G1 X304.250175 Y623.999521 Z0;
G1 X300.836115 Y623.999521 Z0;
G1 X299.836115 Y624.999521 Z0;
G1 X299.250175 Y624.999521 Z0;
G1 X298.543145 Y624.292491 Z0;
G1 X298.543145 Y622.706551 Z0;
G1 X299.043145 Y622.206551 Z0;
G1 X299.836115 Y622.999521 Z0;
G1 X301.043145 Y622.999521 Z0;
G1 X301.043145 Y621.999521 Z0;
G1 X300.250175 Y621.999521 Z0;
G1 X299.043145 Y620.792491 Z0;
G1 X298.543145 Y620.292491 Z0;
G1 X297.543145 Y619.292491 Z0;
G1 X297.543145 Y618.292491 Z0;
G1 X296.396665 Y617.146001 Z0;
G1 X295.750175 Y616.499521 Z0;
G1 X296.396665 Y615.853041 Z0;
G1 X295.689625 Y615.146001 Z0;
G0 X295.689625 Y615.146001 Z1;
;path#polyline58_2
G0 X312.543145 Y624.706551 Z1;
G1 X312.543145 Y625.706551 Z0;
G1 X313.543145 Y626.706551 Z0;
G1 X313.543145 Y630.999521 Z0;
G1 X313.250175 Y630.999521 Z0;
G1 X312.250175 Y629.999521 Z0;
G1 X311.543145 Y629.999521 Z0;
G1 X311.543145 Y628.292491 Z0;
G1 X310.750175 Y627.499521 Z0;
G1 X311.543145 Y626.706551 Z0;
G1 X311.543145 Y625.706551 Z0;
G1 X312.543145 Y624.706551 Z0;
G0 X312.543145 Y624.706551 Z1;
;path#polyline60_1
G0 X468.543145 Y611.499521 Z1;
G1 X468.543145 Y612.292491 Z0;
G1 X462.836115 Y617.999521 Z0;
G1 X461.836115 Y617.999521 Z0;
G1 X460.836115 Y618.999521 Z0;
G1 X459.836115 Y619.999521 Z0;
G1 X458.543145 Y619.999521 Z0;
G1 X458.543145 Y622.706551 Z0;
G1 X460.250175 Y620.999521 Z0;
G1 X461.250175 Y619.999521 Z0;
G1 X462.250175 Y619.999521 Z0;
G1 X463.250175 Y618.999521 Z0;
G1 X463.836115 Y618.999521 Z0;
G1 X465.043145 Y620.206551 Z0;
G1 X466.250175 Y618.999521 Z0;
G1 X467.250175 Y618.999521 Z0;
G1 X468.250175 Y618.999521 Z0;
G1 X472.543145 Y614.706551 Z0;
G1 X472.543145 Y613.706551 Z0;
G1 X472.543145 Y612.499521 Z0;
G1 X471.543145 Y612.499521 Z0;
G1 X471.543145 Y613.292491 Z0;
G1 X466.836115 Y617.999521 Z0;
G1 X466.250175 Y617.999521 Z0;
G1 X465.750175 Y617.499521 Z0;
G1 X469.396665 Y613.853041 Z0;
G1 X468.896665 Y613.353041 Z0;
G1 X469.543145 Y612.706551 Z0;
G1 X469.543145 Y611.499521 Z0;
G1 X468.543145 Y611.499521 Z0;
G0 X468.543145 Y611.499521 Z1;
;path#polyline60_2
G0 X464.543145 Y617.706551 Z1;
G1 X465.336115 Y618.499521 Z0;
G1 X465.043145 Y618.792491 Z0;
G1 X464.250175 Y617.999521 Z0;
G1 X464.543145 Y617.706551 Z0;
G0 X464.543145 Y617.706551 Z1;
;path#polyline61
G0 X304.543145 Y610.499521 Z1;
G1 X304.543145 Y611.999521 Z0;
G1 X305.836115 Y611.999521 Z0;
G1 X306.543145 Y612.706551 Z0;
G1 X306.543145 Y613.706551 Z0;
G1 X306.543145 Y614.706551 Z0;
G1 X307.543145 Y615.706551 Z0;
G1 X307.543145 Y616.706551 Z0;
G1 X309.836115 Y618.999521 Z0;
G1 X312.250175 Y618.999521 Z0;
G1 X308.543145 Y615.292491 Z0;
G1 X308.543145 Y614.292491 Z0;
G1 X307.543145 Y613.292491 Z0;
G1 X307.543145 Y612.292491 Z0;
G1 X306.543145 Y611.292491 Z0;
G1 X306.543145 Y610.499521 Z0;
G1 X305.543145 Y610.499521 Z0;
G1 X304.543145 Y610.499521 Z0;
G0 X304.543145 Y610.499521 Z1;
;path#polyline62
G0 X363.836115 Y608.999521 Z1;
G1 X363.189625 Y609.646001 Z0;
G1 X362.689625 Y609.146001 Z0;
G1 X361.836115 Y609.999521 Z0;
G1 X361.043145 Y609.999521 Z0;
G1 X361.043145 Y610.999521 Z0;
G1 X361.836115 Y610.999521 Z0;
G1 X363.836115 Y612.999521 Z0;
G1 X364.836115 Y612.999521 Z0;
G1 X366.836115 Y614.999521 Z0;
G1 X367.836115 Y614.999521 Z0;
G1 X369.836115 Y616.999521 Z0;
G1 X372.250175 Y616.999521 Z0;
G1 X369.250175 Y613.999521 Z0;
G1 X368.250175 Y613.999521 Z0;
G1 X366.250175 Y611.999521 Z0;
G1 X365.250175 Y611.999521 Z0;
G1 X363.750175 Y610.499521 Z0;
G1 X364.250175 Y609.999521 Z0;
G1 X367.836115 Y609.999521 Z0;
G1 X368.543145 Y610.706551 Z0;
G1 X368.543145 Y611.706551 Z0;
G1 X370.836115 Y613.999521 Z0;
G1 X371.836115 Y613.999521 Z0;
G1 X375.543145 Y617.706551 Z0;
G1 X376.543145 Y618.706551 Z0;
G1 X376.543145 Y619.706551 Z0;
G1 X377.836115 Y620.999521 Z0;
G1 X378.836115 Y621.999521 Z0;
G1 X379.836115 Y621.999521 Z0;
G1 X382.543145 Y624.706551 Z0;
G1 X382.543145 Y625.706551 Z0;
G1 X384.836115 Y627.999521 Z0;
G1 X385.836115 Y627.999521 Z0;
G1 X386.836115 Y628.999521 Z0;
G1 X389.250175 Y628.999521 Z0;
G1 X387.250175 Y626.999521 Z0;
G1 X386.250175 Y626.999521 Z0;
G1 X383.543145 Y624.292491 Z0;
G1 X383.543145 Y623.292491 Z0;
G1 X381.250175 Y620.999521 Z0;
G1 X380.250175 Y620.999521 Z0;
G1 X379.250175 Y619.999521 Z0;
G1 X378.250175 Y619.999521 Z0;
G1 X377.543145 Y619.292491 Z0;
G1 X377.543145 Y618.292491 Z0;
G1 X376.543145 Y617.292491 Z0;
G1 X376.543145 Y616.292491 Z0;
G1 X373.250175 Y612.999521 Z0;
G1 X372.250175 Y612.999521 Z0;
G1 X369.543145 Y610.292491 Z0;
G1 X368.396665 Y609.146001 Z0;
G1 X368.250175 Y608.999521 Z0;
G1 X363.836115 Y608.999521 Z0;
G0 X363.836115 Y608.999521 Z1;
;path#polyline63
G0 X225.836115 Y607.999521 Z1;
G1 X225.189625 Y608.646001 Z0;
G1 X224.689625 Y608.146001 Z0;
G1 X223.836115 Y608.999521 Z0;
G1 X221.836115 Y608.999521 Z0;
G1 X220.836115 Y609.999521 Z0;
G1 X216.836115 Y609.999521 Z0;
G1 X215.836115 Y610.999521 Z0;
G1 X212.836115 Y610.999521 Z0;
G1 X211.836115 Y611.999521 Z0;
G1 X210.836115 Y611.999521 Z0;
G1 X209.836115 Y611.999521 Z0;
G1 X208.836115 Y612.999521 Z0;
G1 X205.836115 Y612.999521 Z0;
G1 X208.043145 Y615.206551 Z0;
G1 X209.250175 Y613.999521 Z0;
G1 X210.250175 Y613.999521 Z0;
G1 X211.250175 Y612.999521 Z0;
G1 X212.250175 Y612.999521 Z0;
G1 X213.250175 Y611.999521 Z0;
G1 X216.250175 Y611.999521 Z0;
G1 X217.250175 Y610.999521 Z0;
G1 X221.250175 Y610.999521 Z0;
G1 X222.250175 Y609.999521 Z0;
G1 X224.250175 Y609.999521 Z0;
G1 X225.250175 Y609.999521 Z0;
G1 X226.250175 Y608.999521 Z0;
G1 X230.043145 Y608.999521 Z0;
G1 X230.043145 Y607.999521 Z0;
G1 X225.836115 Y607.999521 Z0;
G0 X225.836115 Y607.999521 Z1;
;path#polyline64
G0 X580.836115 Y605.999521 Z1;
G1 X580.689625 Y606.146001 Z0;
G1 X579.836115 Y606.999521 Z0;
G1 X576.836115 Y606.999521 Z0;
G1 X575.836115 Y607.999521 Z0;
G1 X572.836115 Y607.999521 Z0;
G1 X571.836115 Y608.999521 Z0;
G1 X569.836115 Y608.999521 Z0;
G1 X568.836115 Y609.999521 Z0;
G1 X567.836115 Y609.999521 Z0;
G1 X566.836115 Y610.999521 Z0;
G1 X565.836115 Y610.999521 Z0;
G1 X564.836115 Y610.999521 Z0;
G1 X562.836115 Y612.999521 Z0;
G1 X561.836115 Y612.999521 Z0;
G1 X560.836115 Y613.999521 Z0;
G1 X559.836115 Y613.999521 Z0;
G1 X558.836115 Y614.999521 Z0;
G1 X556.836115 Y616.999521 Z0;
G1 X555.836115 Y616.999521 Z0;
G1 X554.836115 Y616.999521 Z0;
G1 X553.836115 Y617.999521 Z0;
G1 X552.836115 Y618.999521 Z0;
G1 X551.836115 Y618.999521 Z0;
G1 X550.836115 Y618.999521 Z0;
G1 X549.836115 Y619.999521 Z0;
G1 X548.836115 Y619.999521 Z0;
G1 X547.836115 Y620.999521 Z0;
G1 X546.836115 Y621.999521 Z0;
G1 X545.836115 Y621.999521 Z0;
G1 X544.836115 Y621.999521 Z0;
G1 X543.836115 Y622.999521 Z0;
G1 X542.836115 Y622.999521 Z0;
G1 X541.836115 Y623.999521 Z0;
G1 X540.836115 Y623.999521 Z0;
G1 X539.836115 Y624.999521 Z0;
G1 X539.043145 Y624.999521 Z0;
G1 X539.043145 Y625.999521 Z0;
G1 X540.250175 Y625.999521 Z0;
G1 X540.836115 Y625.999521 Z0;
G1 X541.836115 Y626.999521 Z0;
G1 X543.043145 Y626.999521 Z0;
G1 X543.043145 Y625.999521 Z0;
G1 X542.250175 Y625.999521 Z0;
G1 X541.750175 Y625.499521 Z0;
G1 X542.250175 Y624.999521 Z0;
G1 X543.250175 Y624.999521 Z0;
G1 X544.250175 Y623.999521 Z0;
G1 X545.250175 Y623.999521 Z0;
G1 X546.250175 Y622.999521 Z0;
G1 X547.250175 Y622.999521 Z0;
G1 X548.250175 Y621.999521 Z0;
G1 X549.250175 Y621.999521 Z0;
G1 X550.250175 Y620.999521 Z0;
G1 X551.250175 Y620.999521 Z0;
G1 X552.250175 Y619.999521 Z0;
G1 X553.250175 Y619.999521 Z0;
G1 X554.250175 Y618.999521 Z0;
G1 X555.250175 Y618.999521 Z0;
G1 X556.250175 Y617.999521 Z0;
G1 X557.250175 Y617.999521 Z0;
G1 X559.250175 Y615.999521 Z0;
G1 X560.250175 Y615.999521 Z0;
G1 X561.250175 Y614.999521 Z0;
G1 X562.250175 Y614.999521 Z0;
G1 X563.250175 Y613.999521 Z0;
G1 X564.250175 Y613.999521 Z0;
G1 X566.250175 Y611.999521 Z0;
G1 X567.250175 Y611.999521 Z0;
G1 X568.250175 Y610.999521 Z0;
G1 X569.250175 Y610.999521 Z0;
G1 X570.250175 Y609.999521 Z0;
G1 X572.250175 Y609.999521 Z0;
G1 X573.250175 Y608.999521 Z0;
G1 X576.250175 Y608.999521 Z0;
G1 X577.250175 Y607.999521 Z0;
G1 X580.250175 Y607.999521 Z0;
G1 X581.250175 Y606.999521 Z0;
G1 X583.043145 Y606.999521 Z0;
G1 X583.043145 Y605.999521 Z0;
G1 X580.836115 Y605.999521 Z0;
G0 X580.836115 Y605.999521 Z1;
;path#polyline65
G0 X222.836115 Y604.999521 Z1;
G1 X222.189625 Y605.646001 Z0;
G1 X221.689625 Y605.146001 Z0;
G1 X220.836115 Y605.999521 Z0;
G1 X217.836115 Y605.999521 Z0;
G1 X216.836115 Y606.999521 Z0;
G1 X214.836115 Y606.999521 Z0;
G1 X211.836115 Y606.999521 Z0;
G1 X210.836115 Y607.999521 Z0;
G1 X209.836115 Y607.999521 Z0;
G1 X207.836115 Y609.999521 Z0;
G1 X207.043145 Y609.999521 Z0;
G1 X207.043145 Y610.999521 Z0;
G1 X208.250175 Y610.999521 Z0;
G1 X209.250175 Y610.999521 Z0;
G1 X211.250175 Y608.999521 Z0;
G1 X214.250175 Y608.999521 Z0;
G1 X215.250175 Y607.999521 Z0;
G1 X217.250175 Y607.999521 Z0;
G1 X218.250175 Y606.999521 Z0;
G1 X221.250175 Y606.999521 Z0;
G1 X222.250175 Y606.999521 Z0;
G1 X223.250175 Y605.999521 Z0;
G1 X224.836115 Y605.999521 Z0;
G1 X226.043145 Y607.206551 Z0;
G1 X227.396665 Y605.853041 Z0;
G1 X226.689625 Y605.146001 Z0;
G1 X226.043145 Y605.792491 Z0;
G1 X225.250175 Y604.999521 Z0;
G1 X222.836115 Y604.999521 Z0;
G0 X222.836115 Y604.999521 Z1;
;path#polyline66_1
G0 X341.043145 Y599.792491 Z1;
G1 X338.836115 Y601.999521 Z0;
G1 X338.250175 Y601.999521 Z0;
G1 X337.543145 Y601.292491 Z0;
G1 X337.543145 Y600.499521 Z0;
G1 X336.750175 Y600.499521 Z0;
G1 X336.396665 Y600.146001 Z0;
G1 X335.689625 Y600.853041 Z0;
G1 X336.543145 Y601.706551 Z0;
G1 X337.836115 Y602.999521 Z0;
G1 X338.836115 Y603.999521 Z0;
G1 X339.836115 Y603.999521 Z0;
G1 X342.336115 Y606.499521 Z0;
G1 X344.836115 Y608.999521 Z0;
G1 X345.836115 Y609.999521 Z0;
G1 X348.250175 Y609.999521 Z0;
G1 X346.250175 Y607.999521 Z0;
G1 X345.250175 Y607.999521 Z0;
G1 X343.750175 Y606.499521 Z0;
G1 X345.043145 Y605.206551 Z0;
G1 X346.543145 Y606.706551 Z0;
G1 X346.543145 Y604.706551 Z0;
G1 X347.043145 Y604.206551 Z0;
G1 X348.250175 Y602.999521 Z0;
G1 X349.836115 Y602.999521 Z0;
G1 X351.543145 Y604.706551 Z0;
G1 X351.543145 Y605.706551 Z0;
G1 X352.836115 Y606.999521 Z0;
G1 X353.836115 Y606.999521 Z0;
G1 X354.836115 Y606.999521 Z0;
G1 X355.836115 Y607.999521 Z0;
G1 X356.836115 Y607.999521 Z0;
G1 X358.250175 Y607.999521 Z0;
G1 X359.836115 Y607.999521 Z0;
G1 X362.043145 Y607.999521 Z0;
G1 X362.043145 Y606.999521 Z0;
G1 X360.250175 Y606.999521 Z0;
G1 X359.750175 Y606.499521 Z0;
G1 X360.250175 Y605.999521 Z0;
G1 X361.250175 Y604.999521 Z0;
G1 X364.250175 Y604.999521 Z0;
G1 X365.250175 Y603.999521 Z0;
G1 X366.250175 Y603.999521 Z0;
G1 X367.043145 Y603.206551 Z0;
G1 X368.836115 Y604.999521 Z0;
G1 X371.250175 Y604.999521 Z0;
G1 X368.250175 Y601.999521 Z0;
G1 X367.250175 Y601.999521 Z0;
G1 X367.043145 Y601.792491 Z0;
G1 X366.836115 Y601.999521 Z0;
G1 X365.836115 Y601.999521 Z0;
G1 X364.836115 Y602.999521 Z0;
G1 X363.836115 Y603.999521 Z0;
G1 X360.836115 Y603.999521 Z0;
G1 X359.836115 Y604.999521 Z0;
G1 X359.250175 Y604.999521 Z0;
G1 X358.250175 Y603.999521 Z0;
G1 X357.250175 Y603.999521 Z0;
G1 X355.250175 Y603.999521 Z0;
G1 X354.396665 Y603.146001 Z0;
G1 X353.689625 Y603.853041 Z0;
G1 X354.836115 Y604.999521 Z0;
G1 X356.836115 Y604.999521 Z0;
G1 X358.336115 Y606.499521 Z0;
G1 X357.836115 Y606.999521 Z0;
G1 X357.250175 Y606.999521 Z0;
G1 X356.250175 Y605.999521 Z0;
G1 X355.250175 Y605.999521 Z0;
G1 X354.250175 Y605.999521 Z0;
G1 X352.543145 Y604.292491 Z0;
G1 X350.250175 Y601.999521 Z0;
G1 X347.836115 Y601.999521 Z0;
G1 X347.043145 Y602.792491 Z0;
G1 X346.250175 Y601.999521 Z0;
G1 X345.250175 Y601.999521 Z0;
G1 X344.250175 Y600.999521 Z0;
G1 X342.250175 Y600.999521 Z0;
G1 X341.043145 Y599.792491 Z0;
G0 X341.043145 Y599.792491 Z1;
;path#polyline66_2
G0 X341.043145 Y601.206551 Z1;
G1 X341.836115 Y601.999521 Z0;
G1 X343.836115 Y601.999521 Z0;
G1 X344.836115 Y602.999521 Z0;
G1 X345.836115 Y602.999521 Z0;
G1 X346.336115 Y603.499521 Z0;
G1 X345.543145 Y604.292491 Z0;
G1 X345.043145 Y603.792491 Z0;
G1 X343.043145 Y605.792491 Z0;
G1 X340.250175 Y602.999521 Z0;
G1 X339.250175 Y602.999521 Z0;
G1 X341.043145 Y601.206551 Z0;
G0 X341.043145 Y601.206551 Z1;
;path#polyline67
G0 X231.836115 Y594.999521 Z1;
G1 X231.189625 Y595.646001 Z0;
G1 X230.689625 Y595.146001 Z0;
G1 X229.543145 Y596.292491 Z0;
G1 X229.543145 Y597.292491 Z0;
G1 X228.543145 Y598.292491 Z0;
G1 X227.836115 Y598.999521 Z0;
G1 X225.836115 Y598.999521 Z0;
G1 X224.836115 Y598.999521 Z0;
G1 X223.836115 Y599.999521 Z0;
G1 X220.836115 Y599.999521 Z0;
G1 X219.836115 Y600.999521 Z0;
G1 X218.836115 Y600.999521 Z0;
G1 X217.836115 Y600.999521 Z0;
G1 X216.836115 Y601.999521 Z0;
G1 X216.043145 Y601.999521 Z0;
G1 X216.043145 Y602.999521 Z0;
G1 X217.250175 Y602.999521 Z0;
G1 X217.836115 Y602.999521 Z0;
G1 X218.836115 Y603.999521 Z0;
G1 X222.043145 Y603.999521 Z0;
G1 X222.043145 Y602.999521 Z0;
G1 X219.250175 Y602.999521 Z0;
G1 X218.750175 Y602.499521 Z0;
G1 X219.250175 Y601.999521 Z0;
G1 X220.250175 Y601.999521 Z0;
G1 X221.250175 Y600.999521 Z0;
G1 X224.250175 Y600.999521 Z0;
G1 X225.250175 Y600.999521 Z0;
G1 X226.250175 Y599.999521 Z0;
G1 X228.250175 Y599.999521 Z0;
G1 X229.543145 Y599.999521 Z0;
G1 X229.543145 Y598.706551 Z0;
G1 X230.543145 Y597.706551 Z0;
G1 X232.250175 Y595.999521 Z0;
G1 X235.043145 Y595.999521 Z0;
G1 X235.043145 Y594.999521 Z0;
G1 X231.836115 Y594.999521 Z0;
G0 X231.836115 Y594.999521 Z1;
;path#polyline68
G0 X292.043145 Y589.999521 Z1;
G1 X292.043145 Y590.999521 Z0;
G1 X292.836115 Y590.999521 Z0;
G1 X295.543145 Y593.706551 Z0;
G1 X295.543145 Y594.706551 Z0;
G1 X296.836115 Y595.999521 Z0;
G1 X299.250175 Y595.999521 Z0;
G1 X296.543145 Y593.292491 Z0;
G1 X293.396665 Y590.146001 Z0;
G1 X293.250175 Y589.999521 Z0;
G1 X292.043145 Y589.999521 Z0;
G0 X292.043145 Y589.999521 Z1;
;path#polyline69
G0 X319.396665 Y589.146001 Z1;
G1 X318.689625 Y589.853041 Z0;
G1 X319.836115 Y590.999521 Z0;
G1 X320.836115 Y590.999521 Z0;
G1 X321.836115 Y590.999521 Z0;
G1 X322.836115 Y591.999521 Z0;
G1 X323.836115 Y591.999521 Z0;
G1 X324.836115 Y592.999521 Z0;
G1 X325.836115 Y592.999521 Z0;
G1 X327.543145 Y594.706551 Z0;
G1 X327.543145 Y595.292491 Z0;
G1 X326.543145 Y596.292491 Z0;
G1 X326.543145 Y597.292491 Z0;
G1 X325.543145 Y598.292491 Z0;
G1 X325.336115 Y598.499521 Z0;
G1 X325.543145 Y598.706551 Z0;
G1 X325.543145 Y599.999521 Z0;
G1 X326.836115 Y599.999521 Z0;
G1 X327.836115 Y599.999521 Z0;
G1 X328.836115 Y600.999521 Z0;
G1 X329.836115 Y600.999521 Z0;
G1 X330.836115 Y601.999521 Z0;
G1 X331.836115 Y601.999521 Z0;
G1 X336.543145 Y606.706551 Z0;
G1 X337.336115 Y607.499521 Z0;
G1 X335.836115 Y608.999521 Z0;
G1 X337.836115 Y608.999521 Z0;
G1 X342.543145 Y613.706551 Z0;
G1 X342.543145 Y614.292491 Z0;
G1 X342.336115 Y614.499521 Z0;
G1 X342.543145 Y614.706551 Z0;
G1 X343.836115 Y615.999521 Z0;
G1 X344.543145 Y616.706551 Z0;
G1 X344.543145 Y618.292491 Z0;
G1 X344.543145 Y619.292491 Z0;
G1 X342.543145 Y621.292491 Z0;
G1 X342.543145 Y622.706551 Z0;
G1 X342.543145 Y623.999521 Z0;
G1 X343.836115 Y623.999521 Z0;
G1 X345.836115 Y625.999521 Z0;
G1 X346.836115 Y625.999521 Z0;
G1 X347.836115 Y626.999521 Z0;
G1 X348.836115 Y626.999521 Z0;
G1 X349.336115 Y627.499521 Z0;
G1 X348.689625 Y628.146001 Z0;
G1 X349.396665 Y628.853041 Z0;
G1 X350.043145 Y628.206551 Z0;
G1 X351.543145 Y629.706551 Z0;
G1 X351.543145 Y626.999521 Z0;
G1 X350.250175 Y626.999521 Z0;
G1 X350.043145 Y626.792491 Z0;
G1 X349.250175 Y625.999521 Z0;
G1 X348.250175 Y624.999521 Z0;
G1 X347.250175 Y624.999521 Z0;
G1 X345.250175 Y622.999521 Z0;
G1 X344.250175 Y622.999521 Z0;
G1 X343.543145 Y622.292491 Z0;
G1 X343.543145 Y621.706551 Z0;
G1 X345.543145 Y619.706551 Z0;
G1 X345.543145 Y618.706551 Z0;
G1 X346.043145 Y618.206551 Z0;
G1 X347.543145 Y619.706551 Z0;
G1 X347.543145 Y620.706551 Z0;
G1 X350.336115 Y623.499521 Z0;
G1 X349.689625 Y624.146001 Z0;
G1 X350.396665 Y624.853041 Z0;
G1 X351.043145 Y624.206551 Z0;
G1 X351.689625 Y624.853041 Z0;
G1 X352.396665 Y624.146001 Z0;
G1 X351.750175 Y623.499521 Z0;
G1 X351.543145 Y623.292491 Z0;
G1 X351.543145 Y622.292491 Z0;
G1 X348.543145 Y619.292491 Z0;
G1 X346.043145 Y616.792491 Z0;
G1 X345.543145 Y616.292491 Z0;
G1 X345.543145 Y614.999521 Z0;
G1 X344.250175 Y614.999521 Z0;
G1 X343.750175 Y614.499521 Z0;
G1 X344.750175 Y613.499521 Z0;
G1 X338.750175 Y607.499521 Z0;
G1 X337.543145 Y606.292491 Z0;
G1 X337.543145 Y605.292491 Z0;
G1 X333.250175 Y600.999521 Z0;
G1 X332.250175 Y600.999521 Z0;
G1 X331.250175 Y599.999521 Z0;
G1 X330.250175 Y599.999521 Z0;
G1 X329.250175 Y598.999521 Z0;
G1 X328.250175 Y598.999521 Z0;
G1 X327.250175 Y598.999521 Z0;
G1 X326.750175 Y598.499521 Z0;
G1 X327.543145 Y597.706551 Z0;
G1 X328.543145 Y596.706551 Z0;
G1 X328.543145 Y595.706551 Z0;
G1 X329.250175 Y594.999521 Z0;
G1 X330.836115 Y594.999521 Z0;
G1 X331.836115 Y595.999521 Z0;
G1 X332.836115 Y595.999521 Z0;
G1 X334.836115 Y595.999521 Z0;
G1 X335.543145 Y596.706551 Z0;
G1 X335.543145 Y597.292491 Z0;
G1 X333.836115 Y598.999521 Z0;
G1 X336.543145 Y598.999521 Z0;
G1 X336.543145 Y597.706551 Z0;
G1 X337.250175 Y596.999521 Z0;
G1 X338.836115 Y596.999521 Z0;
G1 X340.836115 Y598.999521 Z0;
G1 X343.043145 Y598.999521 Z0;
G1 X343.043145 Y597.999521 Z0;
G1 X341.250175 Y597.999521 Z0;
G1 X339.250175 Y595.999521 Z0;
G1 X336.836115 Y595.999521 Z0;
G1 X336.250175 Y595.999521 Z0;
G1 X335.250175 Y594.999521 Z0;
G1 X333.250175 Y594.999521 Z0;
G1 X332.250175 Y593.999521 Z0;
G1 X331.250175 Y593.999521 Z0;
G1 X329.250175 Y593.999521 Z0;
G1 X327.250175 Y591.999521 Z0;
G1 X326.250175 Y591.999521 Z0;
G1 X325.250175 Y590.999521 Z0;
G1 X324.250175 Y590.999521 Z0;
G1 X323.250175 Y590.999521 Z0;
G1 X322.250175 Y589.999521 Z0;
G1 X321.250175 Y589.999521 Z0;
G1 X320.396665 Y589.146001 Z0;
G1 X319.896665 Y589.646001 Z0;
G1 X319.396665 Y589.146001 Z0;
G0 X319.396665 Y589.146001 Z1;
;path#polyline70
G0 X479.543145 Y586.499521 Z1;
G1 X479.543145 Y587.999521 Z0;
G1 X480.836115 Y587.999521 Z0;
G1 X482.543145 Y589.706551 Z0;
G1 X482.543145 Y590.292491 Z0;
G1 X481.543145 Y591.292491 Z0;
G1 X481.543145 Y592.292491 Z0;
G1 X480.543145 Y593.292491 Z0;
G1 X480.336115 Y593.499521 Z0;
G1 X480.543145 Y593.706551 Z0;
G1 X480.543145 Y594.292491 Z0;
G1 X479.543145 Y595.292491 Z0;
G1 X479.543145 Y596.292491 Z0;
G1 X478.543145 Y597.292491 Z0;
G1 X478.543145 Y598.292491 Z0;
G1 X477.543145 Y599.292491 Z0;
G1 X477.543145 Y600.292491 Z0;
G1 X477.543145 Y601.499521 Z0;
G1 X478.543145 Y601.499521 Z0;
G1 X478.543145 Y600.706551 Z0;
G1 X479.543145 Y599.706551 Z0;
G1 X479.543145 Y598.706551 Z0;
G1 X480.543145 Y597.706551 Z0;
G1 X480.543145 Y596.706551 Z0;
G1 X482.750175 Y594.499521 Z0;
G1 X481.750175 Y593.499521 Z0;
G1 X482.543145 Y592.706551 Z0;
G1 X483.543145 Y591.706551 Z0;
G1 X483.543145 Y590.706551 Z0;
G1 X483.543145 Y589.292491 Z0;
G1 X483.543145 Y587.999521 Z0;
G1 X482.250175 Y587.999521 Z0;
G1 X481.250175 Y586.999521 Z0;
G1 X480.543145 Y586.999521 Z0;
G1 X480.543145 Y586.499521 Z0;
G1 X479.543145 Y586.499521 Z0;
G0 X479.543145 Y586.499521 Z1;
;path#polyline71
G0 X294.396665 Y586.146001 Z1;
G1 X293.689625 Y586.853041 Z0;
G1 X294.543145 Y587.706551 Z0;
G1 X294.543145 Y588.292491 Z0;
G1 X294.543145 Y589.499521 Z0;
G1 X295.543145 Y589.499521 Z0;
G1 X295.543145 Y588.706551 Z0;
G1 X296.043145 Y588.206551 Z0;
G1 X298.543145 Y590.706551 Z0;
G1 X298.543145 Y591.706551 Z0;
G1 X299.543145 Y592.706551 Z0;
G1 X299.543145 Y593.706551 Z0;
G1 X299.543145 Y594.706551 Z0;
G1 X300.543145 Y595.706551 Z0;
G1 X300.543145 Y596.706551 Z0;
G1 X301.543145 Y597.706551 Z0;
G1 X301.543145 Y598.706551 Z0;
G1 X301.543145 Y599.706551 Z0;
G1 X302.543145 Y600.706551 Z0;
G1 X302.543145 Y601.706551 Z0;
G1 X303.543145 Y602.706551 Z0;
G1 X303.543145 Y603.292491 Z0;
G1 X303.543145 Y605.706551 Z0;
G1 X303.543145 Y606.706551 Z0;
G1 X305.543145 Y608.706551 Z0;
G1 X305.543145 Y606.292491 Z0;
G1 X304.543145 Y605.292491 Z0;
G1 X304.543145 Y603.706551 Z0;
G1 X305.250175 Y602.999521 Z0;
G1 X305.836115 Y602.999521 Z0;
G1 X306.543145 Y603.706551 Z0;
G1 X306.543145 Y604.706551 Z0;
G1 X307.543145 Y605.706551 Z0;
G1 X307.543145 Y607.706551 Z0;
G1 X308.543145 Y608.706551 Z0;
G1 X308.543145 Y610.499521 Z0;
G1 X309.543145 Y610.499521 Z0;
G1 X309.543145 Y608.292491 Z0;
G1 X308.543145 Y607.292491 Z0;
G1 X308.543145 Y605.292491 Z0;
G1 X307.543145 Y604.292491 Z0;
G1 X307.543145 Y603.292491 Z0;
G1 X307.543145 Y601.999521 Z0;
G1 X306.250175 Y601.999521 Z0;
G1 X305.250175 Y601.999521 Z0;
G1 X303.543145 Y600.292491 Z0;
G1 X303.543145 Y599.292491 Z0;
G1 X302.543145 Y598.292491 Z0;
G1 X302.543145 Y597.292491 Z0;
G1 X302.543145 Y596.292491 Z0;
G1 X301.543145 Y595.292491 Z0;
G1 X301.543145 Y594.292491 Z0;
G1 X300.543145 Y593.292491 Z0;
G1 X300.543145 Y592.292491 Z0;
G1 X300.543145 Y591.292491 Z0;
G1 X299.543145 Y590.292491 Z0;
G1 X299.543145 Y589.292491 Z0;
G1 X297.250175 Y586.999521 Z0;
G1 X296.250175 Y586.999521 Z0;
G1 X296.043145 Y586.792491 Z0;
G1 X295.836115 Y586.999521 Z0;
G1 X295.250175 Y586.999521 Z0;
G1 X294.396665 Y586.146001 Z0;
G0 X294.396665 Y586.146001 Z1;
;path#polyline72
G0 X498.689625 Y584.146001 Z1;
G1 X494.836115 Y587.999521 Z0;
G1 X493.836115 Y587.999521 Z0;
G1 X492.836115 Y588.999521 Z0;
G1 X491.836115 Y588.999521 Z0;
G1 X490.543145 Y590.292491 Z0;
G1 X490.543145 Y591.292491 Z0;
G1 X490.543145 Y592.292491 Z0;
G1 X488.543145 Y594.292491 Z0;
G1 X487.543145 Y595.292491 Z0;
G1 X487.543145 Y596.292491 Z0;
G1 X486.336115 Y597.499521 Z0;
G1 X487.543145 Y598.706551 Z0;
G1 X487.543145 Y600.706551 Z0;
G1 X487.543145 Y601.706551 Z0;
G1 X488.543145 Y602.706551 Z0;
G1 X488.543145 Y603.292491 Z0;
G1 X488.543145 Y604.292491 Z0;
G1 X486.836115 Y605.999521 Z0;
G1 X485.543145 Y607.292491 Z0;
G1 X485.543145 Y608.292491 Z0;
G1 X485.043145 Y608.792491 Z0;
G1 X484.250175 Y607.999521 Z0;
G1 X483.543145 Y607.292491 Z0;
G1 X483.543145 Y606.706551 Z0;
G1 X484.543145 Y605.706551 Z0;
G1 X484.543145 Y604.706551 Z0;
G1 X484.750175 Y604.499521 Z0;
G1 X485.250175 Y603.999521 Z0;
G1 X486.543145 Y603.999521 Z0;
G1 X486.543145 Y602.706551 Z0;
G1 X486.543145 Y601.499521 Z0;
G1 X485.543145 Y601.499521 Z0;
G1 X485.543145 Y602.292491 Z0;
G1 X484.836115 Y602.999521 Z0;
G1 X484.043145 Y603.792491 Z0;
G1 X483.250175 Y602.999521 Z0;
G1 X482.250175 Y602.999521 Z0;
G1 X481.043145 Y601.792491 Z0;
G1 X479.543145 Y603.292491 Z0;
G1 X479.543145 Y604.499521 Z0;
G1 X480.543145 Y604.499521 Z0;
G1 X480.543145 Y603.706551 Z0;
G1 X481.043145 Y603.206551 Z0;
G1 X481.836115 Y603.999521 Z0;
G1 X482.836115 Y603.999521 Z0;
G1 X483.336115 Y604.499521 Z0;
G1 X482.543145 Y605.292491 Z0;
G1 X482.543145 Y606.292491 Z0;
G1 X482.543145 Y607.706551 Z0;
G1 X482.543145 Y608.292491 Z0;
G1 X481.836115 Y608.999521 Z0;
G1 X480.543145 Y608.999521 Z0;
G1 X480.543145 Y610.292491 Z0;
G1 X479.836115 Y610.999521 Z0;
G1 X478.543145 Y610.999521 Z0;
G1 X478.543145 Y613.706551 Z0;
G1 X480.250175 Y611.999521 Z0;
G1 X481.543145 Y610.706551 Z0;
G1 X482.250175 Y609.999521 Z0;
G1 X483.250175 Y608.999521 Z0;
G1 X483.836115 Y608.999521 Z0;
G1 X484.836115 Y609.999521 Z0;
G1 X485.043145 Y610.206551 Z0;
G1 X485.250175 Y609.999521 Z0;
G1 X486.543145 Y609.999521 Z0;
G1 X486.543145 Y608.706551 Z0;
G1 X486.543145 Y607.706551 Z0;
G1 X487.250175 Y606.999521 Z0;
G1 X488.250175 Y606.999521 Z0;
G1 X489.543145 Y605.706551 Z0;
G1 X489.543145 Y604.706551 Z0;
G1 X489.543145 Y603.706551 Z0;
G1 X490.750175 Y602.499521 Z0;
G1 X488.543145 Y600.292491 Z0;
G1 X488.543145 Y598.292491 Z0;
G1 X487.750175 Y597.499521 Z0;
G1 X488.543145 Y596.706551 Z0;
G1 X489.543145 Y595.706551 Z0;
G1 X489.543145 Y594.706551 Z0;
G1 X491.543145 Y592.706551 Z0;
G1 X491.543145 Y591.706551 Z0;
G1 X493.250175 Y589.999521 Z0;
G1 X494.250175 Y589.999521 Z0;
G1 X495.250175 Y588.999521 Z0;
G1 X496.250175 Y588.999521 Z0;
G1 X500.396665 Y584.853041 Z0;
G1 X499.689625 Y584.146001 Z0;
G1 X499.189625 Y584.646001 Z0;
G1 X498.689625 Y584.146001 Z0;
G0 X498.689625 Y584.146001 Z1;
;path#polyline73
G0 X324.396665 Y580.146001 Z1;
G1 X323.689625 Y580.853041 Z0;
G1 X327.543145 Y584.706551 Z0;
G1 X327.543145 Y585.706551 Z0;
G1 X328.836115 Y586.999521 Z0;
G1 X329.836115 Y586.999521 Z0;
G1 X333.543145 Y590.706551 Z0;
G1 X333.543145 Y591.706551 Z0;
G1 X334.836115 Y592.999521 Z0;
G1 X335.836115 Y592.999521 Z0;
G1 X336.836115 Y592.999521 Z0;
G1 X337.836115 Y593.999521 Z0;
G1 X338.836115 Y594.999521 Z0;
G1 X339.836115 Y594.999521 Z0;
G1 X340.836115 Y595.999521 Z0;
G1 X341.836115 Y595.999521 Z0;
G1 X342.836115 Y595.999521 Z0;
G1 X343.836115 Y596.999521 Z0;
G1 X346.836115 Y596.999521 Z0;
G1 X347.543145 Y597.706551 Z0;
G1 X347.543145 Y598.292491 Z0;
G1 X346.836115 Y598.999521 Z0;
G1 X346.043145 Y598.999521 Z0;
G1 X346.043145 Y599.999521 Z0;
G1 X347.250175 Y599.999521 Z0;
G1 X348.836115 Y599.999521 Z0;
G1 X349.836115 Y599.999521 Z0;
G1 X350.836115 Y600.999521 Z0;
G1 X354.043145 Y600.999521 Z0;
G1 X354.043145 Y599.999521 Z0;
G1 X351.250175 Y599.999521 Z0;
G1 X350.250175 Y598.999521 Z0;
G1 X349.250175 Y598.999521 Z0;
G1 X348.543145 Y598.292491 Z0;
G1 X348.543145 Y597.706551 Z0;
G1 X349.250175 Y596.999521 Z0;
G1 X352.250175 Y596.999521 Z0;
G1 X350.750175 Y595.499521 Z0;
G1 X350.543145 Y595.292491 Z0;
G1 X350.543145 Y593.999521 Z0;
G1 X349.250175 Y593.999521 Z0;
G1 X348.250175 Y592.999521 Z0;
G1 X347.543145 Y592.292491 Z0;
G1 X346.396665 Y591.146001 Z0;
G1 X345.689625 Y591.853041 Z0;
G1 X346.543145 Y592.706551 Z0;
G1 X346.543145 Y593.999521 Z0;
G1 X347.836115 Y593.999521 Z0;
G1 X348.836115 Y594.999521 Z0;
G1 X349.336115 Y595.499521 Z0;
G1 X348.836115 Y595.999521 Z0;
G1 X348.043145 Y596.792491 Z0;
G1 X347.250175 Y595.999521 Z0;
G1 X344.250175 Y595.999521 Z0;
G1 X343.250175 Y594.999521 Z0;
G1 X342.250175 Y594.999521 Z0;
G1 X341.250175 Y593.999521 Z0;
G1 X340.250175 Y593.999521 Z0;
G1 X339.250175 Y592.999521 Z0;
G1 X338.250175 Y592.999521 Z0;
G1 X337.250175 Y591.999521 Z0;
G1 X336.250175 Y591.999521 Z0;
G1 X334.543145 Y590.292491 Z0;
G1 X334.543145 Y589.292491 Z0;
G1 X331.250175 Y585.999521 Z0;
G1 X330.250175 Y585.999521 Z0;
G1 X328.543145 Y584.292491 Z0;
G1 X328.543145 Y583.292491 Z0;
G1 X325.396665 Y580.146001 Z0;
G1 X324.896665 Y580.646001 Z0;
G1 X324.396665 Y580.146001 Z0;
G0 X324.396665 Y580.146001 Z1;
;path#polyline74
G0 X331.836115 Y577.999521 Z1;
G1 X331.689625 Y578.146001 Z0;
G1 X330.836115 Y578.999521 Z0;
G1 X329.543145 Y578.999521 Z0;
G1 X329.543145 Y580.292491 Z0;
G1 X329.336115 Y580.499521 Z0;
G1 X329.543145 Y580.706551 Z0;
G1 X330.836115 Y581.999521 Z0;
G1 X332.543145 Y583.706551 Z0;
G1 X332.543145 Y580.999521 Z0;
G1 X331.250175 Y580.999521 Z0;
G1 X330.750175 Y580.499521 Z0;
G1 X331.250175 Y579.999521 Z0;
G1 X332.250175 Y578.999521 Z0;
G1 X332.836115 Y578.999521 Z0;
G1 X335.836115 Y581.999521 Z0;
G1 X336.836115 Y581.999521 Z0;
G1 X337.836115 Y582.999521 Z0;
G1 X338.836115 Y582.999521 Z0;
G1 X339.543145 Y583.706551 Z0;
G1 X339.543145 Y584.706551 Z0;
G1 X340.836115 Y585.999521 Z0;
G1 X341.836115 Y585.999521 Z0;
G1 X343.836115 Y585.999521 Z0;
G1 X345.543145 Y587.706551 Z0;
G1 X345.543145 Y588.999521 Z0;
G1 X346.836115 Y588.999521 Z0;
G1 X347.836115 Y589.999521 Z0;
G1 X348.836115 Y589.999521 Z0;
G1 X349.836115 Y589.999521 Z0;
G1 X350.836115 Y590.999521 Z0;
G1 X351.836115 Y590.999521 Z0;
G1 X352.836115 Y591.999521 Z0;
G1 X354.836115 Y591.999521 Z0;
G1 X356.336115 Y593.499521 Z0;
G1 X355.836115 Y593.999521 Z0;
G1 X355.250175 Y593.999521 Z0;
G1 X354.250175 Y593.999521 Z0;
G1 X353.396665 Y593.146001 Z0;
G1 X352.689625 Y593.853041 Z0;
G1 X353.836115 Y594.999521 Z0;
G1 X354.836115 Y594.999521 Z0;
G1 X355.336115 Y595.499521 Z0;
G1 X354.689625 Y596.146001 Z0;
G1 X355.396665 Y596.853041 Z0;
G1 X356.750175 Y595.499521 Z0;
G1 X357.543145 Y594.706551 Z0;
G1 X357.543145 Y593.706551 Z0;
G1 X357.750175 Y593.499521 Z0;
G1 X357.543145 Y593.292491 Z0;
G1 X357.543145 Y592.292491 Z0;
G1 X356.250175 Y590.999521 Z0;
G1 X355.250175 Y590.999521 Z0;
G1 X353.250175 Y590.999521 Z0;
G1 X352.250175 Y589.999521 Z0;
G1 X351.250175 Y589.999521 Z0;
G1 X350.250175 Y588.999521 Z0;
G1 X349.250175 Y588.999521 Z0;
G1 X348.250175 Y587.999521 Z0;
G1 X347.250175 Y587.999521 Z0;
G1 X346.543145 Y587.292491 Z0;
G1 X346.543145 Y586.292491 Z0;
G1 X345.250175 Y584.999521 Z0;
G1 X344.250175 Y584.999521 Z0;
G1 X342.250175 Y584.999521 Z0;
G1 X340.543145 Y583.292491 Z0;
G1 X339.250175 Y581.999521 Z0;
G1 X338.250175 Y580.999521 Z0;
G1 X337.250175 Y580.999521 Z0;
G1 X334.396665 Y578.146001 Z0;
G1 X333.896665 Y578.646001 Z0;
G1 X333.250175 Y577.999521 Z0;
G1 X331.836115 Y577.999521 Z0;
G0 X331.836115 Y577.999521 Z1;
;path#polyline75
G0 X319.689625 Y578.146001 Z1;
G1 X318.543145 Y579.292491 Z0;
G1 X318.543145 Y580.706551 Z0;
G1 X322.543145 Y584.706551 Z0;
G1 X322.543145 Y585.706551 Z0;
G1 X322.543145 Y586.706551 Z0;
G1 X323.836115 Y587.999521 Z0;
G1 X324.836115 Y587.999521 Z0;
G1 X327.836115 Y590.999521 Z0;
G1 X328.836115 Y590.999521 Z0;
G1 X329.043145 Y591.206551 Z0;
G1 X330.543145 Y592.706551 Z0;
G1 X330.543145 Y588.292491 Z0;
G1 X329.043145 Y589.792491 Z0;
G1 X326.250175 Y586.999521 Z0;
G1 X325.250175 Y586.999521 Z0;
G1 X323.543145 Y585.292491 Z0;
G1 X323.543145 Y584.292491 Z0;
G1 X323.543145 Y583.292491 Z0;
G1 X319.750175 Y579.499521 Z0;
G1 X320.396665 Y578.853041 Z0;
G1 X319.689625 Y578.146001 Z0;
G0 X319.689625 Y578.146001 Z1;
;path#polyline76
G0 X65.836114 Y577.999521 Z1;
G1 X65.689629 Y578.146001 Z0;
G1 X64.689629 Y579.146001 Z0;
G1 X65.396661 Y579.853041 Z0;
G1 X66.250176 Y578.999521 Z0;
G1 X66.836114 Y578.999521 Z0;
G1 X67.836114 Y579.999521 Z0;
G1 X68.836114 Y579.999521 Z0;
G1 X69.836114 Y580.999521 Z0;
G1 X70.836114 Y581.999521 Z0;
G1 X71.836114 Y581.999521 Z0;
G1 X72.836114 Y582.999521 Z0;
G1 X73.836114 Y582.999521 Z0;
G1 X74.836114 Y583.999521 Z0;
G1 X75.836114 Y583.999521 Z0;
G1 X76.836114 Y583.999521 Z0;
G1 X77.836114 Y584.999521 Z0;
G1 X79.836114 Y584.999521 Z0;
G1 X80.836114 Y585.999521 Z0;
G1 X81.836114 Y585.999521 Z0;
G1 X82.836114 Y586.999521 Z0;
G1 X83.836114 Y586.999521 Z0;
G1 X84.836114 Y587.999521 Z0;
G1 X85.836114 Y587.999521 Z0;
G1 X86.836114 Y587.999521 Z0;
G1 X87.836114 Y588.999521 Z0;
G1 X88.836114 Y588.999521 Z0;
G1 X89.836114 Y589.999521 Z0;
G1 X90.836114 Y589.999521 Z0;
G1 X91.836114 Y589.999521 Z0;
G1 X92.836114 Y590.999521 Z0;
G1 X93.836114 Y591.999521 Z0;
G1 X94.836114 Y591.999521 Z0;
G1 X96.836114 Y591.999521 Z0;
G1 X97.836114 Y592.999521 Z0;
G1 X99.836114 Y592.999521 Z0;
G1 X100.836114 Y593.999521 Z0;
G1 X102.836114 Y593.999521 Z0;
G1 X103.836114 Y594.999521 Z0;
G1 X106.836114 Y594.999521 Z0;
G1 X107.836114 Y595.999521 Z0;
G1 X108.836114 Y595.999521 Z0;
G1 X109.836114 Y596.999521 Z0;
G1 X111.836114 Y596.999521 Z0;
G1 X112.836114 Y597.999521 Z0;
G1 X113.836114 Y597.999521 Z0;
G1 X115.836114 Y597.999521 Z0;
G1 X116.336114 Y598.499521 Z0;
G1 X115.543145 Y599.292491 Z0;
G1 X115.543145 Y600.292491 Z0;
G1 X113.543145 Y602.292491 Z0;
G1 X113.543145 Y603.292491 Z0;
G1 X113.543145 Y605.706551 Z0;
G1 X113.543145 Y606.292491 Z0;
G1 X112.543145 Y607.292491 Z0;
G1 X112.543145 Y609.706551 Z0;
G1 X115.750176 Y606.499521 Z0;
G1 X114.543145 Y605.292491 Z0;
G1 X114.543145 Y603.706551 Z0;
G1 X116.543145 Y601.706551 Z0;
G1 X116.543145 Y600.706551 Z0;
G1 X116.543145 Y599.706551 Z0;
G1 X117.250176 Y598.999521 Z0;
G1 X118.836114 Y598.999521 Z0;
G1 X119.836114 Y599.999521 Z0;
G1 X121.836114 Y599.999521 Z0;
G1 X122.836114 Y600.999521 Z0;
G1 X123.836114 Y600.999521 Z0;
G1 X124.836114 Y601.999521 Z0;
G1 X125.836114 Y601.999521 Z0;
G1 X126.836114 Y602.999521 Z0;
G1 X127.836114 Y603.999521 Z0;
G1 X128.836114 Y603.999521 Z0;
G1 X130.836114 Y605.999521 Z0;
G1 X131.836114 Y605.999521 Z0;
G1 X132.836114 Y606.999521 Z0;
G1 X133.836114 Y606.999521 Z0;
G1 X135.836114 Y608.999521 Z0;
G1 X136.836114 Y608.999521 Z0;
G1 X137.543145 Y609.706551 Z0;
G1 X138.336114 Y610.499521 Z0;
G1 X137.543145 Y611.292491 Z0;
G1 X132.836114 Y615.999521 Z0;
G1 X131.836114 Y615.999521 Z0;
G1 X129.836114 Y617.999521 Z0;
G1 X128.836114 Y617.999521 Z0;
G1 X127.836114 Y618.999521 Z0;
G1 X126.836114 Y618.999521 Z0;
G1 X120.543145 Y625.292491 Z0;
G1 X120.543145 Y626.292491 Z0;
G1 X115.543145 Y631.292491 Z0;
G1 X115.543145 Y632.292491 Z0;
G1 X113.836114 Y633.999521 Z0;
G1 X116.543145 Y633.999521 Z0;
G1 X116.543145 Y632.706551 Z0;
G1 X121.543145 Y627.706551 Z0;
G1 X121.543145 Y626.706551 Z0;
G1 X128.250176 Y619.999521 Z0;
G1 X129.250176 Y619.999521 Z0;
G1 X130.250176 Y618.999521 Z0;
G1 X131.250176 Y618.999521 Z0;
G1 X133.250176 Y616.999521 Z0;
G1 X134.250176 Y616.999521 Z0;
G1 X138.543145 Y612.706551 Z0;
G1 X138.543145 Y611.706551 Z0;
G1 X139.043145 Y611.206551 Z0;
G1 X139.250176 Y610.999521 Z0;
G1 X140.836114 Y610.999521 Z0;
G1 X141.836114 Y611.999521 Z0;
G1 X142.836114 Y611.999521 Z0;
G1 X143.836114 Y612.999521 Z0;
G1 X145.836114 Y614.999521 Z0;
G1 X146.836114 Y614.999521 Z0;
G1 X149.836114 Y617.999521 Z0;
G1 X150.836114 Y617.999521 Z0;
G1 X151.543145 Y618.706551 Z0;
G1 X152.836114 Y619.999521 Z0;
G1 X154.836114 Y619.999521 Z0;
G1 X157.836114 Y622.999521 Z0;
G1 X158.836114 Y622.999521 Z0;
G1 X159.836114 Y623.999521 Z0;
G1 X160.836114 Y623.999521 Z0;
G1 X163.836114 Y626.999521 Z0;
G1 X164.836114 Y626.999521 Z0;
G1 X165.836115 Y627.999521 Z0;
G1 X166.836115 Y627.999521 Z0;
G1 X167.836115 Y628.999521 Z0;
G1 X168.836115 Y628.999521 Z0;
G1 X170.836115 Y630.999521 Z0;
G1 X171.836115 Y630.999521 Z0;
G1 X178.543145 Y637.706551 Z0;
G1 X178.543145 Y638.292491 Z0;
G1 X178.336115 Y638.499521 Z0;
G1 X178.543145 Y638.706551 Z0;
G1 X179.336115 Y639.499521 Z0;
G1 X178.836115 Y639.999521 Z0;
G1 X177.836115 Y639.999521 Z0;
G1 X176.836115 Y640.999521 Z0;
G1 X173.836115 Y640.999521 Z0;
G1 X172.836115 Y640.999521 Z0;
G1 X168.543145 Y645.292491 Z0;
G1 X168.543145 Y646.292491 Z0;
G1 X167.836115 Y646.999521 Z0;
G1 X166.836115 Y646.999521 Z0;
G1 X165.543145 Y648.292491 Z0;
G1 X165.543145 Y649.292491 Z0;
G1 X164.689629 Y650.146001 Z0;
G1 X165.396665 Y650.853041 Z0;
G1 X166.543145 Y649.706551 Z0;
G1 X168.250175 Y647.999521 Z0;
G1 X169.543145 Y646.706551 Z0;
G1 X172.043145 Y644.206551 Z0;
G1 X172.836115 Y644.999521 Z0;
G1 X178.043145 Y644.999521 Z0;
G1 X178.043145 Y643.999521 Z0;
G1 X173.250175 Y643.999521 Z0;
G1 X172.750175 Y643.499521 Z0;
G1 X174.250175 Y641.999521 Z0;
G1 X177.250175 Y641.999521 Z0;
G1 X178.250175 Y641.999521 Z0;
G1 X179.250175 Y640.999521 Z0;
G1 X180.250175 Y640.999521 Z0;
G1 X181.250175 Y639.999521 Z0;
G1 X183.250175 Y639.999521 Z0;
G1 X184.250175 Y639.999521 Z0;
G1 X185.250175 Y638.999521 Z0;
G1 X186.043145 Y638.999521 Z0;
G1 X186.043145 Y637.999521 Z0;
G1 X184.836115 Y637.999521 Z0;
G1 X183.836115 Y637.999521 Z0;
G1 X182.836115 Y638.999521 Z0;
G1 X180.836115 Y638.999521 Z0;
G1 X180.250175 Y638.999521 Z0;
G1 X179.750175 Y638.499521 Z0;
G1 X180.250175 Y637.999521 Z0;
G1 X181.043145 Y637.999521 Z0;
G1 X181.043145 Y636.999521 Z0;
G1 X180.250175 Y636.999521 Z0;
G1 X173.250175 Y629.999521 Z0;
G1 X172.250175 Y629.999521 Z0;
G1 X170.250175 Y627.999521 Z0;
G1 X169.250175 Y627.999521 Z0;
G1 X168.250175 Y626.999521 Z0;
G1 X167.250175 Y626.999521 Z0;
G1 X166.250175 Y625.999521 Z0;
G1 X165.250175 Y625.999521 Z0;
G1 X162.250176 Y622.999521 Z0;
G1 X161.250176 Y622.999521 Z0;
G1 X160.250176 Y621.999521 Z0;
G1 X159.250176 Y621.999521 Z0;
G1 X156.250176 Y618.999521 Z0;
G1 X155.250176 Y618.999521 Z0;
G1 X153.250176 Y618.999521 Z0;
G1 X152.543145 Y618.292491 Z0;
G1 X152.543145 Y616.999521 Z0;
G1 X151.250176 Y616.999521 Z0;
G1 X148.250176 Y613.999521 Z0;
G1 X147.250176 Y613.999521 Z0;
G1 X145.250176 Y611.999521 Z0;
G1 X144.250176 Y611.999521 Z0;
G1 X143.250176 Y610.999521 Z0;
G1 X142.250176 Y609.999521 Z0;
G1 X141.250176 Y609.999521 Z0;
G1 X140.043145 Y608.792491 Z0;
G1 X139.043145 Y609.792491 Z0;
G1 X138.543145 Y609.292491 Z0;
G1 X138.543145 Y607.999521 Z0;
G1 X137.250176 Y607.999521 Z0;
G1 X135.250176 Y605.999521 Z0;
G1 X134.250176 Y605.999521 Z0;
G1 X133.250176 Y604.999521 Z0;
G1 X132.250176 Y604.999521 Z0;
G1 X130.250176 Y602.999521 Z0;
G1 X129.250176 Y602.999521 Z0;
G1 X128.250176 Y601.999521 Z0;
G1 X127.250176 Y601.999521 Z0;
G1 X126.250176 Y600.999521 Z0;
G1 X125.250176 Y599.999521 Z0;
G1 X124.250176 Y599.999521 Z0;
G1 X123.250176 Y598.999521 Z0;
G1 X122.250176 Y598.999521 Z0;
G1 X120.250176 Y598.999521 Z0;
G1 X119.250176 Y597.999521 Z0;
G1 X117.250176 Y597.999521 Z0;
G1 X116.250176 Y596.999521 Z0;
G1 X114.250176 Y596.999521 Z0;
G1 X113.250176 Y595.999521 Z0;
G1 X112.250176 Y595.999521 Z0;
G1 X111.250176 Y594.999521 Z0;
G1 X109.250176 Y594.999521 Z0;
G1 X108.250176 Y594.999521 Z0;
G1 X107.250176 Y593.999521 Z0;
G1 X104.250176 Y593.999521 Z0;
G1 X103.250176 Y592.999521 Z0;
G1 X101.250176 Y592.999521 Z0;
G1 X100.250176 Y591.999521 Z0;
G1 X98.250176 Y591.999521 Z0;
G1 X97.250176 Y590.999521 Z0;
G1 X95.250176 Y590.999521 Z0;
G1 X94.250176 Y589.999521 Z0;
G1 X93.250176 Y589.999521 Z0;
G1 X92.250176 Y588.999521 Z0;
G1 X91.250176 Y588.999521 Z0;
G1 X90.250176 Y587.999521 Z0;
G1 X89.250176 Y587.999521 Z0;
G1 X88.250176 Y586.999521 Z0;
G1 X87.250176 Y586.999521 Z0;
G1 X86.250176 Y586.999521 Z0;
G1 X85.250176 Y585.999521 Z0;
G1 X84.250176 Y585.999521 Z0;
G1 X83.250176 Y584.999521 Z0;
G1 X82.250176 Y584.999521 Z0;
G1 X81.250176 Y584.999521 Z0;
G1 X80.250176 Y583.999521 Z0;
G1 X78.250176 Y583.999521 Z0;
G1 X77.250176 Y582.999521 Z0;
G1 X76.250176 Y582.999521 Z0;
G1 X75.250176 Y581.999521 Z0;
G1 X74.250176 Y581.999521 Z0;
G1 X73.250176 Y580.999521 Z0;
G1 X72.250176 Y580.999521 Z0;
G1 X71.250176 Y579.999521 Z0;
G1 X70.250176 Y579.999521 Z0;
G1 X69.250176 Y578.999521 Z0;
G1 X68.396661 Y578.146001 Z0;
G1 X67.896661 Y578.646001 Z0;
G1 X67.250176 Y577.999521 Z0;
G1 X65.836114 Y577.999521 Z0;
G0 X65.836114 Y577.999521 Z1;
;path#polyline77_1
G0 X238.043145 Y574.999521 Z1;
G1 X238.043145 Y575.999521 Z0;
G1 X238.836115 Y575.999521 Z0;
G1 X239.543145 Y576.706551 Z0;
G1 X239.543145 Y577.292491 Z0;
G1 X237.836115 Y578.999521 Z0;
G1 X239.836115 Y578.999521 Z0;
G1 X240.836115 Y579.999521 Z0;
G1 X241.836115 Y579.999521 Z0;
G1 X244.836115 Y582.999521 Z0;
G1 X246.836115 Y582.999521 Z0;
G1 X247.836115 Y583.999521 Z0;
G1 X250.250175 Y583.999521 Z0;
G1 X248.750175 Y582.499521 Z0;
G1 X249.250175 Y581.999521 Z0;
G1 X249.836115 Y581.999521 Z0;
G1 X250.543145 Y582.706551 Z0;
G1 X250.543145 Y583.706551 Z0;
G1 X251.543145 Y584.706551 Z0;
G1 X251.543145 Y585.292491 Z0;
G1 X250.836115 Y585.999521 Z0;
G1 X249.836115 Y585.999521 Z0;
G1 X248.543145 Y585.999521 Z0;
G1 X248.543145 Y587.292491 Z0;
G1 X248.543145 Y588.499521 Z0;
G1 X249.543145 Y588.499521 Z0;
G1 X249.543145 Y587.706551 Z0;
G1 X250.250175 Y586.999521 Z0;
G1 X251.250175 Y586.999521 Z0;
G1 X252.043145 Y586.206551 Z0;
G1 X252.543145 Y586.706551 Z0;
G1 X252.543145 Y587.706551 Z0;
G1 X253.836115 Y588.999521 Z0;
G1 X254.836115 Y588.999521 Z0;
G1 X255.543145 Y589.706551 Z0;
G1 X255.543145 Y590.292491 Z0;
G1 X254.336115 Y591.499521 Z0;
G1 X255.336115 Y592.499521 Z0;
G1 X253.836115 Y593.999521 Z0;
G1 X256.543145 Y593.999521 Z0;
G1 X256.543145 Y592.706551 Z0;
G1 X256.750175 Y592.499521 Z0;
G1 X256.543145 Y592.292491 Z0;
G1 X255.750175 Y591.499521 Z0;
G1 X256.543145 Y590.706551 Z0;
G1 X256.543145 Y589.292491 Z0;
G1 X256.543145 Y586.292491 Z0;
G1 X254.750175 Y584.499521 Z0;
G1 X255.750175 Y583.499521 Z0;
G1 X254.543145 Y582.292491 Z0;
G1 X254.543145 Y579.999521 Z0;
G1 X253.250175 Y579.999521 Z0;
G1 X252.543145 Y579.292491 Z0;
G1 X252.543145 Y578.292491 Z0;
G1 X251.250175 Y576.999521 Z0;
G1 X249.836115 Y576.999521 Z0;
G1 X248.836115 Y577.999521 Z0;
G1 X247.543145 Y577.999521 Z0;
G1 X247.543145 Y580.706551 Z0;
G1 X248.336115 Y581.499521 Z0;
G1 X247.836115 Y581.999521 Z0;
G1 X247.250175 Y581.999521 Z0;
G1 X245.250175 Y581.999521 Z0;
G1 X242.250175 Y578.999521 Z0;
G1 X241.250175 Y578.999521 Z0;
G1 X240.543145 Y578.292491 Z0;
G1 X240.543145 Y577.706551 Z0;
G1 X240.543145 Y576.292491 Z0;
G1 X240.543145 Y575.499521 Z0;
G1 X239.750175 Y575.499521 Z0;
G1 X239.250175 Y574.999521 Z0;
G1 X238.043145 Y574.999521 Z0;
G0 X238.043145 Y574.999521 Z1;
;path#polyline77_2
G0 X250.250175 Y577.999521 Z1;
G1 X250.836115 Y577.999521 Z0;
G1 X251.543145 Y578.706551 Z0;
G1 X251.543145 Y579.706551 Z0;
G1 X252.836115 Y580.999521 Z0;
G1 X253.543145 Y580.999521 Z0;
G1 X253.543145 Y582.706551 Z0;
G1 X254.336115 Y583.499521 Z0;
G1 X253.336115 Y584.499521 Z0;
G1 X255.543145 Y586.706551 Z0;
G1 X255.543145 Y588.292491 Z0;
G1 X255.250175 Y587.999521 Z0;
G1 X254.250175 Y587.999521 Z0;
G1 X253.543145 Y587.292491 Z0;
G1 X253.543145 Y586.292491 Z0;
G1 X252.543145 Y585.292491 Z0;
G1 X252.543145 Y584.292491 Z0;
G1 X251.543145 Y583.292491 Z0;
G1 X251.543145 Y582.292491 Z0;
G1 X250.250175 Y580.999521 Z0;
G1 X249.250175 Y580.999521 Z0;
G1 X248.543145 Y580.292491 Z0;
G1 X248.543145 Y578.999521 Z0;
G1 X249.250175 Y578.999521 Z0;
G1 X250.250175 Y577.999521 Z0;
G0 X250.250175 Y577.999521 Z1;
;path#polyline78
G0 X361.543145 Y572.499521 Z1;
G1 X361.543145 Y573.706551 Z0;
G1 X362.543145 Y574.706551 Z0;
G1 X362.543145 Y575.706551 Z0;
G1 X365.836115 Y578.999521 Z0;
G1 X366.836115 Y578.999521 Z0;
G1 X369.836115 Y578.999521 Z0;
G1 X373.543145 Y582.706551 Z0;
G1 X374.543145 Y583.706551 Z0;
G1 X374.543145 Y584.706551 Z0;
G1 X375.543145 Y585.706551 Z0;
G1 X375.543145 Y586.706551 Z0;
G1 X375.543145 Y587.706551 Z0;
G1 X376.543145 Y588.706551 Z0;
G1 X376.543145 Y589.706551 Z0;
G1 X377.543145 Y590.706551 Z0;
G1 X377.543145 Y591.706551 Z0;
G1 X379.543145 Y593.706551 Z0;
G1 X379.543145 Y591.292491 Z0;
G1 X378.543145 Y590.292491 Z0;
G1 X378.543145 Y589.706551 Z0;
G1 X379.043145 Y589.206551 Z0;
G1 X379.836115 Y589.999521 Z0;
G1 X380.836115 Y589.999521 Z0;
G1 X383.543145 Y592.706551 Z0;
G1 X384.689625 Y593.853041 Z0;
G1 X385.396665 Y593.146001 Z0;
G1 X384.543145 Y592.292491 Z0;
G1 X384.543145 Y591.292491 Z0;
G1 X382.250175 Y588.999521 Z0;
G1 X381.250175 Y588.999521 Z0;
G1 X380.250175 Y587.999521 Z0;
G1 X379.250175 Y587.999521 Z0;
G1 X379.043145 Y587.792491 Z0;
G1 X378.836115 Y587.999521 Z0;
G1 X378.043145 Y588.792491 Z0;
G1 X377.543145 Y588.292491 Z0;
G1 X377.543145 Y587.292491 Z0;
G1 X376.543145 Y586.292491 Z0;
G1 X376.543145 Y585.292491 Z0;
G1 X376.543145 Y584.292491 Z0;
G1 X375.543145 Y583.292491 Z0;
G1 X374.543145 Y582.292491 Z0;
G1 X374.543145 Y581.292491 Z0;
G1 X371.250175 Y577.999521 Z0;
G1 X370.250175 Y577.999521 Z0;
G1 X367.250175 Y577.999521 Z0;
G1 X363.543145 Y574.292491 Z0;
G1 X363.543145 Y573.499521 Z0;
G1 X362.750175 Y573.499521 Z0;
G1 X362.543145 Y573.292491 Z0;
G1 X362.543145 Y572.499521 Z0;
G1 X361.543145 Y572.499521 Z0;
G0 X361.543145 Y572.499521 Z1;
;path#polyline79
G0 X329.689625 Y572.146001 Z1;
G1 X328.336115 Y573.499521 Z0;
G1 X330.836115 Y575.999521 Z0;
G1 X331.836115 Y575.999521 Z0;
G1 X332.836115 Y576.999521 Z0;
G1 X334.836115 Y576.999521 Z0;
G1 X335.836115 Y577.999521 Z0;
G1 X337.043145 Y577.999521 Z0;
G1 X337.043145 Y576.999521 Z0;
G1 X336.250175 Y576.999521 Z0;
G1 X335.750175 Y576.499521 Z0;
G1 X336.250175 Y575.999521 Z0;
G1 X336.836115 Y575.999521 Z0;
G1 X337.836115 Y575.999521 Z0;
G1 X338.836115 Y576.999521 Z0;
G1 X339.836115 Y576.999521 Z0;
G1 X341.543145 Y578.706551 Z0;
G1 X342.336115 Y579.499521 Z0;
G1 X341.836115 Y579.999521 Z0;
G1 X340.043145 Y579.999521 Z0;
G1 X340.043145 Y580.999521 Z0;
G1 X342.250175 Y580.999521 Z0;
G1 X343.250175 Y579.999521 Z0;
G1 X344.043145 Y579.999521 Z0;
G1 X344.043145 Y578.999521 Z0;
G1 X343.250175 Y578.999521 Z0;
G1 X342.543145 Y578.292491 Z0;
G1 X342.543145 Y577.292491 Z0;
G1 X341.250175 Y575.999521 Z0;
G1 X340.250175 Y575.999521 Z0;
G1 X339.250175 Y574.999521 Z0;
G1 X338.250175 Y574.999521 Z0;
G1 X337.250175 Y574.999521 Z0;
G1 X336.250175 Y573.999521 Z0;
G1 X335.250175 Y573.999521 Z0;
G1 X333.396665 Y572.146001 Z0;
G1 X332.689625 Y572.853041 Z0;
G1 X334.836115 Y574.999521 Z0;
G1 X335.836115 Y574.999521 Z0;
G1 X334.836115 Y575.999521 Z0;
G1 X333.250175 Y575.999521 Z0;
G1 X332.250175 Y574.999521 Z0;
G1 X331.250175 Y574.999521 Z0;
G1 X329.750175 Y573.499521 Z0;
G1 X330.396665 Y572.853041 Z0;
G1 X329.689625 Y572.146001 Z0;
G0 X329.689625 Y572.146001 Z1;
;path#polyline80_1
G0 X305.043145 Y571.792491 Z1;
G1 X304.689625 Y572.146001 Z0;
G1 X303.836115 Y572.999521 Z0;
G1 X301.836115 Y572.999521 Z0;
G1 X300.250175 Y572.999521 Z0;
G1 X300.043145 Y572.792491 Z0;
G1 X299.836115 Y572.999521 Z0;
G1 X298.836115 Y573.999521 Z0;
G1 X298.043145 Y573.999521 Z0;
G1 X298.043145 Y574.999521 Z0;
G1 X299.250175 Y574.999521 Z0;
G1 X300.043145 Y574.206551 Z0;
G1 X300.336115 Y574.499521 Z0;
G1 X300.543145 Y574.706551 Z0;
G1 X300.543145 Y575.706551 Z0;
G1 X304.336115 Y579.499521 Z0;
G1 X303.836115 Y579.999521 Z0;
G1 X303.250175 Y579.999521 Z0;
G1 X302.396665 Y579.146001 Z0;
G1 X301.689625 Y579.853041 Z0;
G1 X302.543145 Y580.706551 Z0;
G1 X302.543145 Y581.292491 Z0;
G1 X302.336115 Y581.499521 Z0;
G1 X302.543145 Y581.706551 Z0;
G1 X303.336115 Y582.499521 Z0;
G1 X302.336115 Y583.499521 Z0;
G1 X303.543145 Y584.706551 Z0;
G1 X303.543145 Y585.706551 Z0;
G1 X304.543145 Y586.706551 Z0;
G1 X304.543145 Y587.706551 Z0;
G1 X306.543145 Y589.706551 Z0;
G1 X306.543145 Y590.292491 Z0;
G1 X305.543145 Y591.292491 Z0;
G1 X305.543145 Y592.706551 Z0;
G1 X306.543145 Y593.706551 Z0;
G1 X306.543145 Y594.706551 Z0;
G1 X309.543145 Y597.706551 Z0;
G1 X310.543145 Y598.706551 Z0;
G1 X310.543145 Y599.292491 Z0;
G1 X309.836115 Y599.999521 Z0;
G1 X309.043145 Y599.999521 Z0;
G1 X309.043145 Y600.999521 Z0;
G1 X310.250175 Y600.999521 Z0;
G1 X310.836115 Y600.999521 Z0;
G1 X311.836115 Y601.999521 Z0;
G1 X314.836115 Y604.999521 Z0;
G1 X317.250175 Y604.999521 Z0;
G1 X313.250175 Y600.999521 Z0;
G1 X312.250175 Y600.999521 Z0;
G1 X311.543145 Y600.292491 Z0;
G1 X311.543145 Y599.706551 Z0;
G1 X311.543145 Y598.292491 Z0;
G1 X310.543145 Y597.292491 Z0;
G1 X310.543145 Y596.292491 Z0;
G1 X307.543145 Y593.292491 Z0;
G1 X306.543145 Y592.292491 Z0;
G1 X306.543145 Y591.706551 Z0;
G1 X307.250175 Y590.999521 Z0;
G1 X307.836115 Y590.999521 Z0;
G1 X308.836115 Y590.999521 Z0;
G1 X309.543145 Y591.706551 Z0;
G1 X309.543145 Y592.706551 Z0;
G1 X310.543145 Y593.706551 Z0;
G1 X310.543145 Y594.499521 Z0;
G1 X311.543145 Y594.499521 Z0;
G1 X311.543145 Y593.292491 Z0;
G1 X310.543145 Y592.292491 Z0;
G1 X310.543145 Y591.292491 Z0;
G1 X309.250175 Y589.999521 Z0;
G1 X308.250175 Y589.999521 Z0;
G1 X307.543145 Y589.292491 Z0;
G1 X307.543145 Y588.292491 Z0;
G1 X305.543145 Y586.292491 Z0;
G1 X305.543145 Y585.292491 Z0;
G1 X304.543145 Y584.292491 Z0;
G1 X303.750175 Y583.499521 Z0;
G1 X304.750175 Y582.499521 Z0;
G1 X303.750175 Y581.499521 Z0;
G1 X304.250175 Y580.999521 Z0;
G1 X305.043145 Y580.206551 Z0;
G1 X305.543145 Y580.706551 Z0;
G1 X305.543145 Y581.706551 Z0;
G1 X308.543145 Y584.706551 Z0;
G1 X308.543145 Y585.706551 Z0;
G1 X311.543145 Y588.706551 Z0;
G1 X311.543145 Y589.706551 Z0;
G1 X313.543145 Y591.706551 Z0;
G1 X313.543145 Y592.706551 Z0;
G1 X315.543145 Y594.706551 Z0;
G1 X315.543145 Y595.706551 Z0;
G1 X315.543145 Y596.706551 Z0;
G1 X317.543145 Y598.706551 Z0;
G1 X317.543145 Y600.292491 Z0;
G1 X317.543145 Y602.706551 Z0;
G1 X318.543145 Y603.706551 Z0;
G1 X318.543145 Y604.706551 Z0;
G1 X319.836115 Y605.999521 Z0;
G1 X320.836115 Y605.999521 Z0;
G1 X322.836115 Y607.999521 Z0;
G1 X323.836115 Y607.999521 Z0;
G1 X324.543145 Y608.706551 Z0;
G1 X324.543145 Y609.706551 Z0;
G1 X326.543145 Y611.706551 Z0;
G1 X326.543145 Y612.706551 Z0;
G1 X328.543145 Y614.706551 Z0;
G1 X328.543145 Y616.292491 Z0;
G1 X328.543145 Y617.292491 Z0;
G1 X327.836115 Y617.999521 Z0;
G1 X326.043145 Y617.999521 Z0;
G1 X326.043145 Y618.999521 Z0;
G1 X328.250175 Y618.999521 Z0;
G1 X328.836115 Y618.999521 Z0;
G1 X331.543145 Y621.706551 Z0;
G1 X331.543145 Y622.706551 Z0;
G1 X332.543145 Y623.706551 Z0;
G1 X332.543145 Y624.706551 Z0;
G1 X333.336115 Y625.499521 Z0;
G1 X332.836115 Y625.999521 Z0;
G1 X332.250175 Y625.999521 Z0;
G1 X330.836115 Y625.999521 Z0;
G1 X330.250175 Y625.999521 Z0;
G1 X329.250175 Y624.999521 Z0;
G1 X328.250175 Y624.999521 Z0;
G1 X326.543145 Y623.292491 Z0;
G1 X326.543145 Y622.292491 Z0;
G1 X320.543145 Y616.292491 Z0;
G1 X320.543145 Y615.292491 Z0;
G1 X317.543145 Y612.292491 Z0;
G1 X317.543145 Y611.292491 Z0;
G1 X317.543145 Y610.292491 Z0;
G1 X309.543145 Y602.292491 Z0;
G1 X309.543145 Y604.706551 Z0;
G1 X316.543145 Y611.706551 Z0;
G1 X316.543145 Y612.706551 Z0;
G1 X316.543145 Y613.706551 Z0;
G1 X319.543145 Y616.706551 Z0;
G1 X319.543145 Y617.706551 Z0;
G1 X320.336115 Y618.499521 Z0;
G1 X319.043145 Y619.792491 Z0;
G1 X317.250175 Y617.999521 Z0;
G1 X316.250175 Y617.999521 Z0;
G1 X315.250175 Y616.999521 Z0;
G1 X314.250175 Y616.999521 Z0;
G1 X313.043145 Y616.999521 Z0;
G1 X313.043145 Y617.999521 Z0;
G1 X313.836115 Y617.999521 Z0;
G1 X314.836115 Y618.999521 Z0;
G1 X315.836115 Y618.999521 Z0;
G1 X318.543145 Y621.706551 Z0;
G1 X318.543145 Y623.706551 Z0;
G1 X320.750175 Y621.499521 Z0;
G1 X319.750175 Y620.499521 Z0;
G1 X321.043145 Y619.206551 Z0;
G1 X325.543145 Y623.706551 Z0;
G1 X325.543145 Y624.706551 Z0;
G1 X326.836115 Y625.999521 Z0;
G1 X327.836115 Y625.999521 Z0;
G1 X329.336115 Y627.499521 Z0;
G1 X329.543145 Y627.706551 Z0;
G1 X329.543145 Y628.706551 Z0;
G1 X331.543145 Y630.706551 Z0;
G1 X331.543145 Y628.292491 Z0;
G1 X330.750175 Y627.499521 Z0;
G1 X331.250175 Y626.999521 Z0;
G1 X331.836115 Y626.999521 Z0;
G1 X332.543145 Y627.706551 Z0;
G1 X332.543145 Y628.499521 Z0;
G1 X333.543145 Y628.499521 Z0;
G1 X333.543145 Y627.292491 Z0;
G1 X333.543145 Y626.706551 Z0;
G1 X334.750175 Y625.499521 Z0;
G1 X333.543145 Y624.292491 Z0;
G1 X333.543145 Y623.292491 Z0;
G1 X333.543145 Y622.292491 Z0;
G1 X332.543145 Y621.292491 Z0;
G1 X332.543145 Y620.292491 Z0;
G1 X329.543145 Y617.292491 Z0;
G1 X329.543145 Y616.706551 Z0;
G1 X330.750175 Y615.499521 Z0;
G1 X329.543145 Y614.292491 Z0;
G1 X329.543145 Y613.292491 Z0;
G1 X327.543145 Y611.292491 Z0;
G1 X327.543145 Y610.292491 Z0;
G1 X325.543145 Y608.292491 Z0;
G1 X325.543145 Y606.999521 Z0;
G1 X324.250175 Y606.999521 Z0;
G1 X322.250175 Y604.999521 Z0;
G1 X321.250175 Y604.999521 Z0;
G1 X319.543145 Y603.292491 Z0;
G1 X318.543145 Y602.292491 Z0;
G1 X318.543145 Y600.706551 Z0;
G1 X319.250175 Y599.999521 Z0;
G1 X319.836115 Y599.999521 Z0;
G1 X320.836115 Y599.999521 Z0;
G1 X321.836115 Y600.999521 Z0;
G1 X322.543145 Y601.706551 Z0;
G1 X322.543145 Y602.499521 Z0;
G1 X323.543145 Y602.499521 Z0;
G1 X323.543145 Y601.292491 Z0;
G1 X323.543145 Y599.999521 Z0;
G1 X322.250175 Y599.999521 Z0;
G1 X321.250175 Y598.999521 Z0;
G1 X320.250175 Y598.999521 Z0;
G1 X316.543145 Y595.292491 Z0;
G1 X316.543145 Y594.292491 Z0;
G1 X316.543145 Y593.292491 Z0;
G1 X314.543145 Y591.292491 Z0;
G1 X314.543145 Y590.292491 Z0;
G1 X312.543145 Y588.292491 Z0;
G1 X312.543145 Y587.292491 Z0;
G1 X309.543145 Y584.292491 Z0;
G1 X309.543145 Y583.292491 Z0;
G1 X306.543145 Y580.292491 Z0;
G1 X306.543145 Y579.292491 Z0;
G1 X301.750175 Y574.499521 Z0;
G1 X302.250175 Y573.999521 Z0;
G1 X304.250175 Y573.999521 Z0;
G1 X305.043145 Y573.206551 Z0;
G1 X305.543145 Y573.706551 Z0;
G1 X305.543145 Y574.706551 Z0;
G1 X306.543145 Y575.706551 Z0;
G1 X306.543145 Y576.706551 Z0;
G1 X308.543145 Y578.706551 Z0;
G1 X308.543145 Y576.292491 Z0;
G1 X307.543145 Y575.292491 Z0;
G1 X307.543145 Y574.499521 Z0;
G1 X306.750175 Y574.499521 Z0;
G1 X306.543145 Y574.292491 Z0;
G1 X306.543145 Y573.292491 Z0;
G1 X305.043145 Y571.792491 Z0;
G0 X305.043145 Y571.792491 Z1;
;path#polyline80_2
G0 X318.543145 Y598.706551 Z1;
G1 X318.836115 Y598.999521 Z0;
G1 X318.543145 Y599.292491 Z0;
G1 X318.543145 Y598.706551 Z0;
G0 X318.543145 Y598.706551 Z1;
;path#polyline81
G0 X170.836115 Y571.999521 Z1;
G1 X170.689625 Y572.146001 Z0;
G1 X169.836115 Y572.999521 Z0;
G1 X163.836114 Y572.999521 Z0;
G1 X163.043145 Y573.792491 Z0;
G1 X162.250176 Y572.999521 Z0;
G1 X139.836114 Y572.999521 Z0;
G1 X138.836114 Y573.999521 Z0;
G1 X132.836114 Y573.999521 Z0;
G1 X131.836114 Y574.999521 Z0;
G1 X131.250176 Y574.999521 Z0;
G1 X130.543145 Y574.292491 Z0;
G1 X130.543145 Y572.292491 Z0;
G1 X128.336114 Y574.499521 Z0;
G1 X129.836114 Y575.999521 Z0;
G1 X130.836114 Y575.999521 Z0;
G1 X132.250176 Y575.999521 Z0;
G1 X133.250176 Y574.999521 Z0;
G1 X139.250176 Y574.999521 Z0;
G1 X140.250176 Y573.999521 Z0;
G1 X161.836114 Y573.999521 Z0;
G1 X163.043145 Y575.206551 Z0;
G1 X164.250176 Y573.999521 Z0;
G1 X170.250175 Y573.999521 Z0;
G1 X171.250175 Y572.999521 Z0;
G1 X218.836115 Y572.999521 Z0;
G1 X219.836115 Y573.999521 Z0;
G1 X229.043145 Y573.999521 Z0;
G1 X229.043145 Y572.999521 Z0;
G1 X220.250175 Y572.999521 Z0;
G1 X219.396665 Y572.146001 Z0;
G1 X219.250175 Y571.999521 Z0;
G1 X170.836115 Y571.999521 Z0;
G0 X170.836115 Y571.999521 Z1;
;path#polyline82
G0 X469.836115 Y565.999521 Z1;
G1 X469.689625 Y566.146001 Z0;
G1 X467.543145 Y568.292491 Z0;
G1 X467.543145 Y570.706551 Z0;
G1 X468.543145 Y571.706551 Z0;
G1 X468.543145 Y572.292491 Z0;
G1 X467.543145 Y573.292491 Z0;
G1 X467.543145 Y574.292491 Z0;
G1 X467.543145 Y575.292491 Z0;
G1 X467.043145 Y575.792491 Z0;
G1 X465.543145 Y574.292491 Z0;
G1 X464.750175 Y573.499521 Z0;
G1 X465.543145 Y572.706551 Z0;
G1 X465.543145 Y571.706551 Z0;
G1 X467.250175 Y569.999521 Z0;
G1 X464.543145 Y569.999521 Z0;
G1 X464.543145 Y571.292491 Z0;
G1 X460.543145 Y575.292491 Z0;
G1 X460.543145 Y576.292491 Z0;
G1 X456.543145 Y580.292491 Z0;
G1 X456.543145 Y582.706551 Z0;
G1 X461.043145 Y578.206551 Z0;
G1 X461.543145 Y578.706551 Z0;
G1 X461.543145 Y581.292491 Z0;
G1 X459.543145 Y583.292491 Z0;
G1 X459.543145 Y584.292491 Z0;
G1 X458.543145 Y585.292491 Z0;
G1 X458.543145 Y586.292491 Z0;
G1 X458.543145 Y588.292491 Z0;
G1 X457.543145 Y589.292491 Z0;
G1 X457.543145 Y590.292491 Z0;
G1 X456.543145 Y591.292491 Z0;
G1 X456.543145 Y592.292491 Z0;
G1 X454.543145 Y594.292491 Z0;
G1 X454.543145 Y595.292491 Z0;
G1 X452.543145 Y597.292491 Z0;
G1 X452.543145 Y598.292491 Z0;
G1 X451.543145 Y599.292491 Z0;
G1 X451.543145 Y601.706551 Z0;
G1 X453.543145 Y599.706551 Z0;
G1 X453.543145 Y598.706551 Z0;
G1 X455.543145 Y596.706551 Z0;
G1 X455.543145 Y595.706551 Z0;
G1 X457.543145 Y593.706551 Z0;
G1 X457.543145 Y592.706551 Z0;
G1 X458.543145 Y591.706551 Z0;
G1 X458.543145 Y590.706551 Z0;
G1 X458.543145 Y589.706551 Z0;
G1 X459.543145 Y588.706551 Z0;
G1 X459.543145 Y586.706551 Z0;
G1 X460.543145 Y585.706551 Z0;
G1 X460.543145 Y584.706551 Z0;
G1 X462.543145 Y582.706551 Z0;
G1 X462.543145 Y581.706551 Z0;
G1 X462.543145 Y578.292491 Z0;
G1 X461.543145 Y577.292491 Z0;
G1 X461.543145 Y576.706551 Z0;
G1 X464.043145 Y574.206551 Z0;
G1 X464.543145 Y574.706551 Z0;
G1 X464.543145 Y575.706551 Z0;
G1 X465.543145 Y576.706551 Z0;
G1 X465.543145 Y578.706551 Z0;
G1 X467.043145 Y577.206551 Z0;
G1 X467.250175 Y576.999521 Z0;
G1 X468.543145 Y576.999521 Z0;
G1 X468.543145 Y575.706551 Z0;
G1 X468.543145 Y574.706551 Z0;
G1 X469.543145 Y573.706551 Z0;
G1 X469.543145 Y572.706551 Z0;
G1 X469.543145 Y571.706551 Z0;
G1 X470.043145 Y571.206551 Z0;
G1 X470.836115 Y571.999521 Z0;
G1 X473.250175 Y571.999521 Z0;
G1 X471.250175 Y569.999521 Z0;
G1 X470.250175 Y569.999521 Z0;
G1 X470.043145 Y569.792491 Z0;
G1 X469.836115 Y569.999521 Z0;
G1 X469.043145 Y570.792491 Z0;
G1 X468.543145 Y570.292491 Z0;
G1 X468.543145 Y568.706551 Z0;
G1 X470.250175 Y566.999521 Z0;
G1 X471.043145 Y566.999521 Z0;
G1 X471.043145 Y565.999521 Z0;
G1 X469.836115 Y565.999521 Z0;
G0 X469.836115 Y565.999521 Z1;
;path#polyline83
G0 X319.396665 Y563.146001 Z1;
G1 X318.689625 Y563.853041 Z0;
G1 X321.836115 Y566.999521 Z0;
G1 X322.836115 Y566.999521 Z0;
G1 X323.836115 Y567.999521 Z0;
G1 X324.836115 Y567.999521 Z0;
G1 X328.836115 Y567.999521 Z0;
G1 X329.836115 Y568.999521 Z0;
G1 X331.836115 Y568.999521 Z0;
G1 X332.543145 Y569.706551 Z0;
G1 X332.543145 Y570.999521 Z0;
G1 X334.250175 Y570.999521 Z0;
G1 X335.250175 Y569.999521 Z0;
G1 X338.043145 Y569.999521 Z0;
G1 X338.043145 Y568.999521 Z0;
G1 X334.836115 Y568.999521 Z0;
G1 X333.250175 Y568.999521 Z0;
G1 X332.250175 Y567.999521 Z0;
G1 X330.250175 Y567.999521 Z0;
G1 X329.250175 Y566.999521 Z0;
G1 X325.250175 Y566.999521 Z0;
G1 X324.250175 Y565.999521 Z0;
G1 X323.250175 Y565.999521 Z0;
G1 X322.250175 Y564.999521 Z0;
G1 X321.250175 Y564.999521 Z0;
G1 X319.396665 Y563.146001 Z0;
G0 X319.396665 Y563.146001 Z1;
;path#polyline84
G0 X239.543145 Y563.499521 Z1;
G1 X239.543145 Y564.706551 Z0;
G1 X240.336115 Y565.499521 Z0;
G1 X239.836115 Y565.999521 Z0;
G1 X239.250175 Y565.999521 Z0;
G1 X238.250175 Y565.999521 Z0;
G1 X237.043145 Y564.792491 Z0;
G1 X235.836115 Y565.999521 Z0;
G1 X234.543145 Y565.999521 Z0;
G1 X234.543145 Y567.292491 Z0;
G1 X234.336115 Y567.499521 Z0;
G1 X234.543145 Y567.706551 Z0;
G1 X235.336115 Y568.499521 Z0;
G1 X234.836115 Y568.999521 Z0;
G1 X233.836115 Y568.999521 Z0;
G1 X232.836115 Y569.999521 Z0;
G1 X230.250175 Y569.999521 Z0;
G1 X229.750175 Y569.499521 Z0;
G1 X230.396665 Y568.853041 Z0;
G1 X229.689625 Y568.146001 Z0;
G1 X228.836115 Y568.999521 Z0;
G1 X221.250175 Y568.999521 Z0;
G1 X220.250175 Y567.999521 Z0;
G1 X214.836115 Y567.999521 Z0;
G1 X213.836115 Y568.999521 Z0;
G1 X197.250175 Y568.999521 Z0;
G1 X196.250175 Y567.999521 Z0;
G1 X190.836115 Y567.999521 Z0;
G1 X189.836115 Y568.999521 Z0;
G1 X156.836114 Y568.999521 Z0;
G1 X155.836114 Y569.999521 Z0;
G1 X134.836114 Y569.999521 Z0;
G1 X133.836114 Y570.999521 Z0;
G1 X133.250176 Y570.999521 Z0;
G1 X132.043145 Y569.792491 Z0;
G1 X130.836114 Y570.999521 Z0;
G1 X129.250176 Y570.999521 Z0;
G1 X128.250176 Y569.999521 Z0;
G1 X124.836114 Y569.999521 Z0;
G1 X123.836114 Y570.999521 Z0;
G1 X114.836114 Y570.999521 Z0;
G1 X113.836114 Y571.999521 Z0;
G1 X107.836114 Y571.999521 Z0;
G1 X106.836114 Y572.999521 Z0;
G1 X97.836114 Y572.999521 Z0;
G1 X96.836114 Y573.999521 Z0;
G1 X91.836114 Y573.999521 Z0;
G1 X90.836114 Y573.999521 Z0;
G1 X89.836114 Y574.999521 Z0;
G1 X89.043145 Y574.999521 Z0;
G1 X89.043145 Y575.999521 Z0;
G1 X90.250176 Y575.999521 Z0;
G1 X91.250176 Y575.999521 Z0;
G1 X92.250176 Y574.999521 Z0;
G1 X97.250176 Y574.999521 Z0;
G1 X98.250176 Y573.999521 Z0;
G1 X107.250176 Y573.999521 Z0;
G1 X108.250176 Y572.999521 Z0;
G1 X114.250176 Y572.999521 Z0;
G1 X115.250176 Y571.999521 Z0;
G1 X124.250176 Y571.999521 Z0;
G1 X125.250176 Y570.999521 Z0;
G1 X127.836114 Y570.999521 Z0;
G1 X128.836114 Y571.999521 Z0;
G1 X131.250176 Y571.999521 Z0;
G1 X132.043145 Y571.206551 Z0;
G1 X132.836114 Y571.999521 Z0;
G1 X134.250176 Y571.999521 Z0;
G1 X135.250176 Y570.999521 Z0;
G1 X156.250176 Y570.999521 Z0;
G1 X157.250176 Y569.999521 Z0;
G1 X190.250175 Y569.999521 Z0;
G1 X191.250175 Y568.999521 Z0;
G1 X195.836115 Y568.999521 Z0;
G1 X196.836115 Y569.999521 Z0;
G1 X214.250175 Y569.999521 Z0;
G1 X215.250175 Y568.999521 Z0;
G1 X219.836115 Y568.999521 Z0;
G1 X220.836115 Y569.999521 Z0;
G1 X228.836115 Y569.999521 Z0;
G1 X229.836115 Y570.999521 Z0;
G1 X233.250175 Y570.999521 Z0;
G1 X234.250175 Y569.999521 Z0;
G1 X235.250175 Y569.999521 Z0;
G1 X236.836115 Y569.999521 Z0;
G1 X237.836115 Y570.999521 Z0;
G1 X238.836115 Y570.999521 Z0;
G1 X239.836115 Y570.999521 Z0;
G1 X240.836115 Y571.999521 Z0;
G1 X241.836115 Y571.999521 Z0;
G1 X242.836115 Y571.999521 Z0;
G1 X243.836115 Y572.999521 Z0;
G1 X244.836115 Y572.999521 Z0;
G1 X245.836115 Y573.999521 Z0;
G1 X246.836115 Y574.999521 Z0;
G1 X247.836115 Y574.999521 Z0;
G1 X248.689625 Y575.853041 Z0;
G1 X249.396665 Y575.146001 Z0;
G1 X248.250175 Y573.999521 Z0;
G1 X247.250175 Y572.999521 Z0;
G1 X246.250175 Y572.999521 Z0;
G1 X245.250175 Y571.999521 Z0;
G1 X244.250175 Y570.999521 Z0;
G1 X243.250175 Y570.999521 Z0;
G1 X242.250175 Y570.999521 Z0;
G1 X241.250175 Y569.999521 Z0;
G1 X240.250175 Y569.999521 Z0;
G1 X239.250175 Y569.999521 Z0;
G1 X238.250175 Y568.999521 Z0;
G1 X237.250175 Y568.999521 Z0;
G1 X236.750175 Y568.499521 Z0;
G1 X235.750175 Y567.499521 Z0;
G1 X236.250175 Y566.999521 Z0;
G1 X237.836115 Y566.999521 Z0;
G1 X238.836115 Y566.999521 Z0;
G1 X240.543145 Y568.706551 Z0;
G1 X240.543145 Y566.706551 Z0;
G1 X241.250175 Y565.999521 Z0;
G1 X242.043145 Y565.999521 Z0;
G1 X242.836115 Y565.999521 Z0;
G1 X244.836115 Y567.999521 Z0;
G1 X247.543145 Y570.706551 Z0;
G1 X248.836115 Y571.999521 Z0;
G1 X251.543145 Y574.706551 Z0;
G1 X251.543145 Y572.292491 Z0;
G1 X250.250175 Y570.999521 Z0;
G1 X249.250175 Y570.999521 Z0;
G1 X248.543145 Y570.292491 Z0;
G1 X248.543145 Y569.292491 Z0;
G1 X246.250175 Y566.999521 Z0;
G1 X245.250175 Y566.999521 Z0;
G1 X243.250175 Y564.999521 Z0;
G1 X242.043145 Y564.999521 Z0;
G1 X241.250175 Y564.999521 Z0;
G1 X240.543145 Y564.292491 Z0;
G1 X240.543145 Y563.499521 Z0;
G1 X239.543145 Y563.499521 Z0;
G0 X239.543145 Y563.499521 Z1;
;path#polyline85
G0 X247.396665 Y562.146001 Z1;
G1 X246.689625 Y562.853041 Z0;
G1 X247.543145 Y563.706551 Z0;
G1 X248.543145 Y564.706551 Z0;
G1 X248.543145 Y565.706551 Z0;
G1 X249.543145 Y566.706551 Z0;
G1 X250.543145 Y567.706551 Z0;
G1 X250.543145 Y568.706551 Z0;
G1 X251.836115 Y569.999521 Z0;
G1 X252.836115 Y569.999521 Z0;
G1 X253.836115 Y570.999521 Z0;
G1 X254.336115 Y571.499521 Z0;
G1 X253.543145 Y572.292491 Z0;
G1 X253.336115 Y572.499521 Z0;
G1 X253.543145 Y572.706551 Z0;
G1 X253.543145 Y573.706551 Z0;
G1 X254.543145 Y574.706551 Z0;
G1 X254.543145 Y576.292491 Z0;
G1 X254.543145 Y577.292491 Z0;
G1 X253.689625 Y578.146001 Z0;
G1 X254.396665 Y578.853041 Z0;
G1 X255.543145 Y577.706551 Z0;
G1 X255.543145 Y576.706551 Z0;
G1 X256.750175 Y575.499521 Z0;
G1 X255.543145 Y574.292491 Z0;
G1 X255.543145 Y573.292491 Z0;
G1 X254.750175 Y572.499521 Z0;
G1 X255.543145 Y571.706551 Z0;
G1 X255.750175 Y571.499521 Z0;
G1 X255.543145 Y571.292491 Z0;
G1 X255.543145 Y570.706551 Z0;
G1 X256.043145 Y570.206551 Z0;
G1 X257.543145 Y571.706551 Z0;
G1 X257.543145 Y572.706551 Z0;
G1 X258.543145 Y573.706551 Z0;
G1 X258.543145 Y574.292491 Z0;
G1 X258.543145 Y576.706551 Z0;
G1 X259.543145 Y577.706551 Z0;
G1 X259.543145 Y579.706551 Z0;
G1 X260.543145 Y580.706551 Z0;
G1 X260.543145 Y581.499521 Z0;
G1 X261.543145 Y581.499521 Z0;
G1 X261.543145 Y580.292491 Z0;
G1 X260.543145 Y579.292491 Z0;
G1 X260.543145 Y577.292491 Z0;
G1 X259.543145 Y576.292491 Z0;
G1 X259.543145 Y574.706551 Z0;
G1 X260.250175 Y573.999521 Z0;
G1 X260.836115 Y573.999521 Z0;
G1 X262.689625 Y575.853041 Z0;
G1 X263.396665 Y575.146001 Z0;
G1 X261.250175 Y572.999521 Z0;
G1 X260.250175 Y572.999521 Z0;
G1 X258.543145 Y571.292491 Z0;
G1 X258.543145 Y570.292491 Z0;
G1 X256.543145 Y568.292491 Z0;
G1 X255.396665 Y567.146001 Z0;
G1 X254.689625 Y567.853041 Z0;
G1 X255.543145 Y568.706551 Z0;
G1 X255.543145 Y569.292491 Z0;
G1 X254.836115 Y569.999521 Z0;
G1 X254.250175 Y569.999521 Z0;
G1 X253.250175 Y568.999521 Z0;
G1 X251.543145 Y567.292491 Z0;
G1 X250.543145 Y566.292491 Z0;
G1 X250.543145 Y565.292491 Z0;
G1 X249.543145 Y564.292491 Z0;
G1 X248.543145 Y563.292491 Z0;
G1 X248.543145 Y562.499521 Z0;
G1 X247.750175 Y562.499521 Z0;
G1 X247.396665 Y562.146001 Z0;
G0 X247.396665 Y562.146001 Z1;
;path#polyline86_1
G0 X500.689625 Y557.146001 Z1;
G1 X497.836115 Y559.999521 Z0;
G1 X495.836115 Y559.999521 Z0;
G1 X494.836115 Y560.999521 Z0;
G1 X493.836115 Y560.999521 Z0;
G1 X492.836115 Y561.999521 Z0;
G1 X492.043145 Y562.792491 Z0;
G1 X491.543145 Y562.292491 Z0;
G1 X491.543145 Y561.706551 Z0;
G1 X492.396665 Y560.853041 Z0;
G1 X491.689625 Y560.146001 Z0;
G1 X490.836115 Y560.999521 Z0;
G1 X490.250175 Y560.999521 Z0;
G1 X490.043145 Y560.792491 Z0;
G1 X489.836115 Y560.999521 Z0;
G1 X488.543145 Y562.292491 Z0;
G1 X486.543145 Y564.292491 Z0;
G1 X486.543145 Y565.292491 Z0;
G1 X485.543145 Y566.292491 Z0;
G1 X484.543145 Y567.292491 Z0;
G1 X484.543145 Y568.292491 Z0;
G1 X481.836115 Y570.999521 Z0;
G1 X480.836115 Y570.999521 Z0;
G1 X479.836115 Y570.999521 Z0;
G1 X477.836115 Y572.999521 Z0;
G1 X479.836115 Y572.999521 Z0;
G1 X480.336115 Y573.499521 Z0;
G1 X479.336115 Y574.499521 Z0;
G1 X480.543145 Y575.706551 Z0;
G1 X480.543145 Y578.706551 Z0;
G1 X483.043145 Y576.206551 Z0;
G1 X484.543145 Y577.706551 Z0;
G1 X484.543145 Y575.706551 Z0;
G1 X485.396665 Y574.853041 Z0;
G1 X484.689625 Y574.146001 Z0;
G1 X483.836115 Y574.999521 Z0;
G1 X483.250175 Y574.999521 Z0;
G1 X483.043145 Y574.792491 Z0;
G1 X482.836115 Y574.999521 Z0;
G1 X482.250175 Y574.999521 Z0;
G1 X481.543145 Y574.292491 Z0;
G1 X481.543145 Y573.706551 Z0;
G1 X481.750175 Y573.499521 Z0;
G1 X481.543145 Y573.292491 Z0;
G1 X480.750175 Y572.499521 Z0;
G1 X481.250175 Y571.999521 Z0;
G1 X482.250175 Y571.999521 Z0;
G1 X483.250175 Y571.999521 Z0;
G1 X485.543145 Y569.706551 Z0;
G1 X485.543145 Y568.706551 Z0;
G1 X486.543145 Y567.706551 Z0;
G1 X486.543145 Y566.706551 Z0;
G1 X487.543145 Y565.706551 Z0;
G1 X489.543145 Y563.706551 Z0;
G1 X489.543145 Y562.706551 Z0;
G1 X490.043145 Y562.206551 Z0;
G1 X490.543145 Y562.706551 Z0;
G1 X491.336115 Y563.499521 Z0;
G1 X490.543145 Y564.292491 Z0;
G1 X489.543145 Y565.292491 Z0;
G1 X489.543145 Y566.292491 Z0;
G1 X488.543145 Y567.292491 Z0;
G1 X488.543145 Y568.292491 Z0;
G1 X488.543145 Y569.292491 Z0;
G1 X487.543145 Y570.292491 Z0;
G1 X487.543145 Y571.292491 Z0;
G1 X486.543145 Y572.292491 Z0;
G1 X486.543145 Y573.292491 Z0;
G1 X486.543145 Y575.499521 Z0;
G1 X487.543145 Y575.499521 Z0;
G1 X487.543145 Y573.706551 Z0;
G1 X488.543145 Y572.706551 Z0;
G1 X488.543145 Y571.706551 Z0;
G1 X489.250175 Y570.999521 Z0;
G1 X489.836115 Y570.999521 Z0;
G1 X490.836115 Y571.999521 Z0;
G1 X491.543145 Y572.706551 Z0;
G1 X491.543145 Y573.706551 Z0;
G1 X491.543145 Y574.706551 Z0;
G1 X494.543145 Y577.706551 Z0;
G1 X494.543145 Y578.706551 Z0;
G1 X494.543145 Y579.292491 Z0;
G1 X493.043145 Y580.792491 Z0;
G1 X492.043145 Y579.792491 Z0;
G1 X490.836115 Y580.999521 Z0;
G1 X489.836115 Y580.999521 Z0;
G1 X485.543145 Y585.292491 Z0;
G1 X485.543145 Y586.292491 Z0;
G1 X485.543145 Y587.499521 Z0;
G1 X486.543145 Y587.499521 Z0;
G1 X486.543145 Y586.706551 Z0;
G1 X491.250175 Y581.999521 Z0;
G1 X491.836115 Y581.999521 Z0;
G1 X492.543145 Y582.706551 Z0;
G1 X492.543145 Y585.292491 Z0;
G1 X491.543145 Y586.292491 Z0;
G1 X489.836115 Y587.999521 Z0;
G1 X492.543145 Y587.999521 Z0;
G1 X492.543145 Y586.706551 Z0;
G1 X493.543145 Y585.706551 Z0;
G1 X493.543145 Y582.292491 Z0;
G1 X493.543145 Y581.706551 Z0;
G1 X495.250175 Y579.999521 Z0;
G1 X497.250175 Y579.999521 Z0;
G1 X495.543145 Y578.292491 Z0;
G1 X495.543145 Y577.292491 Z0;
G1 X495.543145 Y576.292491 Z0;
G1 X492.543145 Y573.292491 Z0;
G1 X492.543145 Y572.292491 Z0;
G1 X492.543145 Y570.999521 Z0;
G1 X491.250175 Y570.999521 Z0;
G1 X490.250175 Y569.999521 Z0;
G1 X489.543145 Y569.292491 Z0;
G1 X489.543145 Y568.706551 Z0;
G1 X490.543145 Y567.706551 Z0;
G1 X490.543145 Y566.706551 Z0;
G1 X491.543145 Y565.706551 Z0;
G1 X491.543145 Y564.706551 Z0;
G1 X492.043145 Y564.206551 Z0;
G1 X492.750175 Y563.499521 Z0;
G1 X493.250175 Y562.999521 Z0;
G1 X494.250175 Y562.999521 Z0;
G1 X495.250175 Y561.999521 Z0;
G1 X496.250175 Y560.999521 Z0;
G1 X498.250175 Y560.999521 Z0;
G1 X499.250175 Y560.999521 Z0;
G1 X500.543145 Y559.706551 Z0;
G1 X500.543145 Y558.706551 Z0;
G1 X501.396665 Y557.853041 Z0;
G1 X500.689625 Y557.146001 Z0;
G0 X500.689625 Y557.146001 Z1;
;path#polyline86_2
G0 X481.543145 Y575.706551 Z1;
G1 X481.836115 Y575.999521 Z0;
G1 X481.543145 Y576.292491 Z0;
G1 X481.543145 Y575.706551 Z0;
G0 X481.543145 Y575.706551 Z1;
;path#polyline87
G0 X378.396665 Y557.146001 Z1;
G1 X377.689625 Y557.853041 Z0;
G1 X378.543145 Y558.706551 Z0;
G1 X378.543145 Y560.706551 Z0;
G1 X379.543145 Y561.706551 Z0;
G1 X379.543145 Y565.706551 Z0;
G1 X380.543145 Y566.706551 Z0;
G1 X380.543145 Y567.706551 Z0;
G1 X380.543145 Y568.999521 Z0;
G1 X381.836115 Y568.999521 Z0;
G1 X382.336115 Y569.499521 Z0;
G1 X380.543145 Y571.292491 Z0;
G1 X379.336115 Y572.499521 Z0;
G1 X380.543145 Y573.706551 Z0;
G1 X381.543145 Y574.706551 Z0;
G1 X381.543145 Y579.706551 Z0;
G1 X382.543145 Y580.706551 Z0;
G1 X382.543145 Y581.706551 Z0;
G1 X383.543145 Y582.706551 Z0;
G1 X383.543145 Y583.706551 Z0;
G1 X384.543145 Y584.706551 Z0;
G1 X384.543145 Y586.706551 Z0;
G1 X385.543145 Y587.706551 Z0;
G1 X385.543145 Y590.706551 Z0;
G1 X386.543145 Y591.706551 Z0;
G1 X386.543145 Y593.499521 Z0;
G1 X387.543145 Y593.499521 Z0;
G1 X387.543145 Y591.292491 Z0;
G1 X386.543145 Y590.292491 Z0;
G1 X386.543145 Y587.292491 Z0;
G1 X385.543145 Y586.292491 Z0;
G1 X385.543145 Y584.292491 Z0;
G1 X384.543145 Y583.292491 Z0;
G1 X384.543145 Y582.292491 Z0;
G1 X383.543145 Y581.292491 Z0;
G1 X383.543145 Y580.292491 Z0;
G1 X382.543145 Y579.292491 Z0;
G1 X382.543145 Y574.292491 Z0;
G1 X381.543145 Y573.292491 Z0;
G1 X381.543145 Y571.706551 Z0;
G1 X383.750175 Y569.499521 Z0;
G1 X382.250175 Y567.999521 Z0;
G1 X381.543145 Y567.292491 Z0;
G1 X381.543145 Y566.292491 Z0;
G1 X380.543145 Y565.292491 Z0;
G1 X380.543145 Y561.292491 Z0;
G1 X379.543145 Y560.292491 Z0;
G1 X379.543145 Y558.292491 Z0;
G1 X379.543145 Y557.499521 Z0;
G1 X378.750175 Y557.499521 Z0;
G1 X378.396665 Y557.146001 Z0;
G0 X378.396665 Y557.146001 Z1;
;path#polyline88
G0 X327.396665 Y556.146001 Z1;
G1 X326.689625 Y556.853041 Z0;
G1 X330.836115 Y560.999521 Z0;
G1 X331.836115 Y560.999521 Z0;
G1 X333.336115 Y562.499521 Z0;
G1 X334.043145 Y563.206551 Z0;
G1 X334.836115 Y563.999521 Z0;
G1 X336.543145 Y565.706551 Z0;
G1 X336.543145 Y562.999521 Z0;
G1 X335.250175 Y562.999521 Z0;
G1 X334.750175 Y562.499521 Z0;
G1 X335.543145 Y561.706551 Z0;
G1 X336.250175 Y560.999521 Z0;
G1 X336.836115 Y560.999521 Z0;
G1 X338.836115 Y562.999521 Z0;
G1 X339.836115 Y562.999521 Z0;
G1 X340.836115 Y562.999521 Z0;
G1 X341.836115 Y563.999521 Z0;
G1 X343.836115 Y563.999521 Z0;
G1 X345.336115 Y565.499521 Z0;
G1 X344.836115 Y565.999521 Z0;
G1 X344.043145 Y565.999521 Z0;
G1 X344.043145 Y566.999521 Z0;
G1 X345.250175 Y566.999521 Z0;
G1 X346.250175 Y565.999521 Z0;
G1 X346.836115 Y565.999521 Z0;
G1 X349.043145 Y565.999521 Z0;
G1 X349.043145 Y564.999521 Z0;
G1 X347.250175 Y564.999521 Z0;
G1 X345.250175 Y562.999521 Z0;
G1 X344.250175 Y562.999521 Z0;
G1 X342.250175 Y562.999521 Z0;
G1 X341.250175 Y561.999521 Z0;
G1 X340.250175 Y561.999521 Z0;
G1 X338.250175 Y559.999521 Z0;
G1 X337.250175 Y559.999521 Z0;
G1 X336.043145 Y558.792491 Z0;
G1 X334.543145 Y560.292491 Z0;
G1 X334.543145 Y561.292491 Z0;
G1 X334.043145 Y561.792491 Z0;
G1 X332.250175 Y559.999521 Z0;
G1 X328.396665 Y556.146001 Z0;
G1 X327.896665 Y556.646001 Z0;
G1 X327.396665 Y556.146001 Z0;
G0 X327.396665 Y556.146001 Z1;
;path#polyline89
G0 X422.043145 Y554.999521 Z1;
G1 X422.043145 Y555.999521 Z0;
G1 X423.836115 Y555.999521 Z0;
G1 X424.836115 Y556.999521 Z0;
G1 X427.836115 Y556.999521 Z0;
G1 X428.836115 Y557.999521 Z0;
G1 X429.836115 Y558.999521 Z0;
G1 X430.836115 Y558.999521 Z0;
G1 X432.836115 Y560.999521 Z0;
G1 X433.836115 Y560.999521 Z0;
G1 X438.543145 Y565.706551 Z0;
G1 X438.543145 Y566.706551 Z0;
G1 X439.543145 Y567.706551 Z0;
G1 X439.543145 Y568.706551 Z0;
G1 X441.543145 Y570.706551 Z0;
G1 X441.543145 Y571.706551 Z0;
G1 X442.543145 Y572.706551 Z0;
G1 X442.543145 Y574.706551 Z0;
G1 X443.543145 Y575.706551 Z0;
G1 X443.543145 Y579.706551 Z0;
G1 X444.543145 Y580.706551 Z0;
G1 X444.543145 Y584.292491 Z0;
G1 X443.543145 Y585.292491 Z0;
G1 X443.543145 Y590.292491 Z0;
G1 X442.543145 Y591.292491 Z0;
G1 X442.543145 Y593.292491 Z0;
G1 X441.543145 Y594.292491 Z0;
G1 X441.543145 Y595.292491 Z0;
G1 X439.543145 Y597.292491 Z0;
G1 X439.543145 Y598.292491 Z0;
G1 X437.543145 Y600.292491 Z0;
G1 X437.543145 Y601.292491 Z0;
G1 X431.836115 Y606.999521 Z0;
G1 X430.836115 Y606.999521 Z0;
G1 X428.836115 Y608.999521 Z0;
G1 X427.836115 Y608.999521 Z0;
G1 X426.836115 Y609.999521 Z0;
G1 X425.836115 Y609.999521 Z0;
G1 X424.836115 Y610.999521 Z0;
G1 X423.836115 Y610.999521 Z0;
G1 X422.836115 Y610.999521 Z0;
G1 X421.836115 Y611.999521 Z0;
G1 X418.836115 Y611.999521 Z0;
G1 X417.836115 Y612.999521 Z0;
G1 X414.250175 Y612.999521 Z0;
G1 X413.250175 Y611.999521 Z0;
G1 X411.250175 Y611.999521 Z0;
G1 X410.250175 Y610.999521 Z0;
G1 X408.250175 Y610.999521 Z0;
G1 X407.250175 Y609.999521 Z0;
G1 X406.250175 Y609.999521 Z0;
G1 X405.250175 Y608.999521 Z0;
G1 X404.250175 Y608.999521 Z0;
G1 X403.250175 Y607.999521 Z0;
G1 X402.250175 Y607.999521 Z0;
G1 X396.543145 Y602.292491 Z0;
G1 X395.543145 Y601.292491 Z0;
G1 X395.543145 Y599.706551 Z0;
G1 X396.043145 Y599.206551 Z0;
G1 X401.836115 Y604.999521 Z0;
G1 X402.836115 Y604.999521 Z0;
G1 X404.836115 Y606.999521 Z0;
G1 X405.836115 Y606.999521 Z0;
G1 X406.836115 Y606.999521 Z0;
G1 X407.836115 Y607.999521 Z0;
G1 X409.836115 Y607.999521 Z0;
G1 X410.836115 Y608.999521 Z0;
G1 X422.250175 Y608.999521 Z0;
G1 X423.250175 Y607.999521 Z0;
G1 X425.250175 Y607.999521 Z0;
G1 X426.250175 Y606.999521 Z0;
G1 X427.250175 Y606.999521 Z0;
G1 X428.250175 Y605.999521 Z0;
G1 X429.250175 Y605.999521 Z0;
G1 X432.250175 Y602.999521 Z0;
G1 X433.250175 Y602.999521 Z0;
G1 X434.250175 Y601.999521 Z0;
G1 X435.543145 Y600.706551 Z0;
G1 X436.543145 Y599.706551 Z0;
G1 X436.543145 Y597.292491 Z0;
G1 X434.543145 Y599.292491 Z0;
G1 X434.543145 Y600.292491 Z0;
G1 X433.836115 Y600.999521 Z0;
G1 X432.836115 Y600.999521 Z0;
G1 X431.836115 Y601.999521 Z0;
G1 X428.836115 Y604.999521 Z0;
G1 X427.836115 Y604.999521 Z0;
G1 X426.836115 Y605.999521 Z0;
G1 X425.836115 Y605.999521 Z0;
G1 X424.836115 Y606.999521 Z0;
G1 X422.836115 Y606.999521 Z0;
G1 X421.836115 Y607.999521 Z0;
G1 X411.250175 Y607.999521 Z0;
G1 X410.250175 Y606.999521 Z0;
G1 X408.250175 Y606.999521 Z0;
G1 X407.250175 Y605.999521 Z0;
G1 X406.250175 Y605.999521 Z0;
G1 X404.250175 Y603.999521 Z0;
G1 X403.250175 Y603.999521 Z0;
G1 X396.543145 Y597.292491 Z0;
G1 X396.543145 Y596.292491 Z0;
G1 X394.543145 Y594.292491 Z0;
G1 X394.543145 Y596.706551 Z0;
G1 X395.543145 Y597.706551 Z0;
G1 X395.543145 Y598.292491 Z0;
G1 X394.543145 Y599.292491 Z0;
G1 X394.543145 Y601.706551 Z0;
G1 X395.543145 Y602.706551 Z0;
G1 X395.543145 Y603.706551 Z0;
G1 X400.836115 Y608.999521 Z0;
G1 X401.836115 Y608.999521 Z0;
G1 X402.836115 Y609.999521 Z0;
G1 X403.836115 Y609.999521 Z0;
G1 X404.836115 Y610.999521 Z0;
G1 X405.836115 Y610.999521 Z0;
G1 X406.836115 Y610.999521 Z0;
G1 X407.836115 Y611.999521 Z0;
G1 X409.836115 Y611.999521 Z0;
G1 X410.836115 Y612.999521 Z0;
G1 X412.836115 Y612.999521 Z0;
G1 X413.836115 Y613.999521 Z0;
G1 X418.250175 Y613.999521 Z0;
G1 X419.250175 Y612.999521 Z0;
G1 X422.250175 Y612.999521 Z0;
G1 X423.250175 Y612.999521 Z0;
G1 X424.250175 Y611.999521 Z0;
G1 X425.250175 Y611.999521 Z0;
G1 X426.250175 Y610.999521 Z0;
G1 X427.250175 Y610.999521 Z0;
G1 X428.250175 Y610.999521 Z0;
G1 X429.250175 Y609.999521 Z0;
G1 X430.250175 Y609.999521 Z0;
G1 X432.250175 Y607.999521 Z0;
G1 X433.250175 Y607.999521 Z0;
G1 X438.543145 Y602.706551 Z0;
G1 X438.543145 Y601.706551 Z0;
G1 X440.543145 Y599.706551 Z0;
G1 X440.543145 Y598.706551 Z0;
G1 X442.543145 Y596.706551 Z0;
G1 X442.543145 Y595.706551 Z0;
G1 X442.543145 Y594.706551 Z0;
G1 X443.543145 Y593.706551 Z0;
G1 X443.543145 Y591.706551 Z0;
G1 X444.543145 Y590.706551 Z0;
G1 X444.543145 Y585.706551 Z0;
G1 X445.543145 Y584.706551 Z0;
G1 X445.543145 Y580.292491 Z0;
G1 X444.543145 Y579.292491 Z0;
G1 X444.543145 Y575.292491 Z0;
G1 X443.543145 Y574.292491 Z0;
G1 X443.543145 Y572.292491 Z0;
G1 X442.543145 Y571.292491 Z0;
G1 X442.543145 Y570.292491 Z0;
G1 X442.543145 Y569.292491 Z0;
G1 X440.543145 Y567.292491 Z0;
G1 X440.543145 Y566.292491 Z0;
G1 X439.543145 Y565.292491 Z0;
G1 X439.543145 Y564.292491 Z0;
G1 X435.250175 Y559.999521 Z0;
G1 X434.250175 Y559.999521 Z0;
G1 X432.250175 Y557.999521 Z0;
G1 X431.250175 Y557.999521 Z0;
G1 X430.250175 Y556.999521 Z0;
G1 X429.250175 Y556.999521 Z0;
G1 X428.250175 Y555.999521 Z0;
G1 X425.250175 Y555.999521 Z0;
G1 X424.396665 Y555.146001 Z0;
G1 X424.250175 Y554.999521 Z0;
G1 X422.043145 Y554.999521 Z0;
G0 X422.043145 Y554.999521 Z1;
;path#polyline90
G0 X264.543145 Y554.499521 Z1;
G1 X264.543145 Y556.706551 Z0;
G1 X265.543145 Y557.706551 Z0;
G1 X265.543145 Y558.706551 Z0;
G1 X266.543145 Y559.706551 Z0;
G1 X266.543145 Y560.706551 Z0;
G1 X266.543145 Y561.706551 Z0;
G1 X267.836115 Y562.999521 Z0;
G1 X268.836115 Y562.999521 Z0;
G1 X269.543145 Y563.706551 Z0;
G1 X269.543145 Y564.706551 Z0;
G1 X270.543145 Y565.706551 Z0;
G1 X270.543145 Y566.706551 Z0;
G1 X273.543145 Y569.706551 Z0;
G1 X273.543145 Y570.706551 Z0;
G1 X274.836115 Y571.999521 Z0;
G1 X275.836115 Y571.999521 Z0;
G1 X276.836115 Y571.999521 Z0;
G1 X278.543145 Y573.706551 Z0;
G1 X279.836115 Y574.999521 Z0;
G1 X280.543145 Y575.706551 Z0;
G1 X280.543145 Y576.706551 Z0;
G1 X282.543145 Y578.706551 Z0;
G1 X282.543145 Y576.292491 Z0;
G1 X281.543145 Y575.292491 Z0;
G1 X281.543145 Y573.999521 Z0;
G1 X280.250175 Y573.999521 Z0;
G1 X279.543145 Y573.292491 Z0;
G1 X279.543145 Y572.292491 Z0;
G1 X278.250175 Y570.999521 Z0;
G1 X277.250175 Y570.999521 Z0;
G1 X276.250175 Y570.999521 Z0;
G1 X274.543145 Y569.292491 Z0;
G1 X274.543145 Y568.292491 Z0;
G1 X271.543145 Y565.292491 Z0;
G1 X271.543145 Y564.292491 Z0;
G1 X270.543145 Y563.292491 Z0;
G1 X270.543145 Y561.999521 Z0;
G1 X269.250175 Y561.999521 Z0;
G1 X267.543145 Y560.292491 Z0;
G1 X267.543145 Y559.292491 Z0;
G1 X267.543145 Y558.292491 Z0;
G1 X266.543145 Y557.292491 Z0;
G1 X266.543145 Y556.292491 Z0;
G1 X265.543145 Y555.292491 Z0;
G1 X265.543145 Y554.499521 Z0;
G1 X264.543145 Y554.499521 Z0;
G0 X264.543145 Y554.499521 Z1;
;path#polyline91
G0 X257.836115 Y552.999521 Z1;
G1 X257.336115 Y553.499521 Z0;
G1 X256.543145 Y553.499521 Z0;
G1 X256.543145 Y554.292491 Z0;
G1 X256.543145 Y556.706551 Z0;
G1 X257.543145 Y557.706551 Z0;
G1 X257.543145 Y560.499521 Z0;
G1 X258.543145 Y560.499521 Z0;
G1 X258.543145 Y557.292491 Z0;
G1 X257.543145 Y556.292491 Z0;
G1 X257.543145 Y554.706551 Z0;
G1 X258.250175 Y553.999521 Z0;
G1 X258.836115 Y553.999521 Z0;
G1 X260.543145 Y555.706551 Z0;
G1 X260.543145 Y556.292491 Z0;
G1 X259.689625 Y557.146001 Z0;
G1 X260.396665 Y557.853041 Z0;
G1 X261.043145 Y557.206551 Z0;
G1 X264.543145 Y560.706551 Z0;
G1 X264.543145 Y558.292491 Z0;
G1 X261.543145 Y555.292491 Z0;
G1 X261.543145 Y554.292491 Z0;
G1 X260.396665 Y553.146001 Z0;
G1 X259.896665 Y553.646001 Z0;
G1 X259.250175 Y552.999521 Z0;
G1 X257.836115 Y552.999521 Z0;
G0 X257.836115 Y552.999521 Z1;
;path#polyline92
G0 X434.543145 Y552.499521 Z1;
G1 X434.543145 Y553.999521 Z0;
G1 X435.836115 Y553.999521 Z0;
G1 X436.543145 Y554.706551 Z0;
G1 X436.543145 Y555.706551 Z0;
G1 X438.836115 Y557.999521 Z0;
G1 X439.836115 Y557.999521 Z0;
G1 X442.543145 Y560.706551 Z0;
G1 X442.543145 Y561.999521 Z0;
G1 X443.836115 Y561.999521 Z0;
G1 X444.543145 Y562.706551 Z0;
G1 X444.543145 Y563.706551 Z0;
G1 X444.543145 Y564.706551 Z0;
G1 X445.543145 Y565.706551 Z0;
G1 X445.543145 Y566.706551 Z0;
G1 X446.543145 Y567.706551 Z0;
G1 X446.543145 Y568.706551 Z0;
G1 X447.543145 Y569.706551 Z0;
G1 X447.543145 Y573.706551 Z0;
G1 X448.543145 Y574.706551 Z0;
G1 X448.543145 Y576.706551 Z0;
G1 X449.543145 Y577.706551 Z0;
G1 X449.543145 Y584.292491 Z0;
G1 X448.543145 Y585.292491 Z0;
G1 X448.543145 Y593.292491 Z0;
G1 X447.543145 Y594.292491 Z0;
G1 X447.543145 Y596.292491 Z0;
G1 X446.543145 Y597.292491 Z0;
G1 X446.543145 Y598.292491 Z0;
G1 X442.543145 Y602.292491 Z0;
G1 X442.543145 Y603.292491 Z0;
G1 X442.543145 Y604.292491 Z0;
G1 X441.543145 Y605.292491 Z0;
G1 X441.543145 Y606.292491 Z0;
G1 X440.543145 Y607.292491 Z0;
G1 X437.543145 Y610.292491 Z0;
G1 X437.543145 Y611.292491 Z0;
G1 X435.543145 Y613.292491 Z0;
G1 X435.543145 Y614.292491 Z0;
G1 X435.543145 Y615.499521 Z0;
G1 X436.543145 Y615.499521 Z0;
G1 X436.543145 Y614.706551 Z0;
G1 X438.543145 Y612.706551 Z0;
G1 X438.543145 Y611.706551 Z0;
G1 X441.543145 Y608.706551 Z0;
G1 X441.543145 Y607.706551 Z0;
G1 X442.543145 Y606.706551 Z0;
G1 X442.543145 Y605.706551 Z0;
G1 X443.543145 Y604.706551 Z0;
G1 X443.543145 Y603.706551 Z0;
G1 X447.543145 Y599.706551 Z0;
G1 X447.543145 Y598.706551 Z0;
G1 X447.543145 Y597.706551 Z0;
G1 X448.543145 Y596.706551 Z0;
G1 X448.543145 Y594.706551 Z0;
G1 X449.543145 Y593.706551 Z0;
G1 X449.543145 Y585.706551 Z0;
G1 X450.543145 Y584.706551 Z0;
G1 X450.543145 Y577.292491 Z0;
G1 X449.543145 Y576.292491 Z0;
G1 X449.543145 Y574.292491 Z0;
G1 X448.543145 Y573.292491 Z0;
G1 X448.543145 Y569.292491 Z0;
G1 X448.543145 Y568.292491 Z0;
G1 X447.543145 Y567.292491 Z0;
G1 X446.543145 Y566.292491 Z0;
G1 X446.543145 Y565.292491 Z0;
G1 X446.543145 Y564.292491 Z0;
G1 X445.543145 Y563.292491 Z0;
G1 X445.543145 Y562.292491 Z0;
G1 X444.250175 Y560.999521 Z0;
G1 X443.543145 Y560.292491 Z0;
G1 X443.543145 Y559.292491 Z0;
G1 X441.250175 Y556.999521 Z0;
G1 X440.250175 Y556.999521 Z0;
G1 X437.543145 Y554.292491 Z0;
G1 X437.543145 Y552.999521 Z0;
G1 X436.250175 Y552.999521 Z0;
G1 X436.043145 Y552.999521 Z0;
G1 X435.543145 Y552.999521 Z0;
G1 X435.543145 Y552.499521 Z0;
G1 X434.543145 Y552.499521 Z0;
G0 X434.543145 Y552.499521 Z1;
;path#polyline93
G0 X494.689625 Y551.146001 Z1;
G1 X491.836115 Y553.999521 Z0;
G1 X490.836115 Y553.999521 Z0;
G1 X485.543145 Y559.292491 Z0;
G1 X485.543145 Y560.292491 Z0;
G1 X483.543145 Y562.292491 Z0;
G1 X483.543145 Y563.292491 Z0;
G1 X483.543145 Y564.499521 Z0;
G1 X484.543145 Y564.499521 Z0;
G1 X484.543145 Y563.706551 Z0;
G1 X485.543145 Y562.706551 Z0;
G1 X485.543145 Y561.706551 Z0;
G1 X486.543145 Y560.706551 Z0;
G1 X486.543145 Y559.706551 Z0;
G1 X491.250175 Y554.999521 Z0;
G1 X492.250175 Y554.999521 Z0;
G1 X495.396665 Y551.853041 Z0;
G1 X494.689625 Y551.146001 Z0;
G0 X494.689625 Y551.146001 Z1;
;path#polyline94
G0 X336.396665 Y551.146001 Z1;
G1 X335.689625 Y551.853041 Z0;
G1 X338.543145 Y554.706551 Z0;
G1 X338.543145 Y555.706551 Z0;
G1 X339.836115 Y556.999521 Z0;
G1 X340.836115 Y556.999521 Z0;
G1 X342.836115 Y558.999521 Z0;
G1 X343.043145 Y558.999521 Z0;
G1 X344.836115 Y558.999521 Z0;
G1 X345.836115 Y559.999521 Z0;
G1 X346.836115 Y559.999521 Z0;
G1 X347.836115 Y560.999521 Z0;
G1 X350.543145 Y563.706551 Z0;
G1 X350.543145 Y564.706551 Z0;
G1 X351.543145 Y565.706551 Z0;
G1 X351.543145 Y566.706551 Z0;
G1 X352.836115 Y567.999521 Z0;
G1 X353.836115 Y567.999521 Z0;
G1 X354.836115 Y567.999521 Z0;
G1 X355.836115 Y568.999521 Z0;
G1 X358.543145 Y571.706551 Z0;
G1 X358.543145 Y572.706551 Z0;
G1 X360.543145 Y574.706551 Z0;
G1 X360.543145 Y572.292491 Z0;
G1 X359.543145 Y571.292491 Z0;
G1 X359.543145 Y570.292491 Z0;
G1 X357.250175 Y567.999521 Z0;
G1 X356.250175 Y567.999521 Z0;
G1 X355.250175 Y566.999521 Z0;
G1 X354.250175 Y566.999521 Z0;
G1 X352.543145 Y565.292491 Z0;
G1 X352.543145 Y564.292491 Z0;
G1 X351.543145 Y563.292491 Z0;
G1 X351.543145 Y562.292491 Z0;
G1 X349.250175 Y559.999521 Z0;
G1 X348.250175 Y559.999521 Z0;
G1 X347.250175 Y558.999521 Z0;
G1 X346.250175 Y557.999521 Z0;
G1 X345.250175 Y557.999521 Z0;
G1 X343.250175 Y557.999521 Z0;
G1 X341.250175 Y555.999521 Z0;
G1 X340.250175 Y555.999521 Z0;
G1 X339.543145 Y555.292491 Z0;
G1 X339.543145 Y554.292491 Z0;
G1 X336.396665 Y551.146001 Z0;
G0 X336.396665 Y551.146001 Z1;
;path#polyline95
G0 X289.396665 Y550.146001 Z1;
G1 X288.689625 Y550.853041 Z0;
G1 X289.543145 Y551.706551 Z0;
G1 X289.543145 Y554.292491 Z0;
G1 X288.836115 Y554.999521 Z0;
G1 X288.250175 Y554.999521 Z0;
G1 X287.750175 Y554.499521 Z0;
G1 X288.543145 Y553.706551 Z0;
G1 X288.543145 Y552.499521 Z0;
G1 X287.543145 Y552.499521 Z0;
G1 X287.543145 Y553.292491 Z0;
G1 X287.043145 Y553.792491 Z0;
G1 X286.336115 Y554.499521 Z0;
G1 X285.543145 Y555.292491 Z0;
G1 X285.543145 Y557.706551 Z0;
G1 X286.543145 Y558.706551 Z0;
G1 X286.543145 Y564.706551 Z0;
G1 X286.543145 Y566.292491 Z0;
G1 X286.543145 Y567.706551 Z0;
G1 X286.543145 Y568.706551 Z0;
G1 X287.543145 Y569.706551 Z0;
G1 X288.543145 Y570.706551 Z0;
G1 X288.543145 Y571.706551 Z0;
G1 X288.543145 Y572.292491 Z0;
G1 X287.836115 Y572.999521 Z0;
G1 X286.836115 Y572.999521 Z0;
G1 X285.543145 Y572.999521 Z0;
G1 X285.543145 Y574.292491 Z0;
G1 X285.543145 Y579.292491 Z0;
G1 X284.836115 Y579.999521 Z0;
G1 X281.836115 Y579.999521 Z0;
G1 X280.543145 Y579.999521 Z0;
G1 X280.543145 Y581.292491 Z0;
G1 X280.543145 Y583.292491 Z0;
G1 X279.336115 Y584.499521 Z0;
G1 X280.543145 Y585.706551 Z0;
G1 X280.543145 Y586.706551 Z0;
G1 X281.543145 Y587.706551 Z0;
G1 X281.543145 Y588.706551 Z0;
G1 X282.543145 Y589.706551 Z0;
G1 X282.543145 Y591.499521 Z0;
G1 X283.543145 Y591.499521 Z0;
G1 X283.543145 Y589.706551 Z0;
G1 X284.043145 Y589.206551 Z0;
G1 X285.543145 Y590.706551 Z0;
G1 X285.543145 Y591.292491 Z0;
G1 X285.543145 Y592.706551 Z0;
G1 X285.543145 Y593.706551 Z0;
G1 X286.836115 Y594.999521 Z0;
G1 X287.836115 Y594.999521 Z0;
G1 X289.543145 Y596.706551 Z0;
G1 X289.543145 Y597.706551 Z0;
G1 X292.543145 Y600.706551 Z0;
G1 X292.543145 Y601.292491 Z0;
G1 X292.543145 Y604.706551 Z0;
G1 X292.543145 Y605.706551 Z0;
G1 X294.543145 Y607.706551 Z0;
G1 X295.336115 Y608.499521 Z0;
G1 X294.543145 Y609.292491 Z0;
G1 X293.336115 Y610.499521 Z0;
G1 X294.836115 Y611.999521 Z0;
G1 X295.836115 Y611.999521 Z0;
G1 X297.543145 Y613.706551 Z0;
G1 X297.543145 Y615.499521 Z0;
G1 X298.543145 Y615.499521 Z0;
G1 X298.543145 Y613.292491 Z0;
G1 X296.250175 Y610.999521 Z0;
G1 X295.543145 Y610.292491 Z0;
G1 X295.543145 Y609.706551 Z0;
G1 X296.750175 Y608.499521 Z0;
G1 X295.543145 Y607.292491 Z0;
G1 X295.543145 Y606.292491 Z0;
G1 X293.543145 Y604.292491 Z0;
G1 X293.543145 Y601.706551 Z0;
G1 X294.750175 Y600.499521 Z0;
G1 X290.543145 Y596.292491 Z0;
G1 X290.543145 Y595.292491 Z0;
G1 X289.250175 Y593.999521 Z0;
G1 X288.250175 Y593.999521 Z0;
G1 X286.543145 Y592.292491 Z0;
G1 X286.543145 Y591.706551 Z0;
G1 X287.250175 Y590.999521 Z0;
G1 X287.836115 Y590.999521 Z0;
G1 X288.836115 Y591.999521 Z0;
G1 X289.836115 Y591.999521 Z0;
G1 X291.836115 Y593.999521 Z0;
G1 X292.836115 Y593.999521 Z0;
G1 X293.689625 Y594.853041 Z0;
G1 X294.396665 Y594.146001 Z0;
G1 X293.250175 Y592.999521 Z0;
G1 X292.250175 Y592.999521 Z0;
G1 X290.250175 Y590.999521 Z0;
G1 X289.250175 Y590.999521 Z0;
G1 X288.250175 Y589.999521 Z0;
G1 X286.836115 Y589.999521 Z0;
G1 X286.250175 Y589.999521 Z0;
G1 X284.250175 Y587.999521 Z0;
G1 X284.043145 Y587.792491 Z0;
G1 X283.836115 Y587.999521 Z0;
G1 X283.250175 Y587.999521 Z0;
G1 X282.543145 Y587.292491 Z0;
G1 X282.543145 Y586.292491 Z0;
G1 X281.543145 Y585.292491 Z0;
G1 X280.750175 Y584.499521 Z0;
G1 X281.543145 Y583.706551 Z0;
G1 X281.543145 Y581.706551 Z0;
G1 X282.250175 Y580.999521 Z0;
G1 X285.250175 Y580.999521 Z0;
G1 X286.543145 Y580.999521 Z0;
G1 X286.543145 Y579.706551 Z0;
G1 X286.543145 Y574.706551 Z0;
G1 X287.250175 Y573.999521 Z0;
G1 X288.250175 Y573.999521 Z0;
G1 X289.043145 Y573.206551 Z0;
G1 X293.543145 Y577.706551 Z0;
G1 X293.543145 Y578.706551 Z0;
G1 X294.836115 Y579.999521 Z0;
G1 X295.836115 Y579.999521 Z0;
G1 X296.543145 Y580.706551 Z0;
G1 X296.543145 Y581.999521 Z0;
G1 X299.250175 Y581.999521 Z0;
G1 X297.543145 Y580.292491 Z0;
G1 X297.543145 Y578.999521 Z0;
G1 X296.250175 Y578.999521 Z0;
G1 X294.543145 Y577.292491 Z0;
G1 X294.543145 Y576.292491 Z0;
G1 X289.543145 Y571.292491 Z0;
G1 X289.543145 Y570.292491 Z0;
G1 X288.543145 Y569.292491 Z0;
G1 X288.543145 Y568.292491 Z0;
G1 X287.543145 Y567.292491 Z0;
G1 X287.543145 Y566.706551 Z0;
G1 X288.043145 Y566.206551 Z0;
G1 X289.543145 Y567.706551 Z0;
G1 X289.543145 Y568.706551 Z0;
G1 X290.543145 Y569.706551 Z0;
G1 X290.543145 Y570.706551 Z0;
G1 X291.689625 Y571.853041 Z0;
G1 X292.396665 Y571.146001 Z0;
G1 X291.543145 Y570.292491 Z0;
G1 X291.543145 Y569.292491 Z0;
G1 X290.543145 Y568.292491 Z0;
G1 X290.543145 Y567.292491 Z0;
G1 X290.543145 Y566.292491 Z0;
G1 X289.250175 Y564.999521 Z0;
G1 X288.250175 Y564.999521 Z0;
G1 X288.043145 Y564.792491 Z0;
G1 X287.543145 Y564.292491 Z0;
G1 X287.543145 Y558.292491 Z0;
G1 X286.543145 Y557.292491 Z0;
G1 X286.543145 Y555.706551 Z0;
G1 X287.043145 Y555.206551 Z0;
G1 X287.836115 Y555.999521 Z0;
G1 X288.543145 Y556.706551 Z0;
G1 X288.543145 Y557.706551 Z0;
G1 X289.543145 Y558.706551 Z0;
G1 X289.543145 Y563.499521 Z0;
G1 X290.543145 Y563.499521 Z0;
G1 X290.543145 Y558.292491 Z0;
G1 X289.543145 Y557.292491 Z0;
G1 X289.543145 Y556.292491 Z0;
G1 X289.543145 Y555.706551 Z0;
G1 X290.543145 Y554.706551 Z0;
G1 X290.543145 Y551.499521 Z0;
G1 X290.543145 Y551.292491 Z0;
G1 X289.396665 Y550.146001 Z0;
G0 X289.396665 Y550.146001 Z1;
;path#polyline96
G0 X234.396665 Y550.146001 Z1;
G1 X233.689625 Y550.853041 Z0;
G1 X235.543145 Y552.706551 Z0;
G1 X235.543145 Y553.999521 Z0;
G1 X236.836115 Y553.999521 Z0;
G1 X239.543145 Y556.706551 Z0;
G1 X240.543145 Y557.706551 Z0;
G1 X240.543145 Y558.292491 Z0;
G1 X239.836115 Y558.999521 Z0;
G1 X238.250175 Y558.999521 Z0;
G1 X236.543145 Y557.292491 Z0;
G1 X236.543145 Y556.706551 Z0;
G1 X236.750175 Y556.499521 Z0;
G1 X236.543145 Y556.292491 Z0;
G1 X235.396665 Y555.146001 Z0;
G1 X234.689625 Y555.853041 Z0;
G1 X235.336115 Y556.499521 Z0;
G1 X234.836115 Y556.999521 Z0;
G1 X233.836115 Y556.999521 Z0;
G1 X232.836115 Y556.999521 Z0;
G1 X231.543145 Y558.292491 Z0;
G1 X231.543145 Y559.292491 Z0;
G1 X230.689625 Y560.146001 Z0;
G1 X231.396665 Y560.853041 Z0;
G1 X232.543145 Y559.706551 Z0;
G1 X234.250175 Y557.999521 Z0;
G1 X235.250175 Y557.999521 Z0;
G1 X235.836115 Y557.999521 Z0;
G1 X237.836115 Y559.999521 Z0;
G1 X240.250175 Y559.999521 Z0;
G1 X241.836115 Y559.999521 Z0;
G1 X242.836115 Y560.999521 Z0;
G1 X245.250175 Y560.999521 Z0;
G1 X246.543145 Y560.999521 Z0;
G1 X246.543145 Y558.292491 Z0;
G1 X244.836115 Y559.999521 Z0;
G1 X243.250175 Y559.999521 Z0;
G1 X242.250175 Y558.999521 Z0;
G1 X241.543145 Y558.292491 Z0;
G1 X241.543145 Y557.292491 Z0;
G1 X240.543145 Y556.292491 Z0;
G1 X240.543145 Y555.292491 Z0;
G1 X238.250175 Y552.999521 Z0;
G1 X237.250175 Y552.999521 Z0;
G1 X236.543145 Y552.292491 Z0;
G1 X236.543145 Y551.292491 Z0;
G1 X235.396665 Y550.146001 Z0;
G1 X234.896665 Y550.646001 Z0;
G1 X234.396665 Y550.146001 Z0;
G0 X234.396665 Y550.146001 Z1;
;path#polyline97
G0 X405.689625 Y549.146001 Z1;
G1 X404.836115 Y549.999521 Z0;
G1 X403.836115 Y549.999521 Z0;
G1 X396.543145 Y557.292491 Z0;
G1 X396.543145 Y558.499521 Z0;
G1 X396.543145 Y559.292491 Z0;
G1 X395.543145 Y560.292491 Z0;
G1 X395.543145 Y562.499521 Z0;
G1 X396.543145 Y562.499521 Z0;
G1 X396.543145 Y560.706551 Z0;
G1 X397.543145 Y559.706551 Z0;
G1 X397.543145 Y558.499521 Z0;
G1 X397.543145 Y557.706551 Z0;
G1 X404.250175 Y550.999521 Z0;
G1 X405.250175 Y550.999521 Z0;
G1 X406.396665 Y549.853041 Z0;
G1 X405.689625 Y549.146001 Z0;
G0 X405.689625 Y549.146001 Z1;
;path#polyline98
G0 X452.689625 Y546.146001 Z1;
G1 X449.543145 Y549.292491 Z0;
G1 X449.543145 Y550.292491 Z0;
G1 X448.836115 Y550.999521 Z0;
G1 X447.836115 Y550.999521 Z0;
G1 X446.836115 Y551.999521 Z0;
G1 X446.043145 Y551.999521 Z0;
G1 X446.043145 Y552.999521 Z0;
G1 X447.250175 Y552.999521 Z0;
G1 X448.250175 Y552.999521 Z0;
G1 X449.250175 Y551.999521 Z0;
G1 X450.543145 Y550.706551 Z0;
G1 X453.396665 Y547.853041 Z0;
G1 X452.896665 Y547.353041 Z0;
G1 X453.396665 Y546.853041 Z0;
G1 X452.689625 Y546.146001 Z0;
G0 X452.689625 Y546.146001 Z1;
;path#polyline99
G0 X205.043145 Y545.792491 Z1;
G1 X204.689625 Y546.146001 Z0;
G1 X203.836115 Y546.999521 Z0;
G1 X199.836115 Y546.999521 Z0;
G1 X198.836115 Y547.999521 Z0;
G1 X189.836115 Y547.999521 Z0;
G1 X188.836115 Y548.999521 Z0;
G1 X185.836115 Y548.999521 Z0;
G1 X184.836115 Y549.999521 Z0;
G1 X175.836115 Y549.999521 Z0;
G1 X174.836115 Y550.999521 Z0;
G1 X172.836115 Y550.999521 Z0;
G1 X171.836115 Y551.999521 Z0;
G1 X164.836114 Y551.999521 Z0;
G1 X163.836114 Y552.999521 Z0;
G1 X160.836114 Y552.999521 Z0;
G1 X159.836114 Y553.999521 Z0;
G1 X156.836114 Y553.999521 Z0;
G1 X155.836114 Y554.999521 Z0;
G1 X151.836114 Y554.999521 Z0;
G1 X150.836114 Y555.999521 Z0;
G1 X147.836114 Y555.999521 Z0;
G1 X146.836114 Y556.999521 Z0;
G1 X145.836114 Y556.999521 Z0;
G1 X144.836114 Y557.999521 Z0;
G1 X143.836114 Y557.999521 Z0;
G1 X142.836114 Y558.999521 Z0;
G1 X139.836114 Y558.999521 Z0;
G1 X138.836114 Y559.999521 Z0;
G1 X134.836114 Y559.999521 Z0;
G1 X133.836114 Y560.999521 Z0;
G1 X131.836114 Y560.999521 Z0;
G1 X130.836114 Y561.999521 Z0;
G1 X128.836114 Y561.999521 Z0;
G1 X127.836114 Y562.999521 Z0;
G1 X124.836114 Y562.999521 Z0;
G1 X123.836114 Y563.999521 Z0;
G1 X120.836114 Y563.999521 Z0;
G1 X119.836114 Y564.999521 Z0;
G1 X117.836114 Y564.999521 Z0;
G1 X116.836114 Y565.999521 Z0;
G1 X113.836114 Y565.999521 Z0;
G1 X112.836114 Y566.999521 Z0;
G1 X107.836114 Y566.999521 Z0;
G1 X106.836114 Y567.999521 Z0;
G1 X103.836114 Y567.999521 Z0;
G1 X102.836114 Y568.999521 Z0;
G1 X98.836114 Y568.999521 Z0;
G1 X97.836114 Y569.999521 Z0;
G1 X94.836114 Y569.999521 Z0;
G1 X93.836114 Y570.999521 Z0;
G1 X89.836114 Y570.999521 Z0;
G1 X88.836114 Y571.999521 Z0;
G1 X82.836114 Y571.999521 Z0;
G1 X81.836114 Y572.999521 Z0;
G1 X76.836114 Y572.999521 Z0;
G1 X75.836114 Y573.999521 Z0;
G1 X69.836114 Y573.999521 Z0;
G1 X68.836114 Y574.999521 Z0;
G1 X67.250176 Y574.999521 Z0;
G1 X66.250176 Y573.999521 Z0;
G1 X65.043145 Y573.999521 Z0;
G1 X65.043145 Y574.999521 Z0;
G1 X65.836114 Y574.999521 Z0;
G1 X66.836114 Y575.999521 Z0;
G1 X69.250176 Y575.999521 Z0;
G1 X70.250176 Y574.999521 Z0;
G1 X76.250176 Y574.999521 Z0;
G1 X77.250176 Y573.999521 Z0;
G1 X82.250176 Y573.999521 Z0;
G1 X83.250176 Y572.999521 Z0;
G1 X89.250176 Y572.999521 Z0;
G1 X90.250176 Y571.999521 Z0;
G1 X94.250176 Y571.999521 Z0;
G1 X95.250176 Y570.999521 Z0;
G1 X98.250176 Y570.999521 Z0;
G1 X99.250176 Y569.999521 Z0;
G1 X103.250176 Y569.999521 Z0;
G1 X104.250176 Y568.999521 Z0;
G1 X107.250176 Y568.999521 Z0;
G1 X108.250176 Y567.999521 Z0;
G1 X113.250176 Y567.999521 Z0;
G1 X114.250176 Y566.999521 Z0;
G1 X117.250176 Y566.999521 Z0;
G1 X118.250176 Y565.999521 Z0;
G1 X120.250176 Y565.999521 Z0;
G1 X121.250176 Y564.999521 Z0;
G1 X124.250176 Y564.999521 Z0;
G1 X125.250176 Y563.999521 Z0;
G1 X128.250176 Y563.999521 Z0;
G1 X129.250176 Y562.999521 Z0;
G1 X131.250176 Y562.999521 Z0;
G1 X132.250176 Y561.999521 Z0;
G1 X134.250176 Y561.999521 Z0;
G1 X135.250176 Y560.999521 Z0;
G1 X139.250176 Y560.999521 Z0;
G1 X140.250176 Y559.999521 Z0;
G1 X143.250176 Y559.999521 Z0;
G1 X144.250176 Y558.999521 Z0;
G1 X145.250176 Y558.999521 Z0;
G1 X146.250176 Y557.999521 Z0;
G1 X147.250176 Y557.999521 Z0;
G1 X148.250176 Y556.999521 Z0;
G1 X151.250176 Y556.999521 Z0;
G1 X152.250176 Y555.999521 Z0;
G1 X156.250176 Y555.999521 Z0;
G1 X157.250176 Y554.999521 Z0;
G1 X160.250176 Y554.999521 Z0;
G1 X161.250176 Y553.999521 Z0;
G1 X164.250176 Y553.999521 Z0;
G1 X165.250175 Y552.999521 Z0;
G1 X172.250175 Y552.999521 Z0;
G1 X173.250175 Y551.999521 Z0;
G1 X175.250175 Y551.999521 Z0;
G1 X176.250175 Y550.999521 Z0;
G1 X185.250175 Y550.999521 Z0;
G1 X186.250175 Y549.999521 Z0;
G1 X189.250175 Y549.999521 Z0;
G1 X190.250175 Y548.999521 Z0;
G1 X199.250175 Y548.999521 Z0;
G1 X200.250175 Y547.999521 Z0;
G1 X204.250175 Y547.999521 Z0;
G1 X205.043145 Y547.206551 Z0;
G1 X206.043145 Y548.206551 Z0;
G1 X206.396665 Y547.853041 Z0;
G1 X207.250175 Y546.999521 Z0;
G1 X208.043145 Y546.999521 Z0;
G1 X208.043145 Y545.999521 Z0;
G1 X206.836115 Y545.999521 Z0;
G1 X206.043145 Y546.792491 Z0;
G1 X205.043145 Y545.792491 Z0;
G0 X205.043145 Y545.792491 Z1;
;path#polyline100
G0 X457.689625 Y543.146001 Z1;
G1 X457.336115 Y543.499521 Z0;
G1 X456.543145 Y543.499521 Z0;
G1 X456.543145 Y544.292491 Z0;
G1 X453.836115 Y546.999521 Z0;
G1 X456.250175 Y546.999521 Z0;
G1 X457.543145 Y545.706551 Z0;
G1 X457.543145 Y544.706551 Z0;
G1 X458.396665 Y543.853041 Z0;
G1 X457.689625 Y543.146001 Z0;
G0 X457.689625 Y543.146001 Z1;
;path#polyline101
G0 X304.043145 Y541.999521 Z1;
G1 X304.043145 Y542.999521 Z0;
G1 X304.836115 Y542.999521 Z0;
G1 X306.836115 Y544.999521 Z0;
G1 X307.836115 Y544.999521 Z0;
G1 X309.543145 Y546.706551 Z0;
G1 X309.543145 Y547.292491 Z0;
G1 X307.836115 Y548.999521 Z0;
G1 X306.836115 Y549.999521 Z0;
G1 X306.250175 Y549.999521 Z0;
G1 X304.250175 Y547.999521 Z0;
G1 X302.250175 Y547.999521 Z0;
G1 X301.250175 Y546.999521 Z0;
G1 X300.043145 Y546.999521 Z0;
G1 X300.043145 Y547.999521 Z0;
G1 X300.836115 Y547.999521 Z0;
G1 X301.836115 Y548.999521 Z0;
G1 X303.836115 Y548.999521 Z0;
G1 X305.543145 Y550.706551 Z0;
G1 X305.543145 Y551.292491 Z0;
G1 X305.543145 Y553.706551 Z0;
G1 X306.543145 Y554.706551 Z0;
G1 X306.543145 Y555.706551 Z0;
G1 X307.543145 Y556.706551 Z0;
G1 X307.543145 Y557.706551 Z0;
G1 X308.836115 Y558.999521 Z0;
G1 X311.250175 Y558.999521 Z0;
G1 X309.750175 Y557.499521 Z0;
G1 X310.396665 Y556.853041 Z0;
G1 X309.689625 Y556.146001 Z0;
G1 X309.043145 Y556.792491 Z0;
G1 X308.543145 Y556.292491 Z0;
G1 X308.543145 Y555.292491 Z0;
G1 X307.543145 Y554.292491 Z0;
G1 X306.543145 Y553.292491 Z0;
G1 X306.543145 Y551.706551 Z0;
G1 X307.250175 Y550.999521 Z0;
G1 X308.250175 Y549.999521 Z0;
G1 X308.836115 Y549.999521 Z0;
G1 X311.543145 Y552.706551 Z0;
G1 X311.543145 Y553.706551 Z0;
G1 X312.543145 Y554.706551 Z0;
G1 X312.543145 Y555.706551 Z0;
G1 X313.543145 Y556.706551 Z0;
G1 X313.543145 Y559.706551 Z0;
G1 X314.543145 Y560.706551 Z0;
G1 X314.543145 Y562.292491 Z0;
G1 X314.336115 Y562.499521 Z0;
G1 X314.543145 Y562.706551 Z0;
G1 X314.543145 Y563.706551 Z0;
G1 X319.336115 Y568.499521 Z0;
G1 X318.689625 Y569.146001 Z0;
G1 X319.396665 Y569.853041 Z0;
G1 X320.043145 Y569.206551 Z0;
G1 X320.836115 Y569.999521 Z0;
G1 X321.836115 Y569.999521 Z0;
G1 X324.043145 Y569.999521 Z0;
G1 X324.043145 Y568.999521 Z0;
G1 X322.250175 Y568.999521 Z0;
G1 X315.750175 Y562.499521 Z0;
G1 X316.750175 Y561.499521 Z0;
G1 X315.543145 Y560.292491 Z0;
G1 X314.543145 Y559.292491 Z0;
G1 X314.543145 Y556.292491 Z0;
G1 X314.543145 Y555.292491 Z0;
G1 X313.543145 Y554.292491 Z0;
G1 X313.543145 Y553.706551 Z0;
G1 X314.543145 Y552.706551 Z0;
G1 X315.043145 Y552.206551 Z0;
G1 X315.836115 Y552.999521 Z0;
G1 X316.043145 Y553.206551 Z0;
G1 X316.250175 Y552.999521 Z0;
G1 X316.836115 Y552.999521 Z0;
G1 X321.836115 Y557.999521 Z0;
G1 X322.836115 Y557.999521 Z0;
G1 X324.689625 Y559.853041 Z0;
G1 X325.396665 Y559.146001 Z0;
G1 X323.250175 Y556.999521 Z0;
G1 X317.043145 Y550.792491 Z0;
G1 X316.043145 Y551.792491 Z0;
G1 X315.250175 Y550.999521 Z0;
G1 X315.043145 Y550.792491 Z0;
G1 X314.836115 Y550.999521 Z0;
G1 X313.543145 Y550.999521 Z0;
G1 X313.543145 Y552.292491 Z0;
G1 X313.043145 Y552.792491 Z0;
G1 X312.543145 Y552.292491 Z0;
G1 X309.750175 Y549.499521 Z0;
G1 X310.543145 Y548.706551 Z0;
G1 X310.543145 Y547.706551 Z0;
G1 X310.543145 Y546.292491 Z0;
G1 X310.543145 Y545.292491 Z0;
G1 X309.250175 Y543.999521 Z0;
G1 X308.250175 Y543.999521 Z0;
G1 X306.396665 Y542.146001 Z0;
G1 X305.896665 Y542.646001 Z0;
G1 X305.250175 Y541.999521 Z0;
G1 X304.043145 Y541.999521 Z0;
G0 X304.043145 Y541.999521 Z1;
;path#polyline102
G0 X500.689625 Y539.146001 Z1;
G1 X495.543145 Y544.292491 Z0;
G1 X495.543145 Y545.292491 Z0;
G1 X492.543145 Y548.292491 Z0;
G1 X492.543145 Y549.292491 Z0;
G1 X491.689625 Y550.146001 Z0;
G1 X492.396665 Y550.853041 Z0;
G1 X493.543145 Y549.706551 Z0;
G1 X496.543145 Y546.706551 Z0;
G1 X496.543145 Y545.706551 Z0;
G1 X501.250175 Y540.999521 Z0;
G1 X502.543145 Y540.999521 Z0;
G1 X502.543145 Y539.499521 Z0;
G1 X501.543145 Y539.499521 Z0;
G1 X501.543145 Y539.999521 Z0;
G1 X501.250175 Y539.999521 Z0;
G1 X501.396665 Y539.853041 Z0;
G1 X500.689625 Y539.146001 Z0;
G0 X500.689625 Y539.146001 Z1;
;path#polyline103
G0 X265.543145 Y538.499521 Z1;
G1 X265.543145 Y540.706551 Z0;
G1 X266.543145 Y541.706551 Z0;
G1 X266.543145 Y542.706551 Z0;
G1 X268.836115 Y544.999521 Z0;
G1 X269.836115 Y544.999521 Z0;
G1 X276.836115 Y551.999521 Z0;
G1 X277.836115 Y551.999521 Z0;
G1 X279.543145 Y553.706551 Z0;
G1 X279.543145 Y554.706551 Z0;
G1 X280.543145 Y555.706551 Z0;
G1 X280.543145 Y556.706551 Z0;
G1 X281.336115 Y557.499521 Z0;
G1 X280.689625 Y558.146001 Z0;
G1 X281.396665 Y558.853041 Z0;
G1 X282.043145 Y558.206551 Z0;
G1 X282.543145 Y558.706551 Z0;
G1 X282.543145 Y559.706551 Z0;
G1 X283.543145 Y560.706551 Z0;
G1 X283.543145 Y563.706551 Z0;
G1 X283.543145 Y564.999521 Z0;
G1 X286.250175 Y564.999521 Z0;
G1 X284.543145 Y563.292491 Z0;
G1 X284.543145 Y560.292491 Z0;
G1 X284.543145 Y559.292491 Z0;
G1 X283.543145 Y558.292491 Z0;
G1 X282.750175 Y557.499521 Z0;
G1 X282.043145 Y556.792491 Z0;
G1 X281.543145 Y556.292491 Z0;
G1 X281.543145 Y555.292491 Z0;
G1 X281.543145 Y554.292491 Z0;
G1 X280.543145 Y553.292491 Z0;
G1 X280.543145 Y552.292491 Z0;
G1 X279.250175 Y550.999521 Z0;
G1 X278.250175 Y550.999521 Z0;
G1 X271.250175 Y543.999521 Z0;
G1 X270.250175 Y543.999521 Z0;
G1 X267.543145 Y541.292491 Z0;
G1 X267.543145 Y539.499521 Z0;
G1 X266.543145 Y539.499521 Z0;
G1 X266.543145 Y538.499521 Z0;
G1 X265.543145 Y538.499521 Z0;
G0 X265.543145 Y538.499521 Z1;
;path#polyline104
G0 X371.836115 Y536.999521 Z1;
G1 X371.189625 Y537.646001 Z0;
G1 X370.689625 Y537.146001 Z0;
G1 X369.543145 Y538.292491 Z0;
G1 X369.543145 Y539.292491 Z0;
G1 X369.543145 Y545.706551 Z0;
G1 X369.543145 Y547.292491 Z0;
G1 X369.336115 Y547.499521 Z0;
G1 X369.543145 Y547.706551 Z0;
G1 X370.336115 Y548.499521 Z0;
G1 X369.543145 Y549.292491 Z0;
G1 X369.543145 Y550.706551 Z0;
G1 X370.689625 Y551.853041 Z0;
G1 X371.396665 Y551.146001 Z0;
G1 X370.543145 Y550.292491 Z0;
G1 X370.543145 Y549.706551 Z0;
G1 X371.750175 Y548.499521 Z0;
G1 X370.750175 Y547.499521 Z0;
G1 X371.750175 Y546.499521 Z0;
G1 X370.543145 Y545.292491 Z0;
G1 X370.543145 Y539.706551 Z0;
G1 X372.250175 Y537.999521 Z0;
G1 X372.836115 Y537.999521 Z0;
G1 X373.543145 Y538.706551 Z0;
G1 X373.543145 Y539.292491 Z0;
G1 X372.543145 Y540.292491 Z0;
G1 X372.543145 Y541.706551 Z0;
G1 X373.543145 Y542.706551 Z0;
G1 X373.543145 Y543.706551 Z0;
G1 X373.543145 Y544.706551 Z0;
G1 X374.543145 Y545.706551 Z0;
G1 X374.543145 Y546.706551 Z0;
G1 X374.543145 Y547.706551 Z0;
G1 X375.543145 Y548.706551 Z0;
G1 X375.543145 Y554.499521 Z0;
G1 X376.543145 Y554.499521 Z0;
G1 X376.543145 Y548.292491 Z0;
G1 X376.543145 Y547.292491 Z0;
G1 X375.543145 Y546.292491 Z0;
G1 X375.543145 Y545.292491 Z0;
G1 X375.543145 Y544.292491 Z0;
G1 X374.543145 Y543.292491 Z0;
G1 X374.543145 Y542.292491 Z0;
G1 X374.543145 Y539.706551 Z0;
G1 X374.543145 Y538.292491 Z0;
G1 X374.543145 Y537.499521 Z0;
G1 X373.750175 Y537.499521 Z0;
G1 X373.250175 Y536.999521 Z0;
G1 X371.836115 Y536.999521 Z0;
G0 X371.836115 Y536.999521 Z1;
;path#polyline105
G0 X313.396665 Y535.146001 Z1;
G1 X312.689625 Y535.853041 Z0;
G1 X313.543145 Y536.706551 Z0;
G1 X313.543145 Y537.706551 Z0;
G1 X315.336115 Y539.499521 Z0;
G1 X314.043145 Y540.792491 Z0;
G1 X312.396665 Y539.146001 Z0;
G1 X311.689625 Y539.853041 Z0;
G1 X313.336115 Y541.499521 Z0;
G1 X314.043145 Y542.206551 Z0;
G1 X315.689625 Y543.853041 Z0;
G1 X316.396665 Y543.146001 Z0;
G1 X314.750175 Y541.499521 Z0;
G1 X316.043145 Y540.206551 Z0;
G1 X317.543145 Y541.706551 Z0;
G1 X319.543145 Y543.706551 Z0;
G1 X319.543145 Y545.706551 Z0;
G1 X320.543145 Y546.706551 Z0;
G1 X320.543145 Y547.706551 Z0;
G1 X320.543145 Y548.706551 Z0;
G1 X321.543145 Y549.706551 Z0;
G1 X321.543145 Y550.706551 Z0;
G1 X322.543145 Y551.706551 Z0;
G1 X322.543145 Y552.706551 Z0;
G1 X324.543145 Y554.706551 Z0;
G1 X324.543145 Y556.499521 Z0;
G1 X325.543145 Y556.499521 Z0;
G1 X325.543145 Y554.292491 Z0;
G1 X325.543145 Y553.706551 Z0;
G1 X326.043145 Y553.206551 Z0;
G1 X327.043145 Y554.206551 Z0;
G1 X328.043145 Y553.206551 Z0;
G1 X330.543145 Y555.706551 Z0;
G1 X330.543145 Y556.706551 Z0;
G1 X332.043145 Y558.206551 Z0;
G1 X334.250175 Y555.999521 Z0;
G1 X332.250175 Y555.999521 Z0;
G1 X331.543145 Y555.292491 Z0;
G1 X331.543145 Y554.292491 Z0;
G1 X328.543145 Y551.292491 Z0;
G1 X327.250175 Y549.999521 Z0;
G1 X326.250175 Y548.999521 Z0;
G1 X323.836115 Y548.999521 Z0;
G1 X325.836115 Y550.999521 Z0;
G1 X326.836115 Y550.999521 Z0;
G1 X327.543145 Y551.706551 Z0;
G1 X327.543145 Y552.292491 Z0;
G1 X327.043145 Y552.792491 Z0;
G1 X326.043145 Y551.792491 Z0;
G1 X325.043145 Y552.792491 Z0;
G1 X323.543145 Y551.292491 Z0;
G1 X323.543145 Y550.292491 Z0;
G1 X322.543145 Y549.292491 Z0;
G1 X322.543145 Y548.292491 Z0;
G1 X321.543145 Y547.292491 Z0;
G1 X321.543145 Y546.292491 Z0;
G1 X320.543145 Y545.292491 Z0;
G1 X320.543145 Y543.292491 Z0;
G1 X318.543145 Y541.292491 Z0;
G1 X318.543145 Y540.292491 Z0;
G1 X314.543145 Y536.292491 Z0;
G1 X314.543145 Y535.499521 Z0;
G1 X313.750175 Y535.499521 Z0;
G1 X313.396665 Y535.146001 Z0;
G0 X313.396665 Y535.146001 Z1;
;path#polyline106_1
G0 X241.543145 Y534.499521 Z1;
G1 X241.543145 Y537.706551 Z0;
G1 X242.543145 Y538.706551 Z0;
G1 X242.543145 Y539.706551 Z0;
G1 X243.543145 Y540.706551 Z0;
G1 X243.543145 Y544.706551 Z0;
G1 X243.543145 Y545.706551 Z0;
G1 X244.543145 Y546.706551 Z0;
G1 X244.543145 Y547.706551 Z0;
G1 X245.836115 Y548.999521 Z0;
G1 X246.836115 Y548.999521 Z0;
G1 X247.543145 Y549.706551 Z0;
G1 X247.543145 Y550.292491 Z0;
G1 X245.836115 Y551.999521 Z0;
G1 X245.250175 Y551.999521 Z0;
G1 X244.750175 Y551.499521 Z0;
G1 X245.396665 Y550.853041 Z0;
G1 X244.689625 Y550.146001 Z0;
G1 X243.836115 Y550.999521 Z0;
G1 X243.250175 Y550.999521 Z0;
G1 X241.543145 Y549.292491 Z0;
G1 X241.543145 Y551.999521 Z0;
G1 X242.836115 Y551.999521 Z0;
G1 X243.836115 Y551.999521 Z0;
G1 X244.836115 Y552.999521 Z0;
G1 X245.543145 Y553.706551 Z0;
G1 X245.543145 Y555.706551 Z0;
G1 X245.543145 Y556.706551 Z0;
G1 X247.543145 Y558.706551 Z0;
G1 X247.543145 Y559.706551 Z0;
G1 X249.043145 Y561.206551 Z0;
G1 X250.250175 Y559.999521 Z0;
G1 X251.043145 Y559.206551 Z0;
G1 X251.836115 Y559.999521 Z0;
G1 X253.043145 Y559.999521 Z0;
G1 X253.043145 Y558.999521 Z0;
G1 X252.250175 Y558.999521 Z0;
G1 X251.543145 Y558.292491 Z0;
G1 X251.543145 Y557.706551 Z0;
G1 X252.250175 Y556.999521 Z0;
G1 X252.836115 Y556.999521 Z0;
G1 X253.543145 Y557.706551 Z0;
G1 X254.836115 Y558.999521 Z0;
G1 X256.043145 Y558.999521 Z0;
G1 X256.043145 Y557.999521 Z0;
G1 X255.250175 Y557.999521 Z0;
G1 X254.543145 Y557.292491 Z0;
G1 X254.543145 Y556.292491 Z0;
G1 X253.043145 Y554.792491 Z0;
G1 X251.836115 Y555.999521 Z0;
G1 X250.543145 Y555.999521 Z0;
G1 X250.543145 Y557.292491 Z0;
G1 X250.543145 Y558.292491 Z0;
G1 X249.836115 Y558.999521 Z0;
G1 X249.250175 Y558.999521 Z0;
G1 X248.543145 Y558.292491 Z0;
G1 X248.543145 Y557.292491 Z0;
G1 X246.543145 Y555.292491 Z0;
G1 X246.543145 Y553.292491 Z0;
G1 X246.543145 Y552.706551 Z0;
G1 X248.250175 Y550.999521 Z0;
G1 X251.250175 Y550.999521 Z0;
G1 X248.250175 Y547.999521 Z0;
G1 X247.250175 Y547.999521 Z0;
G1 X245.543145 Y546.292491 Z0;
G1 X245.543145 Y545.292491 Z0;
G1 X244.543145 Y544.292491 Z0;
G1 X244.543145 Y540.292491 Z0;
G1 X244.543145 Y539.292491 Z0;
G1 X243.543145 Y538.292491 Z0;
G1 X243.543145 Y537.292491 Z0;
G1 X242.543145 Y536.292491 Z0;
G1 X242.543145 Y534.499521 Z0;
G1 X241.543145 Y534.499521 Z0;
G0 X241.543145 Y534.499521 Z1;
;path#polyline106_2
G0 X248.543145 Y549.706551 Z1;
G1 X248.836115 Y549.999521 Z0;
G1 X248.543145 Y549.999521 Z0;
G1 X248.543145 Y549.706551 Z0;
G0 X248.543145 Y549.706551 Z1;
;path#polyline107
G0 X462.689625 Y533.146001 Z1;
G1 X456.543145 Y539.292491 Z0;
G1 X456.543145 Y540.292491 Z0;
G1 X456.543145 Y541.499521 Z0;
G1 X457.543145 Y541.499521 Z0;
G1 X457.543145 Y540.706551 Z0;
G1 X463.043145 Y535.206551 Z0;
G1 X463.689625 Y535.853041 Z0;
G1 X464.396665 Y535.146001 Z0;
G1 X463.396665 Y534.146001 Z0;
G1 X463.250175 Y533.999521 Z0;
G1 X463.396665 Y533.853041 Z0;
G1 X462.689625 Y533.146001 Z0;
G0 X462.689625 Y533.146001 Z1;
;path#polyline108
G0 X249.543145 Y530.292491 Z1;
G1 X249.543145 Y532.706551 Z0;
G1 X250.836115 Y533.999521 Z0;
G1 X251.836115 Y533.999521 Z0;
G1 X252.836115 Y534.999521 Z0;
G1 X253.836115 Y534.999521 Z0;
G1 X258.836115 Y539.999521 Z0;
G1 X259.836115 Y539.999521 Z0;
G1 X261.250175 Y539.999521 Z0;
G1 X261.836115 Y539.999521 Z0;
G1 X262.543145 Y540.706551 Z0;
G1 X262.543145 Y541.706551 Z0;
G1 X263.543145 Y542.706551 Z0;
G1 X263.543145 Y543.292491 Z0;
G1 X262.336115 Y544.499521 Z0;
G1 X264.543145 Y546.706551 Z0;
G1 X265.543145 Y547.706551 Z0;
G1 X265.543145 Y548.706551 Z0;
G1 X265.543145 Y549.706551 Z0;
G1 X269.836115 Y553.999521 Z0;
G1 X270.836115 Y553.999521 Z0;
G1 X271.836115 Y554.999521 Z0;
G1 X272.836115 Y554.999521 Z0;
G1 X273.836115 Y555.999521 Z0;
G1 X274.836115 Y555.999521 Z0;
G1 X277.543145 Y558.706551 Z0;
G1 X277.543145 Y560.499521 Z0;
G1 X278.543145 Y560.499521 Z0;
G1 X278.543145 Y558.292491 Z0;
G1 X278.543145 Y557.292491 Z0;
G1 X276.250175 Y554.999521 Z0;
G1 X275.250175 Y554.999521 Z0;
G1 X274.250175 Y553.999521 Z0;
G1 X273.250175 Y553.999521 Z0;
G1 X272.250175 Y552.999521 Z0;
G1 X271.250175 Y552.999521 Z0;
G1 X266.543145 Y548.292491 Z0;
G1 X266.543145 Y547.292491 Z0;
G1 X265.543145 Y546.292491 Z0;
G1 X265.543145 Y545.292491 Z0;
G1 X264.543145 Y544.292491 Z0;
G1 X264.543145 Y543.706551 Z0;
G1 X264.543145 Y542.292491 Z0;
G1 X263.543145 Y541.292491 Z0;
G1 X263.543145 Y540.292491 Z0;
G1 X262.543145 Y539.292491 Z0;
G1 X262.543145 Y538.706551 Z0;
G1 X262.543145 Y533.292491 Z0;
G1 X261.543145 Y532.292491 Z0;
G1 X261.543145 Y530.499521 Z0;
G1 X260.543145 Y530.499521 Z0;
G1 X260.543145 Y532.706551 Z0;
G1 X260.689625 Y532.853041 Z0;
G1 X261.543145 Y533.706551 Z0;
G1 X261.543145 Y538.292491 Z0;
G1 X260.836115 Y538.999521 Z0;
G1 X260.250175 Y538.999521 Z0;
G1 X255.250175 Y533.999521 Z0;
G1 X254.250175 Y533.999521 Z0;
G1 X253.250175 Y532.999521 Z0;
G1 X252.250175 Y532.999521 Z0;
G1 X249.543145 Y530.292491 Z0;
G0 X249.543145 Y530.292491 Z1;
;path#polyline109
G0 X469.689625 Y525.146001 Z1;
G1 X467.836115 Y526.999521 Z0;
G1 X469.836115 Y526.999521 Z0;
G1 X470.336115 Y527.499521 Z0;
G1 X469.543145 Y528.292491 Z0;
G1 X469.543145 Y529.292491 Z0;
G1 X468.543145 Y530.292491 Z0;
G1 X467.543145 Y531.292491 Z0;
G1 X467.543145 Y532.292491 Z0;
G1 X466.836115 Y532.999521 Z0;
G1 X465.043145 Y532.999521 Z0;
G1 X465.043145 Y533.999521 Z0;
G1 X467.250175 Y533.999521 Z0;
G1 X468.543145 Y532.706551 Z0;
G1 X469.543145 Y531.706551 Z0;
G1 X469.543145 Y530.706551 Z0;
G1 X470.543145 Y529.706551 Z0;
G1 X470.543145 Y528.706551 Z0;
G1 X471.750175 Y527.499521 Z0;
G1 X470.396665 Y526.146001 Z0;
G1 X470.250175 Y525.999521 Z0;
G1 X470.396665 Y525.853041 Z0;
G1 X469.689625 Y525.146001 Z0;
G0 X469.689625 Y525.146001 Z1;
;path#polyline110
G0 X438.043145 Y524.792491 Z1;
G1 X437.689625 Y525.146001 Z0;
G1 X436.543145 Y526.292491 Z0;
G1 X430.836115 Y531.999521 Z0;
G1 X430.250175 Y531.999521 Z0;
G1 X429.250175 Y530.999521 Z0;
G1 X426.836115 Y530.999521 Z0;
G1 X425.836115 Y531.999521 Z0;
G1 X425.043145 Y531.999521 Z0;
G1 X425.043145 Y532.999521 Z0;
G1 X426.250175 Y532.999521 Z0;
G1 X427.250175 Y531.999521 Z0;
G1 X428.836115 Y531.999521 Z0;
G1 X429.836115 Y532.999521 Z0;
G1 X431.250175 Y532.999521 Z0;
G1 X432.250175 Y532.999521 Z0;
G1 X437.543145 Y527.706551 Z0;
G1 X437.543145 Y526.706551 Z0;
G1 X438.043145 Y526.206551 Z0;
G1 X438.543145 Y526.706551 Z0;
G1 X438.543145 Y527.292491 Z0;
G1 X438.543145 Y528.706551 Z0;
G1 X438.543145 Y529.292491 Z0;
G1 X433.836115 Y533.999521 Z0;
G1 X432.836115 Y534.999521 Z0;
G1 X431.836115 Y534.999521 Z0;
G1 X425.836115 Y540.999521 Z0;
G1 X424.836115 Y540.999521 Z0;
G1 X422.836115 Y542.999521 Z0;
G1 X422.250175 Y542.999521 Z0;
G1 X421.750175 Y542.499521 Z0;
G1 X422.396665 Y541.853041 Z0;
G1 X421.689625 Y541.146001 Z0;
G1 X420.836115 Y541.999521 Z0;
G1 X419.836115 Y541.999521 Z0;
G1 X418.836115 Y542.999521 Z0;
G1 X417.836115 Y542.999521 Z0;
G1 X415.836115 Y544.999521 Z0;
G1 X414.836115 Y544.999521 Z0;
G1 X413.043145 Y546.792491 Z0;
G1 X412.250175 Y545.999521 Z0;
G1 X411.543145 Y545.292491 Z0;
G1 X411.543145 Y543.292491 Z0;
G1 X409.836115 Y544.999521 Z0;
G1 X408.836115 Y544.999521 Z0;
G1 X407.836115 Y545.999521 Z0;
G1 X406.836115 Y545.999521 Z0;
G1 X405.836115 Y546.999521 Z0;
G1 X403.250175 Y546.999521 Z0;
G1 X402.396665 Y546.146001 Z0;
G1 X401.689625 Y546.853041 Z0;
G1 X402.336115 Y547.499521 Z0;
G1 X401.543145 Y548.292491 Z0;
G1 X398.543145 Y551.292491 Z0;
G1 X398.543145 Y553.706551 Z0;
G1 X402.543145 Y549.706551 Z0;
G1 X402.543145 Y548.706551 Z0;
G1 X403.250175 Y547.999521 Z0;
G1 X406.250175 Y547.999521 Z0;
G1 X407.250175 Y546.999521 Z0;
G1 X408.250175 Y546.999521 Z0;
G1 X409.250175 Y545.999521 Z0;
G1 X409.836115 Y545.999521 Z0;
G1 X410.836115 Y546.999521 Z0;
G1 X411.836115 Y546.999521 Z0;
G1 X412.336115 Y547.499521 Z0;
G1 X410.543145 Y549.292491 Z0;
G1 X410.543145 Y550.499521 Z0;
G1 X411.543145 Y550.499521 Z0;
G1 X411.543145 Y549.706551 Z0;
G1 X413.043145 Y548.206551 Z0;
G1 X413.250175 Y547.999521 Z0;
G1 X414.250175 Y547.999521 Z0;
G1 X416.250175 Y545.999521 Z0;
G1 X418.250175 Y543.999521 Z0;
G1 X419.250175 Y543.999521 Z0;
G1 X420.250175 Y542.999521 Z0;
G1 X420.836115 Y542.999521 Z0;
G1 X421.336115 Y543.499521 Z0;
G1 X418.836115 Y545.999521 Z0;
G1 X417.836115 Y545.999521 Z0;
G1 X413.543145 Y550.292491 Z0;
G1 X413.543145 Y551.292491 Z0;
G1 X411.836115 Y552.999521 Z0;
G1 X411.043145 Y552.999521 Z0;
G1 X411.043145 Y553.999521 Z0;
G1 X412.250175 Y553.999521 Z0;
G1 X414.543145 Y551.706551 Z0;
G1 X418.043145 Y548.206551 Z0;
G1 X419.689625 Y549.853041 Z0;
G1 X420.396665 Y549.146001 Z0;
G1 X418.750175 Y547.499521 Z0;
G1 X419.250175 Y546.999521 Z0;
G1 X420.250175 Y546.999521 Z0;
G1 X423.250175 Y543.999521 Z0;
G1 X424.250175 Y543.999521 Z0;
G1 X426.250175 Y541.999521 Z0;
G1 X427.250175 Y541.999521 Z0;
G1 X433.250175 Y535.999521 Z0;
G1 X434.250175 Y534.999521 Z0;
G1 X435.250175 Y534.999521 Z0;
G1 X440.750175 Y529.499521 Z0;
G1 X439.543145 Y528.292491 Z0;
G1 X439.543145 Y527.706551 Z0;
G1 X441.250175 Y525.999521 Z0;
G1 X439.250175 Y525.999521 Z0;
G1 X438.043145 Y524.792491 Z0;
G0 X438.043145 Y524.792491 Z1;
;path#polyline111
G0 X353.396665 Y523.146001 Z1;
G1 X352.689625 Y523.853041 Z0;
G1 X354.543145 Y525.706551 Z0;
G1 X354.543145 Y526.706551 Z0;
G1 X356.543145 Y528.706551 Z0;
G1 X356.543145 Y529.706551 Z0;
G1 X357.543145 Y530.706551 Z0;
G1 X357.543145 Y531.706551 Z0;
G1 X358.836115 Y532.999521 Z0;
G1 X359.836115 Y532.999521 Z0;
G1 X360.836115 Y533.999521 Z0;
G1 X361.836115 Y533.999521 Z0;
G1 X362.836115 Y534.999521 Z0;
G1 X363.543145 Y535.706551 Z0;
G1 X363.543145 Y536.706551 Z0;
G1 X364.543145 Y537.706551 Z0;
G1 X364.543145 Y538.292491 Z0;
G1 X363.836115 Y538.999521 Z0;
G1 X363.250175 Y538.999521 Z0;
G1 X362.543145 Y538.292491 Z0;
G1 X362.543145 Y537.292491 Z0;
G1 X360.543145 Y535.292491 Z0;
G1 X360.543145 Y537.706551 Z0;
G1 X361.543145 Y538.706551 Z0;
G1 X361.543145 Y539.999521 Z0;
G1 X362.836115 Y539.999521 Z0;
G1 X363.336115 Y540.499521 Z0;
G1 X362.336115 Y541.499521 Z0;
G1 X363.543145 Y542.706551 Z0;
G1 X363.543145 Y543.706551 Z0;
G1 X364.543145 Y544.706551 Z0;
G1 X364.543145 Y545.292491 Z0;
G1 X364.336115 Y545.499521 Z0;
G1 X364.543145 Y545.706551 Z0;
G1 X365.543145 Y546.706551 Z0;
G1 X365.543145 Y548.706551 Z0;
G1 X366.543145 Y549.706551 Z0;
G1 X366.543145 Y551.706551 Z0;
G1 X366.543145 Y552.706551 Z0;
G1 X367.543145 Y553.706551 Z0;
G1 X367.543145 Y554.706551 Z0;
G1 X368.543145 Y555.706551 Z0;
G1 X368.543145 Y556.499521 Z0;
G1 X369.543145 Y556.499521 Z0;
G1 X369.543145 Y555.292491 Z0;
G1 X369.543145 Y554.292491 Z0;
G1 X368.543145 Y553.292491 Z0;
G1 X368.543145 Y552.292491 Z0;
G1 X367.543145 Y551.292491 Z0;
G1 X367.543145 Y549.292491 Z0;
G1 X366.543145 Y548.292491 Z0;
G1 X366.543145 Y546.292491 Z0;
G1 X365.750175 Y545.499521 Z0;
G1 X366.750175 Y544.499521 Z0;
G1 X364.543145 Y542.292491 Z0;
G1 X364.543145 Y540.706551 Z0;
G1 X364.750175 Y540.499521 Z0;
G1 X364.543145 Y540.292491 Z0;
G1 X364.543145 Y539.706551 Z0;
G1 X365.043145 Y539.206551 Z0;
G1 X365.836115 Y539.999521 Z0;
G1 X366.543145 Y540.706551 Z0;
G1 X366.543145 Y542.499521 Z0;
G1 X367.543145 Y542.499521 Z0;
G1 X367.543145 Y540.292491 Z0;
G1 X367.543145 Y538.999521 Z0;
G1 X366.250175 Y538.999521 Z0;
G1 X365.543145 Y538.292491 Z0;
G1 X365.543145 Y537.292491 Z0;
G1 X365.543145 Y536.292491 Z0;
G1 X364.543145 Y535.292491 Z0;
G1 X364.543145 Y533.999521 Z0;
G1 X363.250175 Y533.999521 Z0;
G1 X362.250175 Y532.999521 Z0;
G1 X361.250175 Y531.999521 Z0;
G1 X360.250175 Y531.999521 Z0;
G1 X358.543145 Y530.292491 Z0;
G1 X358.543145 Y529.292491 Z0;
G1 X357.543145 Y528.292491 Z0;
G1 X357.543145 Y527.292491 Z0;
G1 X355.543145 Y525.292491 Z0;
G1 X355.543145 Y524.292491 Z0;
G1 X354.396665 Y523.146001 Z0;
G1 X353.896665 Y523.646001 Z0;
G1 X353.396665 Y523.146001 Z0;
G0 X353.396665 Y523.146001 Z1;
;path#polyline112_1
G0 X458.689625 Y522.146001 Z1;
G1 X457.336115 Y523.499521 Z0;
G1 X458.689625 Y524.853041 Z0;
G1 X459.543145 Y525.706551 Z0;
G1 X459.543145 Y527.292491 Z0;
G1 X458.543145 Y528.292491 Z0;
G1 X458.543145 Y529.292491 Z0;
G1 X454.543145 Y533.292491 Z0;
G1 X454.543145 Y534.292491 Z0;
G1 X452.543145 Y536.292491 Z0;
G1 X452.543145 Y537.292491 Z0;
G1 X452.543145 Y538.292491 Z0;
G1 X450.043145 Y540.792491 Z0;
G1 X449.250175 Y539.999521 Z0;
G1 X442.836115 Y539.999521 Z0;
G1 X441.836115 Y540.999521 Z0;
G1 X440.836115 Y540.999521 Z0;
G1 X439.836115 Y541.999521 Z0;
G1 X438.836115 Y541.999521 Z0;
G1 X437.836115 Y542.999521 Z0;
G1 X436.836115 Y542.999521 Z0;
G1 X435.836115 Y543.999521 Z0;
G1 X434.836115 Y543.999521 Z0;
G1 X433.250175 Y543.999521 Z0;
G1 X432.043145 Y543.999521 Z0;
G1 X432.043145 Y544.999521 Z0;
G1 X432.836115 Y544.999521 Z0;
G1 X434.043145 Y546.206551 Z0;
G1 X435.250175 Y544.999521 Z0;
G1 X436.250175 Y544.999521 Z0;
G1 X437.250175 Y543.999521 Z0;
G1 X438.250175 Y543.999521 Z0;
G1 X439.250175 Y543.999521 Z0;
G1 X440.250175 Y542.999521 Z0;
G1 X440.836115 Y542.999521 Z0;
G1 X441.836115 Y543.999521 Z0;
G1 X444.836115 Y543.999521 Z0;
G1 X446.336115 Y545.499521 Z0;
G1 X445.836115 Y545.999521 Z0;
G1 X444.836115 Y545.999521 Z0;
G1 X443.836115 Y545.999521 Z0;
G1 X442.836115 Y546.999521 Z0;
G1 X440.836115 Y546.999521 Z0;
G1 X439.836115 Y547.999521 Z0;
G1 X430.836115 Y547.999521 Z0;
G1 X429.836115 Y548.999521 Z0;
G1 X427.836115 Y548.999521 Z0;
G1 X426.836115 Y549.999521 Z0;
G1 X425.836115 Y549.999521 Z0;
G1 X424.836115 Y550.999521 Z0;
G1 X423.836115 Y550.999521 Z0;
G1 X422.836115 Y551.999521 Z0;
G1 X420.836115 Y551.999521 Z0;
G1 X419.836115 Y552.999521 Z0;
G1 X416.836115 Y552.999521 Z0;
G1 X415.836115 Y553.999521 Z0;
G1 X414.836115 Y553.999521 Z0;
G1 X413.836115 Y554.999521 Z0;
G1 X412.836115 Y554.999521 Z0;
G1 X409.836115 Y557.999521 Z0;
G1 X408.836115 Y557.999521 Z0;
G1 X406.836115 Y559.999521 Z0;
G1 X405.836115 Y559.999521 Z0;
G1 X402.543145 Y563.292491 Z0;
G1 X402.543145 Y564.292491 Z0;
G1 X401.543145 Y565.292491 Z0;
G1 X401.543145 Y566.292491 Z0;
G1 X400.543145 Y567.292491 Z0;
G1 X400.543145 Y568.292491 Z0;
G1 X398.543145 Y570.292491 Z0;
G1 X398.543145 Y571.292491 Z0;
G1 X397.543145 Y572.292491 Z0;
G1 X397.543145 Y573.292491 Z0;
G1 X396.543145 Y574.292491 Z0;
G1 X396.543145 Y575.292491 Z0;
G1 X396.543145 Y576.292491 Z0;
G1 X395.543145 Y577.292491 Z0;
G1 X395.543145 Y578.292491 Z0;
G1 X394.543145 Y579.292491 Z0;
G1 X394.543145 Y581.292491 Z0;
G1 X393.543145 Y582.292491 Z0;
G1 X393.543145 Y585.292491 Z0;
G1 X392.543145 Y586.292491 Z0;
G1 X392.543145 Y589.292491 Z0;
G1 X391.543145 Y590.292491 Z0;
G1 X391.543145 Y602.706551 Z0;
G1 X392.543145 Y603.706551 Z0;
G1 X392.543145 Y607.706551 Z0;
G1 X393.543145 Y608.706551 Z0;
G1 X393.543145 Y610.706551 Z0;
G1 X394.543145 Y611.706551 Z0;
G1 X394.543145 Y613.706551 Z0;
G1 X395.543145 Y614.706551 Z0;
G1 X395.543145 Y616.706551 Z0;
G1 X396.543145 Y617.706551 Z0;
G1 X396.543145 Y619.706551 Z0;
G1 X397.543145 Y620.706551 Z0;
G1 X397.543145 Y622.706551 Z0;
G1 X398.543145 Y623.706551 Z0;
G1 X398.543145 Y624.706551 Z0;
G1 X399.543145 Y625.706551 Z0;
G1 X399.543145 Y626.706551 Z0;
G1 X400.543145 Y627.706551 Z0;
G1 X400.543145 Y628.706551 Z0;
G1 X401.543145 Y629.706551 Z0;
G1 X401.543145 Y631.706551 Z0;
G1 X401.543145 Y632.706551 Z0;
G1 X402.543145 Y633.706551 Z0;
G1 X402.543145 Y634.706551 Z0;
G1 X403.543145 Y635.706551 Z0;
G1 X403.543145 Y637.706551 Z0;
G1 X404.543145 Y638.706551 Z0;
G1 X404.543145 Y641.292491 Z0;
G1 X402.836115 Y642.999521 Z0;
G1 X401.836115 Y642.999521 Z0;
G1 X399.836115 Y644.999521 Z0;
G1 X402.250175 Y644.999521 Z0;
G1 X403.250175 Y643.999521 Z0;
G1 X405.543145 Y641.706551 Z0;
G1 X405.543145 Y638.292491 Z0;
G1 X404.543145 Y637.292491 Z0;
G1 X404.543145 Y635.292491 Z0;
G1 X403.543145 Y634.292491 Z0;
G1 X403.543145 Y633.292491 Z0;
G1 X403.543145 Y632.292491 Z0;
G1 X402.543145 Y631.292491 Z0;
G1 X402.543145 Y629.292491 Z0;
G1 X402.543145 Y628.292491 Z0;
G1 X401.543145 Y627.292491 Z0;
G1 X401.543145 Y626.292491 Z0;
G1 X400.543145 Y625.292491 Z0;
G1 X400.543145 Y624.292491 Z0;
G1 X399.543145 Y623.292491 Z0;
G1 X398.543145 Y622.292491 Z0;
G1 X398.543145 Y620.292491 Z0;
G1 X397.543145 Y619.292491 Z0;
G1 X397.543145 Y617.292491 Z0;
G1 X396.543145 Y616.292491 Z0;
G1 X396.543145 Y614.292491 Z0;
G1 X395.543145 Y613.292491 Z0;
G1 X395.543145 Y611.292491 Z0;
G1 X394.543145 Y610.292491 Z0;
G1 X394.543145 Y608.292491 Z0;
G1 X393.543145 Y607.292491 Z0;
G1 X393.543145 Y603.292491 Z0;
G1 X392.543145 Y602.292491 Z0;
G1 X392.543145 Y590.706551 Z0;
G1 X393.543145 Y589.706551 Z0;
G1 X393.543145 Y586.706551 Z0;
G1 X394.543145 Y585.706551 Z0;
G1 X394.543145 Y582.706551 Z0;
G1 X395.543145 Y581.706551 Z0;
G1 X395.543145 Y579.706551 Z0;
G1 X396.543145 Y578.706551 Z0;
G1 X396.543145 Y577.706551 Z0;
G1 X397.543145 Y576.706551 Z0;
G1 X397.543145 Y575.706551 Z0;
G1 X398.543145 Y574.706551 Z0;
G1 X398.543145 Y573.706551 Z0;
G1 X399.543145 Y572.706551 Z0;
G1 X399.543145 Y571.706551 Z0;
G1 X401.543145 Y569.706551 Z0;
G1 X401.543145 Y568.706551 Z0;
G1 X402.543145 Y567.706551 Z0;
G1 X402.543145 Y566.706551 Z0;
G1 X403.543145 Y565.706551 Z0;
G1 X403.543145 Y564.706551 Z0;
G1 X407.250175 Y560.999521 Z0;
G1 X408.250175 Y560.999521 Z0;
G1 X410.250175 Y558.999521 Z0;
G1 X411.250175 Y558.999521 Z0;
G1 X414.250175 Y555.999521 Z0;
G1 X415.250175 Y555.999521 Z0;
G1 X416.250175 Y554.999521 Z0;
G1 X417.250175 Y553.999521 Z0;
G1 X420.250175 Y553.999521 Z0;
G1 X422.250175 Y553.999521 Z0;
G1 X423.250175 Y552.999521 Z0;
G1 X424.250175 Y552.999521 Z0;
G1 X425.250175 Y551.999521 Z0;
G1 X426.250175 Y551.999521 Z0;
G1 X427.250175 Y550.999521 Z0;
G1 X428.250175 Y549.999521 Z0;
G1 X430.250175 Y549.999521 Z0;
G1 X431.250175 Y548.999521 Z0;
G1 X440.250175 Y548.999521 Z0;
G1 X441.250175 Y547.999521 Z0;
G1 X443.250175 Y547.999521 Z0;
G1 X444.250175 Y547.999521 Z0;
G1 X445.250175 Y546.999521 Z0;
G1 X446.250175 Y546.999521 Z0;
G1 X447.250175 Y545.999521 Z0;
G1 X448.250175 Y545.999521 Z0;
G1 X449.543145 Y544.706551 Z0;
G1 X449.543145 Y543.706551 Z0;
G1 X453.543145 Y539.706551 Z0;
G1 X453.543145 Y538.706551 Z0;
G1 X453.543145 Y537.706551 Z0;
G1 X455.543145 Y535.706551 Z0;
G1 X455.543145 Y534.706551 Z0;
G1 X459.543145 Y530.706551 Z0;
G1 X459.543145 Y529.706551 Z0;
G1 X460.543145 Y528.706551 Z0;
G1 X460.543145 Y527.706551 Z0;
G1 X460.543145 Y525.292491 Z0;
G1 X459.396665 Y524.146001 Z0;
G1 X458.750175 Y523.499521 Z0;
G1 X459.396665 Y522.853041 Z0;
G1 X458.689625 Y522.146001 Z0;
G0 X458.689625 Y522.146001 Z1;
;path#polyline112_2
G0 X443.250175 Y540.999521 Z1;
G1 X448.836115 Y540.999521 Z0;
G1 X449.836115 Y541.999521 Z0;
G1 X448.543145 Y543.292491 Z0;
G1 X448.543145 Y544.292491 Z0;
G1 X447.836115 Y544.999521 Z0;
G1 X447.250175 Y544.999521 Z0;
G1 X445.250175 Y542.999521 Z0;
G1 X442.250175 Y542.999521 Z0;
G1 X441.250175 Y541.999521 Z0;
G1 X442.250175 Y541.999521 Z0;
G1 X443.250175 Y540.999521 Z0;
G0 X443.250175 Y540.999521 Z1;
;path#polyline113
G0 X485.543145 Y521.499521 Z1;
G1 X485.543145 Y523.292491 Z0;
G1 X484.543145 Y524.292491 Z0;
G1 X484.543145 Y530.292491 Z0;
G1 X483.543145 Y531.292491 Z0;
G1 X483.543145 Y532.292491 Z0;
G1 X482.543145 Y533.292491 Z0;
G1 X480.836115 Y534.999521 Z0;
G1 X478.836115 Y536.999521 Z0;
G1 X477.836115 Y536.999521 Z0;
G1 X474.543145 Y540.292491 Z0;
G1 X474.543145 Y541.292491 Z0;
G1 X473.543145 Y542.292491 Z0;
G1 X473.543145 Y543.292491 Z0;
G1 X473.043145 Y543.792491 Z0;
G1 X472.543145 Y543.292491 Z0;
G1 X472.543145 Y542.292491 Z0;
G1 X472.543145 Y541.292491 Z0;
G1 X471.543145 Y540.292491 Z0;
G1 X471.543145 Y535.292491 Z0;
G1 X471.543145 Y533.706551 Z0;
G1 X472.543145 Y532.706551 Z0;
G1 X472.543145 Y531.706551 Z0;
G1 X476.543145 Y527.706551 Z0;
G1 X476.543145 Y526.706551 Z0;
G1 X476.543145 Y525.499521 Z0;
G1 X475.543145 Y525.499521 Z0;
G1 X475.543145 Y526.292491 Z0;
G1 X471.543145 Y530.292491 Z0;
G1 X471.543145 Y531.292491 Z0;
G1 X471.543145 Y532.292491 Z0;
G1 X470.543145 Y533.292491 Z0;
G1 X469.336115 Y534.499521 Z0;
G1 X470.543145 Y535.706551 Z0;
G1 X470.543145 Y540.706551 Z0;
G1 X470.543145 Y541.706551 Z0;
G1 X471.543145 Y542.706551 Z0;
G1 X471.543145 Y543.706551 Z0;
G1 X472.836115 Y544.999521 Z0;
G1 X473.043145 Y545.206551 Z0;
G1 X473.250175 Y544.999521 Z0;
G1 X474.543145 Y544.999521 Z0;
G1 X474.543145 Y543.706551 Z0;
G1 X475.543145 Y542.706551 Z0;
G1 X475.543145 Y541.706551 Z0;
G1 X479.250175 Y537.999521 Z0;
G1 X481.250175 Y535.999521 Z0;
G1 X482.250175 Y535.999521 Z0;
G1 X483.543145 Y534.706551 Z0;
G1 X483.543145 Y533.706551 Z0;
G1 X484.543145 Y532.706551 Z0;
G1 X484.543145 Y531.706551 Z0;
G1 X485.543145 Y530.706551 Z0;
G1 X485.543145 Y524.706551 Z0;
G1 X486.396665 Y523.853041 Z0;
G1 X486.543145 Y523.706551 Z0;
G1 X486.543145 Y521.499521 Z0;
G1 X485.543145 Y521.499521 Z0;
G0 X485.543145 Y521.499521 Z1;
;path#polyline114
G0 X311.836115 Y518.999521 Z1;
G1 X311.689625 Y519.146001 Z0;
G1 X310.836115 Y519.999521 Z0;
G1 X309.543145 Y519.999521 Z0;
G1 X309.543145 Y521.292491 Z0;
G1 X308.543145 Y522.292491 Z0;
G1 X308.543145 Y523.292491 Z0;
G1 X307.543145 Y524.292491 Z0;
G1 X307.336115 Y524.499521 Z0;
G1 X307.543145 Y524.706551 Z0;
G1 X307.543145 Y525.999521 Z0;
G1 X308.836115 Y525.999521 Z0;
G1 X309.836115 Y526.999521 Z0;
G1 X310.543145 Y527.706551 Z0;
G1 X310.543145 Y528.706551 Z0;
G1 X311.836115 Y529.999521 Z0;
G1 X312.836115 Y529.999521 Z0;
G1 X320.836115 Y529.999521 Z0;
G1 X321.336115 Y530.499521 Z0;
G1 X320.336115 Y531.499521 Z0;
G1 X321.336115 Y532.499521 Z0;
G1 X320.543145 Y533.292491 Z0;
G1 X319.836115 Y533.999521 Z0;
G1 X319.250175 Y533.999521 Z0;
G1 X318.250175 Y532.999521 Z0;
G1 X317.250175 Y532.999521 Z0;
G1 X316.043145 Y531.792491 Z0;
G1 X314.689625 Y533.146001 Z0;
G1 X315.396665 Y533.853041 Z0;
G1 X316.043145 Y533.206551 Z0;
G1 X316.836115 Y533.999521 Z0;
G1 X317.836115 Y533.999521 Z0;
G1 X318.836115 Y534.999521 Z0;
G1 X319.836115 Y534.999521 Z0;
G1 X321.836115 Y536.999521 Z0;
G1 X322.836115 Y536.999521 Z0;
G1 X325.836115 Y536.999521 Z0;
G1 X326.836115 Y537.999521 Z0;
G1 X327.836115 Y537.999521 Z0;
G1 X328.836115 Y538.999521 Z0;
G1 X329.836115 Y538.999521 Z0;
G1 X330.043145 Y539.206551 Z0;
G1 X330.250175 Y538.999521 Z0;
G1 X331.043145 Y538.206551 Z0;
G1 X332.043145 Y539.206551 Z0;
G1 X333.543145 Y537.706551 Z0;
G1 X333.543145 Y535.292491 Z0;
G1 X331.836115 Y536.999521 Z0;
G1 X331.250175 Y536.999521 Z0;
G1 X331.043145 Y536.792491 Z0;
G1 X330.836115 Y536.999521 Z0;
G1 X330.043145 Y537.792491 Z0;
G1 X329.250175 Y536.999521 Z0;
G1 X328.250175 Y536.999521 Z0;
G1 X327.250175 Y535.999521 Z0;
G1 X326.250175 Y535.999521 Z0;
G1 X323.250175 Y535.999521 Z0;
G1 X321.543145 Y534.292491 Z0;
G1 X321.543145 Y533.706551 Z0;
G1 X322.543145 Y532.706551 Z0;
G1 X322.750175 Y532.499521 Z0;
G1 X322.543145 Y532.292491 Z0;
G1 X322.543145 Y530.706551 Z0;
G1 X322.750175 Y530.499521 Z0;
G1 X322.543145 Y530.292491 Z0;
G1 X322.543145 Y529.706551 Z0;
G1 X323.250175 Y528.999521 Z0;
G1 X323.836115 Y528.999521 Z0;
G1 X324.836115 Y529.999521 Z0;
G1 X326.043145 Y529.999521 Z0;
G1 X326.043145 Y528.999521 Z0;
G1 X325.250175 Y528.999521 Z0;
G1 X324.250175 Y527.999521 Z0;
G1 X322.836115 Y527.999521 Z0;
G1 X321.836115 Y527.999521 Z0;
G1 X320.836115 Y528.999521 Z0;
G1 X313.250175 Y528.999521 Z0;
G1 X311.543145 Y527.292491 Z0;
G1 X311.543145 Y525.999521 Z0;
G1 X310.250175 Y525.999521 Z0;
G1 X309.250175 Y524.999521 Z0;
G1 X308.750175 Y524.499521 Z0;
G1 X309.543145 Y523.706551 Z0;
G1 X309.543145 Y522.706551 Z0;
G1 X310.543145 Y521.706551 Z0;
G1 X311.250175 Y520.999521 Z0;
G1 X312.250175 Y519.999521 Z0;
G1 X312.836115 Y519.999521 Z0;
G1 X313.836115 Y520.999521 Z0;
G1 X314.836115 Y520.999521 Z0;
G1 X315.836115 Y521.999521 Z0;
G1 X316.836115 Y521.999521 Z0;
G1 X317.836115 Y521.999521 Z0;
G1 X320.836115 Y524.999521 Z0;
G1 X321.836115 Y524.999521 Z0;
G1 X322.836115 Y525.999521 Z0;
G1 X323.836115 Y525.999521 Z0;
G1 X324.836115 Y525.999521 Z0;
G1 X325.836115 Y526.999521 Z0;
G1 X326.836115 Y526.999521 Z0;
G1 X327.836115 Y527.999521 Z0;
G1 X328.836115 Y527.999521 Z0;
G1 X332.836115 Y531.999521 Z0;
G1 X335.250175 Y531.999521 Z0;
G1 X330.250175 Y526.999521 Z0;
G1 X329.250175 Y526.999521 Z0;
G1 X328.250175 Y526.999521 Z0;
G1 X327.250175 Y525.999521 Z0;
G1 X326.250175 Y525.999521 Z0;
G1 X325.250175 Y524.999521 Z0;
G1 X324.250175 Y524.999521 Z0;
G1 X323.250175 Y523.999521 Z0;
G1 X322.250175 Y523.999521 Z0;
G1 X319.250175 Y520.999521 Z0;
G1 X318.250175 Y520.999521 Z0;
G1 X317.250175 Y520.999521 Z0;
G1 X316.250175 Y519.999521 Z0;
G1 X315.250175 Y519.999521 Z0;
G1 X314.396665 Y519.146001 Z0;
G1 X313.896665 Y519.646001 Z0;
G1 X313.250175 Y518.999521 Z0;
G1 X311.836115 Y518.999521 Z0;
G0 X311.836115 Y518.999521 Z1;
;path#polyline115
G0 X310.543145 Y512.499521 Z1;
G1 X310.543145 Y513.999521 Z0;
G1 X311.836115 Y513.999521 Z0;
G1 X313.836115 Y515.999521 Z0;
G1 X314.836115 Y515.999521 Z0;
G1 X317.543145 Y518.706551 Z0;
G1 X317.543145 Y519.499521 Z0;
G1 X318.543145 Y519.499521 Z0;
G1 X318.543145 Y518.292491 Z0;
G1 X318.543145 Y517.292491 Z0;
G1 X316.250175 Y514.999521 Z0;
G1 X315.250175 Y514.999521 Z0;
G1 X314.250175 Y513.999521 Z0;
G1 X313.250175 Y513.999521 Z0;
G1 X312.250175 Y512.999521 Z0;
G1 X311.543145 Y512.999521 Z0;
G1 X311.543145 Y512.499521 Z0;
G1 X310.543145 Y512.499521 Z0;
G0 X310.543145 Y512.499521 Z1;
;path#polyline116
G0 X346.396665 Y507.146001 Z1;
G1 X345.689625 Y507.853041 Z0;
G1 X348.543145 Y510.706551 Z0;
G1 X348.543145 Y512.292491 Z0;
G1 X348.043145 Y512.792491 Z0;
G1 X347.250175 Y511.999521 Z0;
G1 X346.250175 Y511.999521 Z0;
G1 X345.250175 Y510.999521 Z0;
G1 X344.543145 Y510.292491 Z0;
G1 X344.543145 Y509.499521 Z0;
G1 X343.543145 Y509.499521 Z0;
G1 X343.543145 Y510.706551 Z0;
G1 X343.543145 Y511.292491 Z0;
G1 X342.689625 Y512.146001 Z0;
G1 X343.396665 Y512.853041 Z0;
G1 X344.250175 Y511.999521 Z0;
G1 X344.836115 Y511.999521 Z0;
G1 X345.836115 Y512.999521 Z0;
G1 X346.836115 Y513.999521 Z0;
G1 X347.836115 Y513.999521 Z0;
G1 X348.043145 Y514.206551 Z0;
G1 X348.250175 Y513.999521 Z0;
G1 X349.543145 Y512.706551 Z0;
G1 X349.543145 Y510.292491 Z0;
G1 X349.543145 Y509.292491 Z0;
G1 X348.250175 Y507.999521 Z0;
G1 X347.250175 Y507.999521 Z0;
G1 X346.396665 Y507.146001 Z0;
G0 X346.396665 Y507.146001 Z1;
;path#polyline117
G0 X297.043145 Y506.792491 Z1;
G1 X296.189625 Y507.646001 Z0;
G1 X295.689625 Y507.146001 Z0;
G1 X294.336115 Y508.499521 Z0;
G1 X295.336115 Y509.499521 Z0;
G1 X294.336115 Y510.499521 Z0;
G1 X295.543145 Y511.706551 Z0;
G1 X296.836115 Y512.999521 Z0;
G1 X301.836115 Y517.999521 Z0;
G1 X302.836115 Y517.999521 Z0;
G1 X304.543145 Y519.706551 Z0;
G1 X304.543145 Y520.292491 Z0;
G1 X304.336115 Y520.499521 Z0;
G1 X304.543145 Y520.706551 Z0;
G1 X304.543145 Y521.292491 Z0;
G1 X303.543145 Y522.292491 Z0;
G1 X303.543145 Y523.292491 Z0;
G1 X303.543145 Y524.706551 Z0;
G1 X304.543145 Y525.706551 Z0;
G1 X304.543145 Y526.706551 Z0;
G1 X304.543145 Y527.706551 Z0;
G1 X305.543145 Y528.706551 Z0;
G1 X305.543145 Y530.706551 Z0;
G1 X305.543145 Y531.706551 Z0;
G1 X310.543145 Y536.706551 Z0;
G1 X310.543145 Y534.706551 Z0;
G1 X311.250175 Y533.999521 Z0;
G1 X312.250175 Y533.999521 Z0;
G1 X314.250175 Y531.999521 Z0;
G1 X311.836115 Y531.999521 Z0;
G1 X310.836115 Y532.999521 Z0;
G1 X310.043145 Y533.792491 Z0;
G1 X306.543145 Y530.292491 Z0;
G1 X306.543145 Y528.292491 Z0;
G1 X306.543145 Y527.292491 Z0;
G1 X305.543145 Y526.292491 Z0;
G1 X305.543145 Y525.292491 Z0;
G1 X304.543145 Y524.292491 Z0;
G1 X304.543145 Y523.706551 Z0;
G1 X306.750175 Y521.499521 Z0;
G1 X305.750175 Y520.499521 Z0;
G1 X306.750175 Y519.499521 Z0;
G1 X304.250175 Y516.999521 Z0;
G1 X303.250175 Y516.999521 Z0;
G1 X298.250175 Y511.999521 Z0;
G1 X297.250175 Y511.999521 Z0;
G1 X296.543145 Y511.292491 Z0;
G1 X296.543145 Y509.706551 Z0;
G1 X296.750175 Y509.499521 Z0;
G1 X296.543145 Y509.292491 Z0;
G1 X296.543145 Y508.706551 Z0;
G1 X297.043145 Y508.206551 Z0;
G1 X298.836115 Y509.999521 Z0;
G1 X299.836115 Y509.999521 Z0;
G1 X300.336115 Y510.499521 Z0;
G1 X299.689625 Y511.146001 Z0;
G1 X300.396665 Y511.853041 Z0;
G1 X301.043145 Y511.206551 Z0;
G1 X304.836115 Y514.999521 Z0;
G1 X305.836115 Y514.999521 Z0;
G1 X307.836115 Y514.999521 Z0;
G1 X308.836115 Y515.999521 Z0;
G1 X309.836115 Y515.999521 Z0;
G1 X311.043145 Y515.999521 Z0;
G1 X311.043145 Y514.999521 Z0;
G1 X310.250175 Y514.999521 Z0;
G1 X309.250175 Y513.999521 Z0;
G1 X308.250175 Y513.999521 Z0;
G1 X306.250175 Y513.999521 Z0;
G1 X301.250175 Y508.999521 Z0;
G1 X300.250175 Y508.999521 Z0;
G1 X298.396665 Y507.146001 Z0;
G1 X297.896665 Y507.646001 Z0;
G1 X297.043145 Y506.792491 Z0;
G0 X297.043145 Y506.792491 Z1;
;path#polyline118
G0 X455.543145 Y506.499521 Z1;
G1 X455.543145 Y508.706551 Z0;
G1 X457.336115 Y510.499521 Z0;
G1 X456.836115 Y510.999521 Z0;
G1 X455.836115 Y510.999521 Z0;
G1 X453.836115 Y512.999521 Z0;
G1 X456.250175 Y512.999521 Z0;
G1 X457.250175 Y511.999521 Z0;
G1 X458.043145 Y511.206551 Z0;
G1 X458.836115 Y511.999521 Z0;
G1 X459.836115 Y511.999521 Z0;
G1 X460.836115 Y512.999521 Z0;
G1 X461.336115 Y513.499521 Z0;
G1 X459.543145 Y515.292491 Z0;
G1 X459.543145 Y516.292491 Z0;
G1 X459.543145 Y517.292491 Z0;
G1 X457.543145 Y519.292491 Z0;
G1 X457.543145 Y520.292491 Z0;
G1 X456.689625 Y521.146001 Z0;
G1 X457.396665 Y521.853041 Z0;
G1 X458.543145 Y520.706551 Z0;
G1 X458.543145 Y519.706551 Z0;
G1 X460.543145 Y517.706551 Z0;
G1 X460.543145 Y516.706551 Z0;
G1 X462.543145 Y514.706551 Z0;
G1 X462.543145 Y513.706551 Z0;
G1 X462.750175 Y513.499521 Z0;
G1 X463.543145 Y512.706551 Z0;
G1 X463.543145 Y510.292491 Z0;
G1 X461.836115 Y511.999521 Z0;
G1 X461.250175 Y511.999521 Z0;
G1 X460.250175 Y510.999521 Z0;
G1 X459.250175 Y510.999521 Z0;
G1 X458.750175 Y510.499521 Z0;
G1 X458.543145 Y510.292491 Z0;
G1 X458.543145 Y509.292491 Z0;
G1 X456.543145 Y507.292491 Z0;
G1 X456.543145 Y506.499521 Z0;
G1 X455.543145 Y506.499521 Z0;
G0 X455.543145 Y506.499521 Z1;
;path#polyline119
G0 X433.689625 Y501.146001 Z1;
G1 X432.543145 Y502.292491 Z0;
G1 X432.543145 Y503.292491 Z0;
G1 X431.543145 Y504.292491 Z0;
G1 X431.543145 Y506.999521 Z0;
G1 X432.836115 Y506.999521 Z0;
G1 X433.336115 Y507.499521 Z0;
G1 X432.543145 Y508.292491 Z0;
G1 X432.543145 Y509.292491 Z0;
G1 X428.836115 Y512.999521 Z0;
G1 X427.836115 Y512.999521 Z0;
G1 X424.543145 Y516.292491 Z0;
G1 X424.543145 Y518.706551 Z0;
G1 X429.250175 Y513.999521 Z0;
G1 X430.250175 Y513.999521 Z0;
G1 X433.543145 Y510.706551 Z0;
G1 X433.543145 Y509.706551 Z0;
G1 X434.543145 Y508.706551 Z0;
G1 X434.543145 Y507.706551 Z0;
G1 X434.750175 Y507.499521 Z0;
G1 X435.043145 Y507.206551 Z0;
G1 X435.543145 Y507.706551 Z0;
G1 X435.543145 Y510.706551 Z0;
G1 X437.750175 Y508.499521 Z0;
G1 X436.543145 Y507.292491 Z0;
G1 X435.543145 Y506.292491 Z0;
G1 X435.543145 Y505.706551 Z0;
G1 X436.543145 Y504.706551 Z0;
G1 X436.543145 Y501.499521 Z0;
G1 X435.543145 Y501.499521 Z0;
G1 X435.543145 Y504.292491 Z0;
G1 X434.543145 Y505.292491 Z0;
G1 X434.543145 Y506.292491 Z0;
G1 X434.043145 Y506.792491 Z0;
G1 X433.250175 Y505.999521 Z0;
G1 X432.543145 Y505.999521 Z0;
G1 X432.543145 Y504.706551 Z0;
G1 X433.543145 Y503.706551 Z0;
G1 X433.543145 Y502.706551 Z0;
G1 X434.396665 Y501.853041 Z0;
G1 X433.689625 Y501.146001 Z0;
G0 X433.689625 Y501.146001 Z1;
;path#polyline120_1
G0 X269.543145 Y493.292491 Z1;
G1 X269.543145 Y495.292491 Z0;
G1 X268.543145 Y496.292491 Z0;
G1 X268.543145 Y497.292491 Z0;
G1 X267.543145 Y498.292491 Z0;
G1 X267.543145 Y499.292491 Z0;
G1 X265.836115 Y500.999521 Z0;
G1 X265.250175 Y500.999521 Z0;
G1 X264.543145 Y500.292491 Z0;
G1 X264.543145 Y499.292491 Z0;
G1 X263.750175 Y498.499521 Z0;
G1 X264.250175 Y497.999521 Z0;
G1 X264.836115 Y497.999521 Z0;
G1 X265.689625 Y498.853041 Z0;
G1 X266.396665 Y498.146001 Z0;
G1 X265.250175 Y496.999521 Z0;
G1 X264.250175 Y495.999521 Z0;
G1 X263.250175 Y495.999521 Z0;
G1 X262.543145 Y495.292491 Z0;
G1 X262.543145 Y494.499521 Z0;
G1 X261.750175 Y494.499521 Z0;
G1 X261.396665 Y494.146001 Z0;
G1 X260.689625 Y494.853041 Z0;
G1 X261.543145 Y495.706551 Z0;
G1 X262.543145 Y496.706551 Z0;
G1 X262.543145 Y498.292491 Z0;
G1 X262.336115 Y498.499521 Z0;
G1 X262.543145 Y498.706551 Z0;
G1 X263.543145 Y499.706551 Z0;
G1 X263.543145 Y500.706551 Z0;
G1 X264.543145 Y501.706551 Z0;
G1 X264.543145 Y503.292491 Z0;
G1 X262.836115 Y504.999521 Z0;
G1 X261.836115 Y504.999521 Z0;
G1 X260.836115 Y504.999521 Z0;
G1 X258.543145 Y507.292491 Z0;
G1 X258.543145 Y508.292491 Z0;
G1 X258.043145 Y508.792491 Z0;
G1 X255.543145 Y506.292491 Z0;
G1 X255.543145 Y504.706551 Z0;
G1 X256.543145 Y503.706551 Z0;
G1 X257.543145 Y502.706551 Z0;
G1 X257.543145 Y501.706551 Z0;
G1 X257.543145 Y496.499521 Z0;
G1 X256.543145 Y496.499521 Z0;
G1 X256.543145 Y501.292491 Z0;
G1 X255.543145 Y502.292491 Z0;
G1 X255.543145 Y503.292491 Z0;
G1 X255.043145 Y503.792491 Z0;
G1 X254.750175 Y503.499521 Z0;
G1 X254.543145 Y503.292491 Z0;
G1 X254.543145 Y502.292491 Z0;
G1 X253.543145 Y501.292491 Z0;
G1 X253.543145 Y500.292491 Z0;
G1 X253.543145 Y498.999521 Z0;
G1 X252.250175 Y498.999521 Z0;
G1 X252.043145 Y498.792491 Z0;
G1 X251.836115 Y498.999521 Z0;
G1 X250.836115 Y498.999521 Z0;
G1 X249.543145 Y500.292491 Z0;
G1 X249.543145 Y502.706551 Z0;
G1 X252.043145 Y500.206551 Z0;
G1 X252.543145 Y500.706551 Z0;
G1 X252.543145 Y501.706551 Z0;
G1 X252.543145 Y502.706551 Z0;
G1 X253.336115 Y503.499521 Z0;
G1 X252.836115 Y503.999521 Z0;
G1 X249.836115 Y503.999521 Z0;
G1 X249.043145 Y504.792491 Z0;
G1 X247.396665 Y503.146001 Z0;
G1 X246.689625 Y503.853041 Z0;
G1 X248.336115 Y505.499521 Z0;
G1 X247.043145 Y506.792491 Z0;
G1 X246.250175 Y505.999521 Z0;
G1 X244.836115 Y505.999521 Z0;
G1 X241.836115 Y505.999521 Z0;
G1 X243.543145 Y507.706551 Z0;
G1 X243.543145 Y514.706551 Z0;
G1 X243.543145 Y515.706551 Z0;
G1 X244.836115 Y516.999521 Z0;
G1 X245.836115 Y516.999521 Z0;
G1 X246.836115 Y517.999521 Z0;
G1 X249.250175 Y517.999521 Z0;
G1 X247.250175 Y515.999521 Z0;
G1 X246.250175 Y515.999521 Z0;
G1 X244.543145 Y514.292491 Z0;
G1 X244.543145 Y507.706551 Z0;
G1 X245.250175 Y506.999521 Z0;
G1 X245.836115 Y506.999521 Z0;
G1 X247.043145 Y508.206551 Z0;
G1 X247.543145 Y508.706551 Z0;
G1 X247.543145 Y509.706551 Z0;
G1 X248.836115 Y510.999521 Z0;
G1 X249.836115 Y510.999521 Z0;
G1 X250.543145 Y511.706551 Z0;
G1 X250.543145 Y512.292491 Z0;
G1 X249.543145 Y513.292491 Z0;
G1 X249.543145 Y518.292491 Z0;
G1 X248.543145 Y519.292491 Z0;
G1 X248.543145 Y520.292491 Z0;
G1 X248.543145 Y522.706551 Z0;
G1 X248.543145 Y523.706551 Z0;
G1 X249.543145 Y524.706551 Z0;
G1 X250.543145 Y525.706551 Z0;
G1 X250.543145 Y526.292491 Z0;
G1 X249.543145 Y527.292491 Z0;
G1 X249.543145 Y528.292491 Z0;
G1 X249.543145 Y529.499521 Z0;
G1 X250.543145 Y529.499521 Z0;
G1 X250.543145 Y528.706551 Z0;
G1 X251.543145 Y527.706551 Z0;
G1 X251.543145 Y526.706551 Z0;
G1 X251.543145 Y525.292491 Z0;
G1 X250.543145 Y524.292491 Z0;
G1 X250.543145 Y523.292491 Z0;
G1 X249.543145 Y522.292491 Z0;
G1 X249.543145 Y520.706551 Z0;
G1 X250.543145 Y519.706551 Z0;
G1 X250.543145 Y518.706551 Z0;
G1 X250.543145 Y513.706551 Z0;
G1 X251.543145 Y512.706551 Z0;
G1 X253.043145 Y511.206551 Z0;
G1 X253.836115 Y511.999521 Z0;
G1 X257.543145 Y511.999521 Z0;
G1 X257.543145 Y510.706551 Z0;
G1 X258.043145 Y510.206551 Z0;
G1 X259.543145 Y508.706551 Z0;
G1 X262.250175 Y505.999521 Z0;
G1 X262.836115 Y505.999521 Z0;
G1 X263.543145 Y506.706551 Z0;
G1 X263.543145 Y510.706551 Z0;
G1 X263.543145 Y511.706551 Z0;
G1 X265.543145 Y513.706551 Z0;
G1 X265.543145 Y514.499521 Z0;
G1 X266.543145 Y514.499521 Z0;
G1 X266.543145 Y513.292491 Z0;
G1 X266.543145 Y512.292491 Z0;
G1 X264.543145 Y510.292491 Z0;
G1 X264.543145 Y506.292491 Z0;
G1 X263.750175 Y505.499521 Z0;
G1 X265.543145 Y503.706551 Z0;
G1 X268.543145 Y500.706551 Z0;
G1 X268.543145 Y499.706551 Z0;
G1 X269.543145 Y498.706551 Z0;
G1 X269.543145 Y497.706551 Z0;
G1 X269.543145 Y496.706551 Z0;
G1 X270.250175 Y495.999521 Z0;
G1 X270.836115 Y495.999521 Z0;
G1 X271.043145 Y496.206551 Z0;
G1 X271.250175 Y495.999521 Z0;
G1 X272.543145 Y495.999521 Z0;
G1 X272.543145 Y493.292491 Z0;
G1 X271.043145 Y494.792491 Z0;
G1 X269.543145 Y493.292491 Z0;
G0 X269.543145 Y493.292491 Z1;
;path#polyline120_2
G0 X263.543145 Y496.999521 Z1;
G1 X263.836115 Y496.999521 Z0;
G1 X263.543145 Y497.292491 Z0;
G1 X263.543145 Y496.999521 Z0;
G0 X263.543145 Y496.999521 Z1;
;path#polyline120_3
G0 X265.543145 Y501.999521 Z1;
G1 X265.836115 Y501.999521 Z0;
G1 X265.543145 Y502.292491 Z0;
G1 X265.543145 Y501.999521 Z0;
G0 X265.543145 Y501.999521 Z1;
;path#polyline120_4
G0 X254.043145 Y504.206551 Z1;
G1 X254.543145 Y504.706551 Z0;
G1 X254.543145 Y506.706551 Z0;
G1 X257.336115 Y509.499521 Z0;
G1 X256.543145 Y510.292491 Z0;
G1 X256.543145 Y510.999521 Z0;
G1 X254.250175 Y510.999521 Z0;
G1 X253.043145 Y509.792491 Z0;
G1 X251.543145 Y511.292491 Z0;
G1 X250.250175 Y509.999521 Z0;
G1 X249.250175 Y509.999521 Z0;
G1 X248.543145 Y509.292491 Z0;
G1 X248.543145 Y508.292491 Z0;
G1 X247.750175 Y507.499521 Z0;
G1 X249.043145 Y506.206551 Z0;
G1 X249.750175 Y505.499521 Z0;
G1 X250.250175 Y504.999521 Z0;
G1 X253.250175 Y504.999521 Z0;
G1 X254.043145 Y504.206551 Z0;
G0 X254.043145 Y504.206551 Z1;
;path#polyline121
G0 X267.836115 Y487.999521 Z1;
G1 X267.189625 Y488.646001 Z0;
G1 X266.689625 Y488.146001 Z0;
G1 X265.543145 Y489.292491 Z0;
G1 X265.543145 Y491.706551 Z0;
G1 X268.250175 Y488.999521 Z0;
G1 X268.836115 Y488.999521 Z0;
G1 X271.543145 Y491.706551 Z0;
G1 X273.543145 Y493.706551 Z0;
G1 X273.543145 Y494.706551 Z0;
G1 X274.836115 Y495.999521 Z0;
G1 X275.543145 Y496.706551 Z0;
G1 X275.543145 Y497.706551 Z0;
G1 X276.543145 Y498.706551 Z0;
G1 X276.543145 Y499.706551 Z0;
G1 X277.836115 Y500.999521 Z0;
G1 X279.543145 Y502.706551 Z0;
G1 X279.543145 Y499.999521 Z0;
G1 X278.250175 Y499.999521 Z0;
G1 X277.543145 Y499.292491 Z0;
G1 X277.543145 Y498.292491 Z0;
G1 X276.543145 Y497.292491 Z0;
G1 X276.543145 Y496.292491 Z0;
G1 X276.543145 Y494.999521 Z0;
G1 X275.250175 Y494.999521 Z0;
G1 X274.543145 Y494.292491 Z0;
G1 X274.543145 Y493.292491 Z0;
G1 X272.543145 Y491.292491 Z0;
G1 X272.543145 Y490.292491 Z0;
G1 X270.396665 Y488.146001 Z0;
G1 X269.896665 Y488.646001 Z0;
G1 X269.250175 Y487.999521 Z0;
G1 X267.836115 Y487.999521 Z0;
G0 X267.836115 Y487.999521 Z1;
;path#polyline122
G0 X480.043145 Y481.999521 Z1;
G1 X480.043145 Y482.999521 Z0;
G1 X480.836115 Y482.999521 Z0;
G1 X481.543145 Y483.706551 Z0;
G1 X481.543145 Y485.706551 Z0;
G1 X482.336115 Y486.499521 Z0;
G1 X478.336115 Y490.499521 Z0;
G1 X479.543145 Y491.706551 Z0;
G1 X479.543145 Y495.292491 Z0;
G1 X478.543145 Y496.292491 Z0;
G1 X478.543145 Y499.706551 Z0;
G1 X479.543145 Y500.706551 Z0;
G1 X479.543145 Y503.706551 Z0;
G1 X480.543145 Y504.706551 Z0;
G1 X480.543145 Y507.706551 Z0;
G1 X481.543145 Y508.706551 Z0;
G1 X481.543145 Y509.999521 Z0;
G1 X482.836115 Y509.999521 Z0;
G1 X483.836115 Y510.999521 Z0;
G1 X485.836115 Y510.999521 Z0;
G1 X486.836115 Y511.999521 Z0;
G1 X487.836115 Y511.999521 Z0;
G1 X491.836115 Y511.999521 Z0;
G1 X492.836115 Y512.999521 Z0;
G1 X495.543145 Y512.999521 Z0;
G1 X495.543145 Y510.999521 Z0;
G1 X492.250175 Y510.999521 Z0;
G1 X488.250175 Y510.999521 Z0;
G1 X487.250175 Y509.999521 Z0;
G1 X486.250175 Y509.999521 Z0;
G1 X484.250175 Y509.999521 Z0;
G1 X483.250175 Y508.999521 Z0;
G1 X482.543145 Y508.292491 Z0;
G1 X481.543145 Y507.292491 Z0;
G1 X481.543145 Y504.292491 Z0;
G1 X480.543145 Y503.292491 Z0;
G1 X480.543145 Y500.292491 Z0;
G1 X479.543145 Y499.292491 Z0;
G1 X479.543145 Y496.706551 Z0;
G1 X480.543145 Y495.706551 Z0;
G1 X480.543145 Y491.292491 Z0;
G1 X480.543145 Y490.706551 Z0;
G1 X483.543145 Y487.706551 Z0;
G1 X483.543145 Y486.706551 Z0;
G1 X483.750175 Y486.499521 Z0;
G1 X484.396665 Y485.853041 Z0;
G1 X483.689625 Y485.146001 Z0;
G1 X483.043145 Y485.792491 Z0;
G1 X482.543145 Y485.292491 Z0;
G1 X482.543145 Y483.292491 Z0;
G1 X481.396665 Y482.146001 Z0;
G1 X481.250175 Y481.999521 Z0;
G1 X480.043145 Y481.999521 Z0;
G0 X480.043145 Y481.999521 Z1;
;path#polyline123
G0 X342.543145 Y482.499521 Z1;
G1 X342.543145 Y484.706551 Z0;
G1 X343.543145 Y485.706551 Z0;
G1 X344.543145 Y486.706551 Z0;
G1 X344.543145 Y488.706551 Z0;
G1 X344.543145 Y489.706551 Z0;
G1 X345.543145 Y490.706551 Z0;
G1 X346.336115 Y491.499521 Z0;
G1 X345.043145 Y492.792491 Z0;
G1 X344.543145 Y492.292491 Z0;
G1 X344.543145 Y491.292491 Z0;
G1 X342.543145 Y489.292491 Z0;
G1 X342.543145 Y487.499521 Z0;
G1 X341.543145 Y487.499521 Z0;
G1 X341.543145 Y489.706551 Z0;
G1 X341.543145 Y490.706551 Z0;
G1 X343.543145 Y492.706551 Z0;
G1 X344.336115 Y493.499521 Z0;
G1 X344.543145 Y493.706551 Z0;
G1 X344.543145 Y494.706551 Z0;
G1 X346.543145 Y496.706551 Z0;
G1 X346.543145 Y494.292491 Z0;
G1 X345.750175 Y493.499521 Z0;
G1 X347.750175 Y491.499521 Z0;
G1 X346.543145 Y490.292491 Z0;
G1 X346.543145 Y489.292491 Z0;
G1 X345.543145 Y488.292491 Z0;
G1 X345.543145 Y486.292491 Z0;
G1 X344.543145 Y485.292491 Z0;
G1 X344.543145 Y484.292491 Z0;
G1 X343.543145 Y483.292491 Z0;
G1 X343.543145 Y482.499521 Z0;
G1 X342.543145 Y482.499521 Z0;
G0 X342.543145 Y482.499521 Z1;
;path#polyline124
G0 X276.396665 Y481.146001 Z1;
G1 X275.689625 Y481.853041 Z0;
G1 X278.543145 Y484.706551 Z0;
G1 X278.543145 Y485.292491 Z0;
G1 X277.836115 Y485.999521 Z0;
G1 X276.836115 Y485.999521 Z0;
G1 X275.543145 Y487.292491 Z0;
G1 X275.543145 Y489.706551 Z0;
G1 X278.250175 Y486.999521 Z0;
G1 X279.043145 Y486.206551 Z0;
G1 X280.543145 Y487.706551 Z0;
G1 X280.543145 Y488.706551 Z0;
G1 X281.543145 Y489.706551 Z0;
G1 X281.543145 Y490.706551 Z0;
G1 X282.836115 Y491.999521 Z0;
G1 X283.836115 Y491.999521 Z0;
G1 X284.836115 Y492.999521 Z0;
G1 X287.543145 Y495.706551 Z0;
G1 X287.543145 Y496.706551 Z0;
G1 X287.543145 Y497.706551 Z0;
G1 X288.543145 Y498.706551 Z0;
G1 X289.543145 Y499.706551 Z0;
G1 X289.543145 Y500.706551 Z0;
G1 X290.543145 Y501.706551 Z0;
G1 X290.543145 Y502.706551 Z0;
G1 X291.543145 Y503.706551 Z0;
G1 X291.543145 Y504.706551 Z0;
G1 X292.836115 Y505.999521 Z0;
G1 X293.836115 Y505.999521 Z0;
G1 X295.043145 Y505.999521 Z0;
G1 X295.043145 Y504.999521 Z0;
G1 X294.250175 Y504.999521 Z0;
G1 X292.543145 Y503.292491 Z0;
G1 X291.543145 Y502.292491 Z0;
G1 X291.543145 Y501.292491 Z0;
G1 X290.543145 Y500.292491 Z0;
G1 X290.543145 Y499.292491 Z0;
G1 X289.543145 Y498.292491 Z0;
G1 X289.543145 Y497.292491 Z0;
G1 X288.543145 Y496.292491 Z0;
G1 X288.543145 Y495.292491 Z0;
G1 X288.543145 Y494.292491 Z0;
G1 X286.250175 Y491.999521 Z0;
G1 X285.250175 Y491.999521 Z0;
G1 X284.250175 Y490.999521 Z0;
G1 X282.543145 Y489.292491 Z0;
G1 X281.543145 Y488.292491 Z0;
G1 X281.543145 Y487.292491 Z0;
G1 X279.543145 Y485.292491 Z0;
G1 X279.543145 Y484.706551 Z0;
G1 X280.250175 Y483.999521 Z0;
G1 X281.250175 Y483.999521 Z0;
G1 X282.043145 Y483.206551 Z0;
G1 X284.836115 Y485.999521 Z0;
G1 X286.836115 Y485.999521 Z0;
G1 X290.836115 Y489.999521 Z0;
G1 X291.836115 Y489.999521 Z0;
G1 X293.836115 Y489.999521 Z0;
G1 X296.543145 Y492.706551 Z0;
G1 X296.543145 Y490.292491 Z0;
G1 X295.250175 Y488.999521 Z0;
G1 X294.250175 Y488.999521 Z0;
G1 X292.250175 Y488.999521 Z0;
G1 X288.250175 Y484.999521 Z0;
G1 X287.250175 Y484.999521 Z0;
G1 X285.250175 Y484.999521 Z0;
G1 X282.043145 Y481.792491 Z0;
G1 X280.836115 Y482.999521 Z0;
G1 X279.836115 Y482.999521 Z0;
G1 X279.043145 Y483.792491 Z0;
G1 X276.396665 Y481.146001 Z0;
G0 X276.396665 Y481.146001 Z1;
;path#polyline125
G0 X475.689625 Y478.146001 Z1;
G1 X474.543145 Y479.292491 Z0;
G1 X474.543145 Y480.292491 Z0;
G1 X474.543145 Y481.292491 Z0;
G1 X473.543145 Y482.292491 Z0;
G1 X473.543145 Y483.292491 Z0;
G1 X470.836115 Y485.999521 Z0;
G1 X469.836115 Y485.999521 Z0;
G1 X467.836115 Y487.999521 Z0;
G1 X466.836115 Y488.999521 Z0;
G1 X465.836115 Y488.999521 Z0;
G1 X464.836115 Y489.999521 Z0;
G1 X462.836115 Y489.999521 Z0;
G1 X461.836115 Y490.999521 Z0;
G1 X460.543145 Y490.999521 Z0;
G1 X460.543145 Y492.292491 Z0;
G1 X458.836115 Y493.999521 Z0;
G1 X457.836115 Y493.999521 Z0;
G1 X456.836115 Y493.999521 Z0;
G1 X455.836115 Y494.999521 Z0;
G1 X454.543145 Y496.292491 Z0;
G1 X453.836115 Y496.999521 Z0;
G1 X453.250175 Y496.999521 Z0;
G1 X452.043145 Y495.792491 Z0;
G1 X450.836115 Y496.999521 Z0;
G1 X450.043145 Y496.999521 Z0;
G1 X450.043145 Y497.999521 Z0;
G1 X451.250175 Y497.999521 Z0;
G1 X452.043145 Y497.206551 Z0;
G1 X452.836115 Y497.999521 Z0;
G1 X453.836115 Y497.999521 Z0;
G1 X456.043145 Y500.206551 Z0;
G1 X458.250175 Y497.999521 Z0;
G1 X456.250175 Y497.999521 Z0;
G1 X455.543145 Y497.292491 Z0;
G1 X455.543145 Y496.706551 Z0;
G1 X456.250175 Y495.999521 Z0;
G1 X457.250175 Y495.999521 Z0;
G1 X458.250175 Y494.999521 Z0;
G1 X459.250175 Y494.999521 Z0;
G1 X461.543145 Y492.706551 Z0;
G1 X462.250175 Y491.999521 Z0;
G1 X463.250175 Y490.999521 Z0;
G1 X465.250175 Y490.999521 Z0;
G1 X466.250175 Y489.999521 Z0;
G1 X467.250175 Y489.999521 Z0;
G1 X468.250175 Y488.999521 Z0;
G1 X469.250175 Y488.999521 Z0;
G1 X471.250175 Y486.999521 Z0;
G1 X472.250175 Y486.999521 Z0;
G1 X474.543145 Y484.706551 Z0;
G1 X474.543145 Y483.706551 Z0;
G1 X475.543145 Y482.706551 Z0;
G1 X475.543145 Y481.706551 Z0;
G1 X475.543145 Y480.706551 Z0;
G1 X476.396665 Y479.853041 Z0;
G1 X475.896665 Y479.353041 Z0;
G1 X476.396665 Y478.853041 Z0;
G1 X475.689625 Y478.146001 Z0;
G0 X475.689625 Y478.146001 Z1;
;path#polyline126
G0 X472.043145 Y465.792491 Z1;
G1 X471.689625 Y466.146001 Z0;
G1 X470.836115 Y466.999521 Z0;
G1 X470.043145 Y466.999521 Z0;
G1 X470.043145 Y467.999521 Z0;
G1 X471.250175 Y467.999521 Z0;
G1 X472.043145 Y467.206551 Z0;
G1 X472.543145 Y467.706551 Z0;
G1 X472.543145 Y468.292491 Z0;
G1 X469.836115 Y470.999521 Z0;
G1 X468.836115 Y470.999521 Z0;
G1 X467.836115 Y470.999521 Z0;
G1 X466.836115 Y471.999521 Z0;
G1 X465.543145 Y471.999521 Z0;
G1 X465.543145 Y473.292491 Z0;
G1 X464.543145 Y474.292491 Z0;
G1 X464.543145 Y475.292491 Z0;
G1 X463.336115 Y476.499521 Z0;
G1 X464.543145 Y477.706551 Z0;
G1 X464.543145 Y478.706551 Z0;
G1 X466.543145 Y480.706551 Z0;
G1 X466.543145 Y478.292491 Z0;
G1 X465.543145 Y477.292491 Z0;
G1 X464.750175 Y476.499521 Z0;
G1 X465.543145 Y475.706551 Z0;
G1 X466.543145 Y474.706551 Z0;
G1 X466.543145 Y473.706551 Z0;
G1 X467.250175 Y472.999521 Z0;
G1 X468.250175 Y472.999521 Z0;
G1 X469.250175 Y471.999521 Z0;
G1 X470.250175 Y471.999521 Z0;
G1 X471.250175 Y471.999521 Z0;
G1 X474.750175 Y468.499521 Z0;
G1 X473.543145 Y467.292491 Z0;
G1 X473.543145 Y466.499521 Z0;
G1 X472.750175 Y466.499521 Z0;
G1 X472.043145 Y465.792491 Z0;
G0 X472.043145 Y465.792491 Z1;
;path#polyline127
G0 X287.543145 Y466.499521 Z1;
G1 X287.543145 Y467.706551 Z0;
G1 X288.543145 Y468.706551 Z0;
G1 X288.543145 Y469.999521 Z0;
G1 X289.836115 Y469.999521 Z0;
G1 X290.543145 Y470.706551 Z0;
G1 X290.543145 Y472.292491 Z0;
G1 X288.836115 Y473.999521 Z0;
G1 X287.836115 Y473.999521 Z0;
G1 X286.336115 Y475.499521 Z0;
G1 X287.543145 Y476.706551 Z0;
G1 X287.543145 Y477.292491 Z0;
G1 X286.543145 Y478.292491 Z0;
G1 X284.836115 Y479.999521 Z0;
G1 X284.043145 Y479.999521 Z0;
G1 X284.043145 Y480.999521 Z0;
G1 X285.250175 Y480.999521 Z0;
G1 X286.250175 Y480.999521 Z0;
G1 X287.543145 Y479.706551 Z0;
G1 X287.543145 Y478.706551 Z0;
G1 X288.543145 Y477.706551 Z0;
G1 X288.543145 Y476.292491 Z0;
G1 X287.750175 Y475.499521 Z0;
G1 X288.250175 Y474.999521 Z0;
G1 X289.250175 Y474.999521 Z0;
G1 X290.250175 Y474.999521 Z0;
G1 X291.543145 Y473.706551 Z0;
G1 X291.543145 Y472.706551 Z0;
G1 X291.543145 Y470.292491 Z0;
G1 X290.250175 Y468.999521 Z0;
G1 X289.543145 Y468.292491 Z0;
G1 X289.543145 Y467.499521 Z0;
G1 X288.750175 Y467.499521 Z0;
G1 X288.543145 Y467.292491 Z0;
G1 X288.543145 Y466.499521 Z0;
G1 X287.543145 Y466.499521 Z0;
G0 X287.543145 Y466.499521 Z1;
;path#polyline128
G0 X290.396665 Y465.146001 Z1;
G1 X289.689625 Y465.853041 Z0;
G1 X290.836115 Y466.999521 Z0;
G1 X291.836115 Y466.999521 Z0;
G1 X293.543145 Y468.706551 Z0;
G1 X293.543145 Y469.706551 Z0;
G1 X294.543145 Y470.706551 Z0;
G1 X294.543145 Y471.706551 Z0;
G1 X295.836115 Y472.999521 Z0;
G1 X296.836115 Y472.999521 Z0;
G1 X297.836115 Y473.999521 Z0;
G1 X298.836115 Y473.999521 Z0;
G1 X299.836115 Y474.999521 Z0;
G1 X300.836115 Y475.999521 Z0;
G1 X301.836115 Y475.999521 Z0;
G1 X304.543145 Y478.706551 Z0;
G1 X304.543145 Y479.706551 Z0;
G1 X307.543145 Y482.706551 Z0;
G1 X307.543145 Y483.706551 Z0;
G1 X307.543145 Y484.999521 Z0;
G1 X310.250175 Y484.999521 Z0;
G1 X308.543145 Y483.292491 Z0;
G1 X308.543145 Y482.292491 Z0;
G1 X308.543145 Y481.292491 Z0;
G1 X305.543145 Y478.292491 Z0;
G1 X305.543145 Y477.292491 Z0;
G1 X303.250175 Y474.999521 Z0;
G1 X302.250175 Y474.999521 Z0;
G1 X301.250175 Y473.999521 Z0;
G1 X300.250175 Y473.999521 Z0;
G1 X299.250175 Y472.999521 Z0;
G1 X298.250175 Y472.999521 Z0;
G1 X297.250175 Y471.999521 Z0;
G1 X295.543145 Y470.292491 Z0;
G1 X294.543145 Y469.292491 Z0;
G1 X294.543145 Y468.292491 Z0;
G1 X292.250175 Y465.999521 Z0;
G1 X291.396665 Y465.146001 Z0;
G1 X290.896665 Y465.646001 Z0;
G1 X290.396665 Y465.146001 Z0;
G0 X290.396665 Y465.146001 Z1;
;path#polyline129
G0 X418.689625 Y462.146001 Z1;
G1 X416.543145 Y464.292491 Z0;
G1 X416.543145 Y465.292491 Z0;
G1 X415.543145 Y466.292491 Z0;
G1 X415.543145 Y467.292491 Z0;
G1 X415.543145 Y468.292491 Z0;
G1 X414.543145 Y469.292491 Z0;
G1 X413.543145 Y470.292491 Z0;
G1 X413.543145 Y471.292491 Z0;
G1 X412.543145 Y472.292491 Z0;
G1 X412.543145 Y473.292491 Z0;
G1 X411.543145 Y474.292491 Z0;
G1 X411.543145 Y475.292491 Z0;
G1 X410.543145 Y476.292491 Z0;
G1 X410.543145 Y478.706551 Z0;
G1 X412.543145 Y476.706551 Z0;
G1 X412.543145 Y475.706551 Z0;
G1 X413.543145 Y474.706551 Z0;
G1 X413.543145 Y473.706551 Z0;
G1 X414.543145 Y472.706551 Z0;
G1 X414.543145 Y471.706551 Z0;
G1 X415.543145 Y470.706551 Z0;
G1 X415.543145 Y469.706551 Z0;
G1 X416.543145 Y468.706551 Z0;
G1 X416.543145 Y467.706551 Z0;
G1 X417.543145 Y466.706551 Z0;
G1 X417.543145 Y465.706551 Z0;
G1 X419.396665 Y463.853041 Z0;
G1 X418.896665 Y463.353041 Z0;
G1 X419.396665 Y462.853041 Z0;
G1 X418.689625 Y462.146001 Z0;
G0 X418.689625 Y462.146001 Z1;
;path#polyline130
G0 X443.689625 Y460.146001 Z1;
G1 X442.836115 Y460.999521 Z0;
G1 X441.543145 Y462.292491 Z0;
G1 X441.543145 Y463.292491 Z0;
G1 X440.543145 Y464.292491 Z0;
G1 X440.543145 Y465.292491 Z0;
G1 X439.543145 Y466.292491 Z0;
G1 X439.543145 Y471.292491 Z0;
G1 X438.543145 Y472.292491 Z0;
G1 X438.543145 Y473.292491 Z0;
G1 X437.836115 Y473.999521 Z0;
G1 X437.043145 Y474.792491 Z0;
G1 X436.543145 Y474.292491 Z0;
G1 X435.543145 Y473.292491 Z0;
G1 X435.543145 Y472.706551 Z0;
G1 X436.543145 Y471.706551 Z0;
G1 X436.543145 Y470.706551 Z0;
G1 X437.250175 Y469.999521 Z0;
G1 X438.043145 Y469.999521 Z0;
G1 X438.043145 Y468.999521 Z0;
G1 X436.836115 Y468.999521 Z0;
G1 X435.543145 Y470.292491 Z0;
G1 X434.543145 Y471.292491 Z0;
G1 X434.543145 Y472.292491 Z0;
G1 X433.543145 Y473.292491 Z0;
G1 X433.543145 Y474.292491 Z0;
G1 X433.043145 Y474.792491 Z0;
G1 X432.543145 Y474.292491 Z0;
G1 X432.543145 Y470.499521 Z0;
G1 X431.543145 Y470.499521 Z0;
G1 X431.543145 Y474.706551 Z0;
G1 X432.543145 Y475.706551 Z0;
G1 X432.543145 Y476.706551 Z0;
G1 X432.543145 Y477.292491 Z0;
G1 X428.543145 Y481.292491 Z0;
G1 X428.543145 Y482.292491 Z0;
G1 X428.043145 Y482.792491 Z0;
G1 X427.543145 Y482.292491 Z0;
G1 X427.543145 Y481.499521 Z0;
G1 X426.543145 Y481.499521 Z0;
G1 X426.543145 Y482.706551 Z0;
G1 X426.543145 Y483.292491 Z0;
G1 X426.043145 Y483.792491 Z0;
G1 X425.543145 Y483.292491 Z0;
G1 X425.543145 Y482.499521 Z0;
G1 X424.543145 Y482.499521 Z0;
G1 X424.543145 Y483.292491 Z0;
G1 X421.543145 Y486.292491 Z0;
G1 X421.543145 Y488.706551 Z0;
G1 X425.250175 Y484.999521 Z0;
G1 X425.836115 Y484.999521 Z0;
G1 X426.043145 Y485.206551 Z0;
G1 X426.250175 Y484.999521 Z0;
G1 X427.250175 Y483.999521 Z0;
G1 X427.836115 Y483.999521 Z0;
G1 X428.043145 Y484.206551 Z0;
G1 X428.250175 Y483.999521 Z0;
G1 X429.543145 Y482.706551 Z0;
G1 X434.750175 Y477.499521 Z0;
G1 X433.543145 Y476.292491 Z0;
G1 X433.543145 Y475.706551 Z0;
G1 X434.543145 Y474.706551 Z0;
G1 X435.043145 Y474.206551 Z0;
G1 X435.543145 Y474.706551 Z0;
G1 X435.543145 Y475.999521 Z0;
G1 X436.836115 Y475.999521 Z0;
G1 X437.043145 Y476.206551 Z0;
G1 X439.336115 Y478.499521 Z0;
G1 X438.689625 Y479.146001 Z0;
G1 X439.396665 Y479.853041 Z0;
G1 X440.043145 Y479.206551 Z0;
G1 X440.250175 Y478.999521 Z0;
G1 X441.250175 Y478.999521 Z0;
G1 X443.250175 Y476.999521 Z0;
G1 X444.543145 Y475.706551 Z0;
G1 X447.250175 Y472.999521 Z0;
G1 X444.836115 Y472.999521 Z0;
G1 X443.543145 Y474.292491 Z0;
G1 X443.543145 Y475.292491 Z0;
G1 X442.836115 Y475.999521 Z0;
G1 X441.836115 Y475.999521 Z0;
G1 X440.043145 Y477.792491 Z0;
G1 X437.750175 Y475.499521 Z0;
G1 X438.250175 Y474.999521 Z0;
G1 X439.543145 Y474.999521 Z0;
G1 X439.543145 Y473.706551 Z0;
G1 X440.543145 Y472.706551 Z0;
G1 X440.543145 Y471.706551 Z0;
G1 X440.543145 Y466.706551 Z0;
G1 X441.543145 Y465.706551 Z0;
G1 X441.543145 Y464.706551 Z0;
G1 X442.543145 Y463.706551 Z0;
G1 X442.543145 Y462.706551 Z0;
G1 X443.250175 Y461.999521 Z0;
G1 X444.250175 Y461.999521 Z0;
G1 X445.396665 Y460.853041 Z0;
G1 X444.689625 Y460.146001 Z0;
G1 X444.189625 Y460.646001 Z0;
G1 X443.689625 Y460.146001 Z0;
G0 X443.689625 Y460.146001 Z1;
;path#polyline131
G0 X404.689625 Y460.146001 Z1;
G1 X402.543145 Y462.292491 Z0;
G1 X402.543145 Y463.292491 Z0;
G1 X401.836115 Y463.999521 Z0;
G1 X400.836115 Y464.999521 Z0;
G1 X399.543145 Y464.999521 Z0;
G1 X399.543145 Y466.292491 Z0;
G1 X398.543145 Y467.292491 Z0;
G1 X398.543145 Y468.292491 Z0;
G1 X397.543145 Y469.292491 Z0;
G1 X397.543145 Y470.292491 Z0;
G1 X395.543145 Y472.292491 Z0;
G1 X395.543145 Y473.292491 Z0;
G1 X394.543145 Y474.292491 Z0;
G1 X393.543145 Y475.292491 Z0;
G1 X393.543145 Y476.292491 Z0;
G1 X392.543145 Y477.292491 Z0;
G1 X391.543145 Y478.292491 Z0;
G1 X391.543145 Y479.292491 Z0;
G1 X389.543145 Y481.292491 Z0;
G1 X388.543145 Y482.292491 Z0;
G1 X388.543145 Y483.292491 Z0;
G1 X388.543145 Y484.292491 Z0;
G1 X387.543145 Y485.292491 Z0;
G1 X387.543145 Y486.292491 Z0;
G1 X385.543145 Y488.292491 Z0;
G1 X385.543145 Y489.292491 Z0;
G1 X384.543145 Y490.292491 Z0;
G1 X384.543145 Y491.292491 Z0;
G1 X383.543145 Y492.292491 Z0;
G1 X383.543145 Y493.292491 Z0;
G1 X382.543145 Y494.292491 Z0;
G1 X382.543145 Y495.292491 Z0;
G1 X382.543145 Y497.292491 Z0;
G1 X381.543145 Y498.292491 Z0;
G1 X381.543145 Y503.499521 Z0;
G1 X382.543145 Y503.499521 Z0;
G1 X382.543145 Y498.706551 Z0;
G1 X383.543145 Y497.706551 Z0;
G1 X383.543145 Y495.706551 Z0;
G1 X384.543145 Y494.706551 Z0;
G1 X384.543145 Y493.706551 Z0;
G1 X384.543145 Y492.706551 Z0;
G1 X385.543145 Y491.706551 Z0;
G1 X386.543145 Y490.706551 Z0;
G1 X386.543145 Y489.706551 Z0;
G1 X388.543145 Y487.706551 Z0;
G1 X388.543145 Y486.706551 Z0;
G1 X389.543145 Y485.706551 Z0;
G1 X389.543145 Y484.706551 Z0;
G1 X389.543145 Y483.706551 Z0;
G1 X390.543145 Y482.706551 Z0;
G1 X390.543145 Y481.706551 Z0;
G1 X392.543145 Y479.706551 Z0;
G1 X393.543145 Y478.706551 Z0;
G1 X393.543145 Y477.706551 Z0;
G1 X394.543145 Y476.706551 Z0;
G1 X395.543145 Y475.706551 Z0;
G1 X395.543145 Y474.706551 Z0;
G1 X396.543145 Y473.706551 Z0;
G1 X398.543145 Y471.706551 Z0;
G1 X398.543145 Y470.706551 Z0;
G1 X399.543145 Y469.706551 Z0;
G1 X399.543145 Y468.706551 Z0;
G1 X400.543145 Y467.706551 Z0;
G1 X400.543145 Y466.706551 Z0;
G1 X401.250175 Y465.999521 Z0;
G1 X402.250175 Y464.999521 Z0;
G1 X403.543145 Y464.999521 Z0;
G1 X403.543145 Y463.706551 Z0;
G1 X404.543145 Y462.706551 Z0;
G1 X404.543145 Y461.706551 Z0;
G1 X405.396665 Y460.853041 Z0;
G1 X404.689625 Y460.146001 Z0;
G0 X404.689625 Y460.146001 Z1;
;path#polyline132
G0 X429.689625 Y457.146001 Z1;
G1 X428.836115 Y457.999521 Z0;
G1 X427.836115 Y457.999521 Z0;
G1 X425.836115 Y459.999521 Z0;
G1 X425.043145 Y459.999521 Z0;
G1 X425.043145 Y460.999521 Z0;
G1 X426.250175 Y460.999521 Z0;
G1 X427.250175 Y460.999521 Z0;
G1 X429.250175 Y458.999521 Z0;
G1 X430.250175 Y458.999521 Z0;
G1 X431.396665 Y457.853041 Z0;
G1 X430.689625 Y457.146001 Z0;
G1 X430.189625 Y457.646001 Z0;
G1 X429.689625 Y457.146001 Z0;
G0 X429.689625 Y457.146001 Z1;
;path#polyline133
G0 X412.689625 Y450.146001 Z1;
G1 X408.836115 Y453.999521 Z0;
G1 X406.836115 Y453.999521 Z0;
G1 X408.543145 Y455.706551 Z0;
G1 X409.689625 Y456.853041 Z0;
G1 X410.396665 Y456.146001 Z0;
G1 X409.543145 Y455.292491 Z0;
G1 X409.543145 Y454.706551 Z0;
G1 X413.396665 Y450.853041 Z0;
G1 X412.689625 Y450.146001 Z0;
G0 X412.689625 Y450.146001 Z1;
;path#polyline134
G0 X410.689625 Y449.146001 Z1;
G1 X409.836115 Y449.999521 Z0;
G1 X408.836115 Y449.999521 Z0;
G1 X406.836115 Y451.999521 Z0;
G1 X405.543145 Y451.999521 Z0;
G1 X405.543145 Y453.292491 Z0;
G1 X405.543145 Y454.292491 Z0;
G1 X401.836115 Y457.999521 Z0;
G1 X400.836115 Y457.999521 Z0;
G1 X399.543145 Y459.292491 Z0;
G1 X399.543145 Y460.292491 Z0;
G1 X396.543145 Y463.292491 Z0;
G1 X396.543145 Y464.292491 Z0;
G1 X395.543145 Y465.292491 Z0;
G1 X395.543145 Y466.292491 Z0;
G1 X395.543145 Y467.292491 Z0;
G1 X394.543145 Y468.292491 Z0;
G1 X393.543145 Y469.292491 Z0;
G1 X393.543145 Y470.292491 Z0;
G1 X390.543145 Y473.292491 Z0;
G1 X390.543145 Y474.292491 Z0;
G1 X390.543145 Y475.292491 Z0;
G1 X389.543145 Y476.292491 Z0;
G1 X387.543145 Y478.292491 Z0;
G1 X387.543145 Y479.292491 Z0;
G1 X386.543145 Y480.292491 Z0;
G1 X386.543145 Y481.292491 Z0;
G1 X385.543145 Y482.292491 Z0;
G1 X385.543145 Y483.292491 Z0;
G1 X384.543145 Y484.292491 Z0;
G1 X384.543145 Y485.292491 Z0;
G1 X382.543145 Y487.292491 Z0;
G1 X382.543145 Y488.292491 Z0;
G1 X380.543145 Y490.292491 Z0;
G1 X380.543145 Y491.292491 Z0;
G1 X380.543145 Y492.292491 Z0;
G1 X379.543145 Y493.292491 Z0;
G1 X379.543145 Y494.292491 Z0;
G1 X378.543145 Y495.292491 Z0;
G1 X377.543145 Y496.292491 Z0;
G1 X377.543145 Y497.292491 Z0;
G1 X377.043145 Y497.792491 Z0;
G1 X376.396665 Y497.146001 Z0;
G1 X375.689625 Y497.853041 Z0;
G1 X376.336115 Y498.499521 Z0;
G1 X376.543145 Y498.706551 Z0;
G1 X376.543145 Y502.706551 Z0;
G1 X378.543145 Y500.706551 Z0;
G1 X378.543145 Y499.292491 Z0;
G1 X377.750175 Y498.499521 Z0;
G1 X378.543145 Y497.706551 Z0;
G1 X379.543145 Y496.706551 Z0;
G1 X379.543145 Y495.706551 Z0;
G1 X380.543145 Y494.706551 Z0;
G1 X380.543145 Y493.706551 Z0;
G1 X381.543145 Y492.706551 Z0;
G1 X381.543145 Y491.706551 Z0;
G1 X383.543145 Y489.706551 Z0;
G1 X383.543145 Y488.706551 Z0;
G1 X385.543145 Y486.706551 Z0;
G1 X385.543145 Y485.706551 Z0;
G1 X386.543145 Y484.706551 Z0;
G1 X386.543145 Y483.706551 Z0;
G1 X387.543145 Y482.706551 Z0;
G1 X387.543145 Y481.706551 Z0;
G1 X388.543145 Y480.706551 Z0;
G1 X388.543145 Y479.706551 Z0;
G1 X390.543145 Y477.706551 Z0;
G1 X390.543145 Y476.706551 Z0;
G1 X391.543145 Y475.706551 Z0;
G1 X391.543145 Y474.706551 Z0;
G1 X394.543145 Y471.706551 Z0;
G1 X394.543145 Y470.706551 Z0;
G1 X395.543145 Y469.706551 Z0;
G1 X395.543145 Y468.706551 Z0;
G1 X396.543145 Y467.706551 Z0;
G1 X396.543145 Y466.706551 Z0;
G1 X397.543145 Y465.706551 Z0;
G1 X397.543145 Y464.706551 Z0;
G1 X400.543145 Y461.706551 Z0;
G1 X400.543145 Y460.706551 Z0;
G1 X402.250175 Y458.999521 Z0;
G1 X403.250175 Y458.999521 Z0;
G1 X406.543145 Y455.706551 Z0;
G1 X406.543145 Y454.706551 Z0;
G1 X406.543145 Y453.706551 Z0;
G1 X407.250175 Y452.999521 Z0;
G1 X409.250175 Y450.999521 Z0;
G1 X410.043145 Y450.999521 Z0;
G1 X410.250175 Y450.999521 Z0;
G1 X411.396665 Y449.853041 Z0;
G1 X410.689625 Y449.146001 Z0;
G0 X410.689625 Y449.146001 Z1;
;path#polyline135
G0 X439.689625 Y448.146001 Z1;
G1 X438.836115 Y448.999521 Z0;
G1 X438.043145 Y448.999521 Z0;
G1 X438.043145 Y449.999521 Z0;
G1 X439.250175 Y449.999521 Z0;
G1 X439.836115 Y449.999521 Z0;
G1 X440.543145 Y450.706551 Z0;
G1 X440.543145 Y451.999521 Z0;
G1 X441.836115 Y451.999521 Z0;
G1 X443.836115 Y451.999521 Z0;
G1 X444.543145 Y452.706551 Z0;
G1 X444.543145 Y453.706551 Z0;
G1 X446.543145 Y455.706551 Z0;
G1 X446.543145 Y458.706551 Z0;
G1 X446.543145 Y459.706551 Z0;
G1 X447.543145 Y460.706551 Z0;
G1 X447.543145 Y462.499521 Z0;
G1 X448.543145 Y462.499521 Z0;
G1 X448.543145 Y460.292491 Z0;
G1 X448.543145 Y459.292491 Z0;
G1 X447.543145 Y458.292491 Z0;
G1 X447.543145 Y455.292491 Z0;
G1 X447.543145 Y454.292491 Z0;
G1 X445.543145 Y452.292491 Z0;
G1 X445.543145 Y450.999521 Z0;
G1 X444.250175 Y450.999521 Z0;
G1 X442.250175 Y450.999521 Z0;
G1 X441.543145 Y450.292491 Z0;
G1 X441.543145 Y449.499521 Z0;
G1 X440.750175 Y449.499521 Z0;
G1 X440.250175 Y448.999521 Z0;
G1 X440.396665 Y448.853041 Z0;
G1 X439.689625 Y448.146001 Z0;
G0 X439.689625 Y448.146001 Z1;
;path#polyline136
G0 X401.836115 Y442.999521 Z1;
G1 X401.689625 Y443.146001 Z0;
G1 X400.836115 Y443.999521 Z0;
G1 X399.836115 Y443.999521 Z0;
G1 X396.543145 Y447.292491 Z0;
G1 X396.543145 Y449.706551 Z0;
G1 X401.250175 Y444.999521 Z0;
G1 X402.250175 Y443.999521 Z0;
G1 X403.043145 Y443.999521 Z0;
G1 X403.043145 Y442.999521 Z0;
G1 X401.836115 Y442.999521 Z0;
G0 X401.836115 Y442.999521 Z1;
;path#polyline137_1
G0 X420.543145 Y442.499521 Z1;
G1 X420.543145 Y443.999521 Z0;
G1 X422.043145 Y443.999521 Z0;
G1 X426.836115 Y443.999521 Z0;
G1 X428.336115 Y445.499521 Z0;
G1 X426.543145 Y447.292491 Z0;
G1 X426.543145 Y448.292491 Z0;
G1 X425.043145 Y449.792491 Z0;
G1 X423.836115 Y450.999521 Z0;
G1 X422.836115 Y450.999521 Z0;
G1 X417.543145 Y456.292491 Z0;
G1 X417.543145 Y457.292491 Z0;
G1 X413.043145 Y461.792491 Z0;
G1 X412.543145 Y461.292491 Z0;
G1 X412.543145 Y459.292491 Z0;
G1 X412.543145 Y457.999521 Z0;
G1 X411.250175 Y457.999521 Z0;
G1 X411.043145 Y457.792491 Z0;
G1 X410.836115 Y457.999521 Z0;
G1 X409.836115 Y458.999521 Z0;
G1 X408.543145 Y458.999521 Z0;
G1 X408.543145 Y460.292491 Z0;
G1 X405.543145 Y463.292491 Z0;
G1 X405.543145 Y464.292491 Z0;
G1 X404.543145 Y465.292491 Z0;
G1 X404.543145 Y466.292491 Z0;
G1 X403.543145 Y467.292491 Z0;
G1 X400.543145 Y470.292491 Z0;
G1 X400.543145 Y471.292491 Z0;
G1 X397.543145 Y474.292491 Z0;
G1 X397.543145 Y475.292491 Z0;
G1 X396.543145 Y476.292491 Z0;
G1 X396.543145 Y477.292491 Z0;
G1 X395.543145 Y478.292491 Z0;
G1 X391.543145 Y482.292491 Z0;
G1 X391.543145 Y483.292491 Z0;
G1 X391.543145 Y485.292491 Z0;
G1 X389.543145 Y487.292491 Z0;
G1 X389.543145 Y488.292491 Z0;
G1 X387.689625 Y490.146001 Z0;
G1 X388.396665 Y490.853041 Z0;
G1 X390.543145 Y488.706551 Z0;
G1 X392.543145 Y486.706551 Z0;
G1 X392.543145 Y485.706551 Z0;
G1 X392.543145 Y483.706551 Z0;
G1 X396.543145 Y479.706551 Z0;
G1 X396.543145 Y478.706551 Z0;
G1 X397.543145 Y477.706551 Z0;
G1 X398.543145 Y476.706551 Z0;
G1 X398.543145 Y475.706551 Z0;
G1 X401.543145 Y472.706551 Z0;
G1 X401.543145 Y471.706551 Z0;
G1 X404.543145 Y468.706551 Z0;
G1 X404.543145 Y467.706551 Z0;
G1 X405.543145 Y466.706551 Z0;
G1 X406.543145 Y465.706551 Z0;
G1 X406.543145 Y464.706551 Z0;
G1 X409.543145 Y461.706551 Z0;
G1 X409.543145 Y460.706551 Z0;
G1 X410.250175 Y459.999521 Z0;
G1 X411.043145 Y459.206551 Z0;
G1 X411.543145 Y459.706551 Z0;
G1 X411.543145 Y461.706551 Z0;
G1 X411.543145 Y462.706551 Z0;
G1 X412.336115 Y463.499521 Z0;
G1 X411.836115 Y463.999521 Z0;
G1 X410.543145 Y463.999521 Z0;
G1 X410.543145 Y465.292491 Z0;
G1 X409.543145 Y466.292491 Z0;
G1 X409.543145 Y467.292491 Z0;
G1 X408.543145 Y468.292491 Z0;
G1 X408.543145 Y469.292491 Z0;
G1 X404.043145 Y473.792491 Z0;
G1 X403.396665 Y473.146001 Z0;
G1 X402.689625 Y473.853041 Z0;
G1 X403.543145 Y474.706551 Z0;
G1 X403.543145 Y475.292491 Z0;
G1 X400.543145 Y478.292491 Z0;
G1 X400.543145 Y479.292491 Z0;
G1 X397.543145 Y482.292491 Z0;
G1 X397.543145 Y483.292491 Z0;
G1 X396.689625 Y484.146001 Z0;
G1 X397.396665 Y484.853041 Z0;
G1 X398.543145 Y483.706551 Z0;
G1 X401.543145 Y480.706551 Z0;
G1 X401.543145 Y479.706551 Z0;
G1 X404.543145 Y476.706551 Z0;
G1 X404.543145 Y475.706551 Z0;
G1 X409.543145 Y470.706551 Z0;
G1 X409.543145 Y469.706551 Z0;
G1 X409.543145 Y468.706551 Z0;
G1 X410.543145 Y467.706551 Z0;
G1 X411.543145 Y466.706551 Z0;
G1 X411.543145 Y465.706551 Z0;
G1 X412.250175 Y464.999521 Z0;
G1 X413.750175 Y463.499521 Z0;
G1 X418.543145 Y458.706551 Z0;
G1 X418.543145 Y457.706551 Z0;
G1 X424.250175 Y451.999521 Z0;
G1 X425.043145 Y451.206551 Z0;
G1 X426.336115 Y452.499521 Z0;
G1 X424.543145 Y454.292491 Z0;
G1 X422.543145 Y456.292491 Z0;
G1 X422.543145 Y457.292491 Z0;
G1 X421.543145 Y458.292491 Z0;
G1 X421.543145 Y462.292491 Z0;
G1 X420.336115 Y463.499521 Z0;
G1 X421.543145 Y464.706551 Z0;
G1 X421.543145 Y467.706551 Z0;
G1 X422.836115 Y468.999521 Z0;
G1 X423.836115 Y468.999521 Z0;
G1 X424.336115 Y469.499521 Z0;
G1 X424.543145 Y469.706551 Z0;
G1 X424.543145 Y470.999521 Z0;
G1 X425.836115 Y470.999521 Z0;
G1 X426.836115 Y470.999521 Z0;
G1 X427.836115 Y471.999521 Z0;
G1 X428.836115 Y471.999521 Z0;
G1 X429.043145 Y472.206551 Z0;
G1 X429.250175 Y471.999521 Z0;
G1 X430.396665 Y470.853041 Z0;
G1 X429.689625 Y470.146001 Z0;
G1 X429.043145 Y470.792491 Z0;
G1 X428.250175 Y469.999521 Z0;
G1 X427.250175 Y469.999521 Z0;
G1 X426.250175 Y469.999521 Z0;
G1 X425.750175 Y469.499521 Z0;
G1 X426.543145 Y468.706551 Z0;
G1 X426.543145 Y467.706551 Z0;
G1 X426.543145 Y466.706551 Z0;
G1 X428.750175 Y464.499521 Z0;
G1 X427.543145 Y463.292491 Z0;
G1 X427.543145 Y461.999521 Z0;
G1 X424.836115 Y461.999521 Z0;
G1 X426.543145 Y463.706551 Z0;
G1 X426.543145 Y464.292491 Z0;
G1 X425.543145 Y465.292491 Z0;
G1 X425.543145 Y466.292491 Z0;
G1 X425.543145 Y467.292491 Z0;
G1 X424.836115 Y467.999521 Z0;
G1 X424.250175 Y467.999521 Z0;
G1 X423.250175 Y467.999521 Z0;
G1 X422.543145 Y467.292491 Z0;
G1 X422.543145 Y464.292491 Z0;
G1 X422.543145 Y462.706551 Z0;
G1 X422.543145 Y458.706551 Z0;
G1 X423.543145 Y457.706551 Z0;
G1 X425.543145 Y455.706551 Z0;
G1 X425.543145 Y454.706551 Z0;
G1 X427.750175 Y452.499521 Z0;
G1 X429.250175 Y450.999521 Z0;
G1 X430.543145 Y450.999521 Z0;
G1 X430.543145 Y449.706551 Z0;
G1 X431.250175 Y448.999521 Z0;
G1 X433.836115 Y448.999521 Z0;
G1 X434.543145 Y449.706551 Z0;
G1 X434.543145 Y450.706551 Z0;
G1 X435.543145 Y451.706551 Z0;
G1 X435.543145 Y452.706551 Z0;
G1 X435.543145 Y453.999521 Z0;
G1 X436.836115 Y453.999521 Z0;
G1 X439.043145 Y453.999521 Z0;
G1 X439.043145 Y452.999521 Z0;
G1 X437.250175 Y452.999521 Z0;
G1 X436.543145 Y452.292491 Z0;
G1 X436.543145 Y451.292491 Z0;
G1 X435.543145 Y450.292491 Z0;
G1 X435.543145 Y449.292491 Z0;
G1 X434.250175 Y447.999521 Z0;
G1 X431.250175 Y447.999521 Z0;
G1 X430.543145 Y447.292491 Z0;
G1 X430.543145 Y445.292491 Z0;
G1 X428.250175 Y442.999521 Z0;
G1 X427.250175 Y442.999521 Z0;
G1 X422.043145 Y442.999521 Z0;
G1 X421.543145 Y442.999521 Z0;
G1 X421.543145 Y442.499521 Z0;
G1 X420.543145 Y442.499521 Z0;
G0 X420.543145 Y442.499521 Z1;
;path#polyline137_2
G0 X429.543145 Y445.706551 Z1;
G1 X429.543145 Y447.706551 Z0;
G1 X430.336115 Y448.499521 Z0;
G1 X429.543145 Y449.292491 Z0;
G1 X429.543145 Y449.999521 Z0;
G1 X428.836115 Y449.999521 Z0;
G1 X427.043145 Y451.792491 Z0;
G1 X425.750175 Y450.499521 Z0;
G1 X427.543145 Y448.706551 Z0;
G1 X427.543145 Y447.706551 Z0;
G1 X429.543145 Y445.706551 Z0;
G0 X429.543145 Y445.706551 Z1;
;path#polyline138
G0 X419.543145 Y433.499521 Z1;
G1 X419.543145 Y435.706551 Z0;
G1 X419.689625 Y435.853041 Z0;
G1 X420.836115 Y436.999521 Z0;
G1 X421.836115 Y436.999521 Z0;
G1 X422.836115 Y437.999521 Z0;
G1 X423.836115 Y437.999521 Z0;
G1 X427.543145 Y441.706551 Z0;
G1 X427.543145 Y439.292491 Z0;
G1 X425.250175 Y436.999521 Z0;
G1 X424.250175 Y436.999521 Z0;
G1 X423.250175 Y436.999521 Z0;
G1 X422.250175 Y435.999521 Z0;
G1 X421.250175 Y435.999521 Z0;
G1 X420.543145 Y435.292491 Z0;
G1 X420.543145 Y433.499521 Z0;
G1 X419.543145 Y433.499521 Z0;
G0 X419.543145 Y433.499521 Z1;
;path#polyline139
G0 X417.396665 Y426.146001 Z1;
G1 X416.689625 Y426.853041 Z0;
G1 X417.336115 Y427.499521 Z0;
G1 X415.836115 Y428.999521 Z0;
G1 X414.836115 Y429.999521 Z0;
G1 X413.836115 Y429.999521 Z0;
G1 X411.836115 Y431.999521 Z0;
G1 X410.836115 Y432.999521 Z0;
G1 X409.836115 Y432.999521 Z0;
G1 X408.836115 Y433.999521 Z0;
G1 X407.836115 Y433.999521 Z0;
G1 X405.836115 Y435.999521 Z0;
G1 X404.836115 Y435.999521 Z0;
G1 X402.836115 Y437.999521 Z0;
G1 X401.836115 Y437.999521 Z0;
G1 X400.836115 Y438.999521 Z0;
G1 X399.836115 Y438.999521 Z0;
G1 X398.836115 Y439.999521 Z0;
G1 X397.836115 Y439.999521 Z0;
G1 X396.836115 Y439.999521 Z0;
G1 X395.836115 Y440.999521 Z0;
G1 X394.836115 Y440.999521 Z0;
G1 X392.836115 Y442.999521 Z0;
G1 X391.836115 Y442.999521 Z0;
G1 X389.836115 Y444.999521 Z0;
G1 X388.836115 Y444.999521 Z0;
G1 X387.836115 Y445.999521 Z0;
G1 X386.836115 Y446.999521 Z0;
G1 X385.836115 Y446.999521 Z0;
G1 X384.836115 Y446.999521 Z0;
G1 X382.836115 Y448.999521 Z0;
G1 X381.836115 Y448.999521 Z0;
G1 X381.043145 Y449.792491 Z0;
G1 X380.836115 Y449.999521 Z0;
G1 X379.836115 Y449.999521 Z0;
G1 X378.836115 Y450.999521 Z0;
G1 X377.543145 Y450.999521 Z0;
G1 X377.543145 Y453.706551 Z0;
G1 X379.250175 Y451.999521 Z0;
G1 X380.250175 Y451.999521 Z0;
G1 X381.043145 Y451.206551 Z0;
G1 X381.543145 Y451.706551 Z0;
G1 X381.543145 Y453.706551 Z0;
G1 X383.250175 Y451.999521 Z0;
G1 X385.250175 Y451.999521 Z0;
G1 X386.250175 Y450.999521 Z0;
G1 X387.250175 Y450.999521 Z0;
G1 X388.250175 Y449.999521 Z0;
G1 X389.250175 Y449.999521 Z0;
G1 X390.250175 Y448.999521 Z0;
G1 X391.250175 Y448.999521 Z0;
G1 X392.250175 Y447.999521 Z0;
G1 X395.043145 Y447.999521 Z0;
G1 X395.043145 Y446.999521 Z0;
G1 X391.836115 Y446.999521 Z0;
G1 X390.836115 Y447.999521 Z0;
G1 X389.836115 Y447.999521 Z0;
G1 X388.836115 Y448.999521 Z0;
G1 X387.836115 Y448.999521 Z0;
G1 X386.836115 Y449.999521 Z0;
G1 X385.836115 Y449.999521 Z0;
G1 X384.836115 Y450.999521 Z0;
G1 X383.250175 Y450.999521 Z0;
G1 X382.750175 Y450.499521 Z0;
G1 X383.250175 Y449.999521 Z0;
G1 X384.250175 Y449.999521 Z0;
G1 X386.250175 Y447.999521 Z0;
G1 X387.250175 Y447.999521 Z0;
G1 X388.250175 Y446.999521 Z0;
G1 X389.250175 Y446.999521 Z0;
G1 X390.250175 Y445.999521 Z0;
G1 X391.250175 Y445.999521 Z0;
G1 X393.250175 Y443.999521 Z0;
G1 X394.250175 Y443.999521 Z0;
G1 X396.250175 Y441.999521 Z0;
G1 X397.250175 Y441.999521 Z0;
G1 X398.250175 Y440.999521 Z0;
G1 X399.250175 Y440.999521 Z0;
G1 X400.250175 Y439.999521 Z0;
G1 X401.250175 Y439.999521 Z0;
G1 X402.250175 Y439.999521 Z0;
G1 X403.250175 Y438.999521 Z0;
G1 X404.250175 Y438.999521 Z0;
G1 X406.250175 Y436.999521 Z0;
G1 X407.250175 Y436.999521 Z0;
G1 X409.250175 Y434.999521 Z0;
G1 X410.250175 Y434.999521 Z0;
G1 X411.250175 Y433.999521 Z0;
G1 X412.250175 Y432.999521 Z0;
G1 X413.250175 Y432.999521 Z0;
G1 X415.250175 Y430.999521 Z0;
G1 X416.250175 Y429.999521 Z0;
G1 X417.250175 Y429.999521 Z0;
G1 X418.543145 Y428.706551 Z0;
G1 X418.543145 Y427.706551 Z0;
G1 X418.750175 Y427.499521 Z0;
G1 X419.396665 Y426.853041 Z0;
G1 X418.689625 Y426.146001 Z0;
G1 X418.043145 Y426.792491 Z0;
G1 X417.396665 Y426.146001 Z0;
G0 X417.396665 Y426.146001 Z1;
;path#polyline140
G0 X422.689625 Y425.146001 Z1;
G1 X419.543145 Y428.292491 Z0;
G1 X419.543145 Y429.292491 Z0;
G1 X418.543145 Y430.292491 Z0;
G1 X412.836115 Y435.999521 Z0;
G1 X411.543145 Y435.999521 Z0;
G1 X411.543145 Y437.292491 Z0;
G1 X408.836115 Y439.999521 Z0;
G1 X407.836115 Y439.999521 Z0;
G1 X406.836115 Y439.999521 Z0;
G1 X405.543145 Y441.292491 Z0;
G1 X405.543145 Y442.292491 Z0;
G1 X404.543145 Y443.292491 Z0;
G1 X404.543145 Y445.706551 Z0;
G1 X406.543145 Y443.706551 Z0;
G1 X406.543145 Y442.706551 Z0;
G1 X408.250175 Y440.999521 Z0;
G1 X409.250175 Y440.999521 Z0;
G1 X410.250175 Y440.999521 Z0;
G1 X412.543145 Y438.706551 Z0;
G1 X412.543145 Y437.706551 Z0;
G1 X413.250175 Y436.999521 Z0;
G1 X414.250175 Y436.999521 Z0;
G1 X419.543145 Y431.706551 Z0;
G1 X419.543145 Y430.706551 Z0;
G1 X420.543145 Y429.706551 Z0;
G1 X424.396665 Y425.853041 Z0;
G1 X423.689625 Y425.146001 Z0;
G1 X423.189625 Y425.646001 Z0;
G1 X422.689625 Y425.146001 Z0;
G0 X422.689625 Y425.146001 Z1;
;path#polyline141
G0 X374.689625 Y418.146001 Z1;
G1 X372.543145 Y420.292491 Z0;
G1 X372.543145 Y420.499521 Z0;
G1 X372.543145 Y421.292491 Z0;
G1 X371.543145 Y422.292491 Z0;
G1 X371.543145 Y424.292491 Z0;
G1 X370.543145 Y425.292491 Z0;
G1 X370.543145 Y426.292491 Z0;
G1 X368.543145 Y428.292491 Z0;
G1 X365.543145 Y431.292491 Z0;
G1 X365.543145 Y432.292491 Z0;
G1 X360.543145 Y437.292491 Z0;
G1 X360.543145 Y438.292491 Z0;
G1 X358.836115 Y439.999521 Z0;
G1 X357.543145 Y439.999521 Z0;
G1 X357.543145 Y441.292491 Z0;
G1 X357.543145 Y442.292491 Z0;
G1 X356.689625 Y443.146001 Z0;
G1 X357.396665 Y443.853041 Z0;
G1 X358.543145 Y442.706551 Z0;
G1 X358.543145 Y441.706551 Z0;
G1 X359.250175 Y440.999521 Z0;
G1 X360.250175 Y440.999521 Z0;
G1 X361.543145 Y439.706551 Z0;
G1 X361.543145 Y438.706551 Z0;
G1 X366.543145 Y433.706551 Z0;
G1 X366.543145 Y432.706551 Z0;
G1 X369.543145 Y429.706551 Z0;
G1 X369.543145 Y428.706551 Z0;
G1 X371.543145 Y426.706551 Z0;
G1 X371.543145 Y425.706551 Z0;
G1 X372.543145 Y424.706551 Z0;
G1 X372.543145 Y422.706551 Z0;
G1 X373.543145 Y421.706551 Z0;
G1 X373.543145 Y420.706551 Z0;
G1 X375.396665 Y418.853041 Z0;
G1 X374.689625 Y418.146001 Z0;
G0 X374.689625 Y418.146001 Z1;
;path#polyline142
G0 X319.543145 Y414.499521 Z1;
G1 X319.543145 Y415.706551 Z0;
G1 X320.543145 Y416.706551 Z0;
G1 X320.543145 Y419.706551 Z0;
G1 X321.543145 Y420.706551 Z0;
G1 X321.543145 Y421.292491 Z0;
G1 X320.543145 Y422.292491 Z0;
G1 X320.543145 Y437.292491 Z0;
G1 X319.543145 Y438.292491 Z0;
G1 X319.543145 Y440.292491 Z0;
G1 X319.543145 Y441.499521 Z0;
G1 X320.543145 Y441.499521 Z0;
G1 X320.543145 Y440.706551 Z0;
G1 X321.543145 Y439.706551 Z0;
G1 X321.543145 Y437.706551 Z0;
G1 X321.543145 Y422.706551 Z0;
G1 X322.543145 Y421.706551 Z0;
G1 X322.543145 Y420.292491 Z0;
G1 X321.543145 Y419.292491 Z0;
G1 X321.543145 Y416.292491 Z0;
G1 X321.543145 Y414.499521 Z0;
G1 X320.543145 Y414.499521 Z0;
G1 X319.543145 Y414.499521 Z0;
G0 X319.543145 Y414.499521 Z1;
;path#polyline143
G0 X402.043145 Y411.792491 Z1;
G1 X401.689625 Y412.146001 Z0;
G1 X400.836115 Y412.999521 Z0;
G1 X399.543145 Y412.999521 Z0;
G1 X399.543145 Y414.706551 Z0;
G1 X401.543145 Y416.706551 Z0;
G1 X401.543145 Y413.706551 Z0;
G1 X402.043145 Y413.206551 Z0;
G1 X403.836115 Y414.999521 Z0;
G1 X406.250175 Y414.999521 Z0;
G1 X403.396665 Y412.146001 Z0;
G1 X402.896665 Y412.646001 Z0;
G1 X402.043145 Y411.792491 Z0;
G0 X402.043145 Y411.792491 Z1;
;path#polyline144_1
G0 X394.543145 Y410.499521 Z1;
G1 X394.543145 Y414.292491 Z0;
G1 X393.836115 Y414.999521 Z0;
G1 X392.836115 Y415.999521 Z0;
G1 X391.836115 Y415.999521 Z0;
G1 X390.543145 Y417.292491 Z0;
G1 X390.543145 Y418.292491 Z0;
G1 X389.543145 Y419.292491 Z0;
G1 X389.543145 Y420.292491 Z0;
G1 X388.543145 Y421.292491 Z0;
G1 X388.543145 Y424.292491 Z0;
G1 X387.543145 Y425.292491 Z0;
G1 X387.543145 Y426.292491 Z0;
G1 X386.543145 Y427.292491 Z0;
G1 X386.543145 Y428.292491 Z0;
G1 X384.543145 Y430.292491 Z0;
G1 X383.543145 Y431.292491 Z0;
G1 X383.543145 Y432.292491 Z0;
G1 X382.543145 Y433.292491 Z0;
G1 X381.543145 Y434.292491 Z0;
G1 X381.543145 Y435.292491 Z0;
G1 X380.543145 Y436.292491 Z0;
G1 X380.543145 Y437.292491 Z0;
G1 X379.543145 Y438.292491 Z0;
G1 X376.836115 Y440.999521 Z0;
G1 X380.543145 Y440.999521 Z0;
G1 X380.543145 Y438.706551 Z0;
G1 X381.543145 Y437.706551 Z0;
G1 X382.543145 Y436.706551 Z0;
G1 X382.543145 Y435.706551 Z0;
G1 X383.543145 Y434.706551 Z0;
G1 X383.543145 Y433.706551 Z0;
G1 X384.543145 Y432.706551 Z0;
G1 X385.543145 Y431.706551 Z0;
G1 X385.543145 Y430.706551 Z0;
G1 X387.543145 Y428.706551 Z0;
G1 X388.543145 Y427.706551 Z0;
G1 X388.543145 Y426.706551 Z0;
G1 X389.543145 Y425.706551 Z0;
G1 X389.543145 Y424.706551 Z0;
G1 X389.543145 Y421.706551 Z0;
G1 X390.543145 Y420.706551 Z0;
G1 X391.543145 Y419.706551 Z0;
G1 X391.543145 Y418.706551 Z0;
G1 X393.250175 Y416.999521 Z0;
G1 X394.250175 Y415.999521 Z0;
G1 X394.836115 Y415.999521 Z0;
G1 X397.836115 Y418.999521 Z0;
G1 X398.836115 Y418.999521 Z0;
G1 X401.836115 Y418.999521 Z0;
G1 X402.836115 Y419.999521 Z0;
G1 X403.836115 Y419.999521 Z0;
G1 X404.543145 Y420.706551 Z0;
G1 X404.543145 Y422.706551 Z0;
G1 X404.543145 Y423.292491 Z0;
G1 X403.543145 Y424.292491 Z0;
G1 X403.543145 Y427.292491 Z0;
G1 X398.836115 Y431.999521 Z0;
G1 X397.836115 Y431.999521 Z0;
G1 X396.836115 Y431.999521 Z0;
G1 X394.836115 Y433.999521 Z0;
G1 X393.836115 Y433.999521 Z0;
G1 X392.836115 Y434.999521 Z0;
G1 X391.836115 Y435.999521 Z0;
G1 X390.836115 Y435.999521 Z0;
G1 X386.836115 Y439.999521 Z0;
G1 X385.836115 Y440.999521 Z0;
G1 X384.836115 Y440.999521 Z0;
G1 X381.836115 Y443.999521 Z0;
G1 X380.836115 Y444.999521 Z0;
G1 X379.543145 Y444.999521 Z0;
G1 X379.543145 Y446.292491 Z0;
G1 X379.543145 Y448.499521 Z0;
G1 X380.543145 Y448.499521 Z0;
G1 X380.543145 Y446.706551 Z0;
G1 X381.250175 Y445.999521 Z0;
G1 X382.250175 Y444.999521 Z0;
G1 X383.250175 Y444.999521 Z0;
G1 X386.250175 Y441.999521 Z0;
G1 X387.250175 Y440.999521 Z0;
G1 X388.250175 Y440.999521 Z0;
G1 X392.250175 Y436.999521 Z0;
G1 X393.250175 Y435.999521 Z0;
G1 X394.250175 Y435.999521 Z0;
G1 X395.250175 Y434.999521 Z0;
G1 X396.250175 Y434.999521 Z0;
G1 X398.250175 Y432.999521 Z0;
G1 X399.250175 Y432.999521 Z0;
G1 X400.250175 Y432.999521 Z0;
G1 X404.043145 Y429.206551 Z0;
G1 X404.836115 Y429.999521 Z0;
G1 X406.836115 Y429.999521 Z0;
G1 X408.043145 Y431.206551 Z0;
G1 X409.543145 Y429.706551 Z0;
G1 X409.543145 Y422.999521 Z0;
G1 X408.250175 Y422.999521 Z0;
G1 X407.043145 Y421.792491 Z0;
G1 X406.043145 Y422.792491 Z0;
G1 X405.543145 Y422.292491 Z0;
G1 X405.543145 Y420.292491 Z0;
G1 X405.543145 Y418.999521 Z0;
G1 X404.250175 Y418.999521 Z0;
G1 X403.250175 Y417.999521 Z0;
G1 X402.250175 Y417.999521 Z0;
G1 X399.250175 Y417.999521 Z0;
G1 X395.543145 Y414.292491 Z0;
G1 X395.543145 Y410.499521 Z0;
G1 X394.543145 Y410.499521 Z0;
G0 X394.543145 Y410.499521 Z1;
;path#polyline144_2
G0 X407.043145 Y423.206551 Z1;
G1 X407.836115 Y423.999521 Z0;
G1 X408.543145 Y423.999521 Z0;
G1 X408.543145 Y429.292491 Z0;
G1 X408.043145 Y429.792491 Z0;
G1 X407.250175 Y428.999521 Z0;
G1 X405.250175 Y428.999521 Z0;
G1 X404.250175 Y427.999521 Z0;
G1 X404.543145 Y427.706551 Z0;
G1 X404.543145 Y424.706551 Z0;
G1 X405.543145 Y423.706551 Z0;
G1 X406.043145 Y424.206551 Z0;
G1 X407.043145 Y423.206551 Z0;
G0 X407.043145 Y423.206551 Z1;
;path#polyline144_3
G0 X379.543145 Y439.706551 Z1;
G1 X379.543145 Y439.999521 Z0;
G1 X379.250175 Y439.999521 Z0;
G1 X379.543145 Y439.706551 Z0;
G0 X379.543145 Y439.706551 Z1;
;path#polyline145
G0 X396.543145 Y405.499521 Z1;
G1 X396.543145 Y410.706551 Z0;
G1 X397.836115 Y411.999521 Z0;
G1 X398.836115 Y411.999521 Z0;
G1 X400.043145 Y411.999521 Z0;
G1 X400.043145 Y410.999521 Z0;
G1 X399.250175 Y410.999521 Z0;
G1 X397.543145 Y409.292491 Z0;
G1 X397.543145 Y405.499521 Z0;
G1 X396.543145 Y405.499521 Z0;
G0 X396.543145 Y405.499521 Z1;
;path#polyline146
G0 X391.543145 Y398.292491 Z1;
G1 X389.689625 Y400.146001 Z0;
G1 X390.396665 Y400.853041 Z0;
G1 X390.543145 Y400.706551 Z0;
G1 X390.543145 Y401.706551 Z0;
G1 X391.336115 Y402.499521 Z0;
G1 X385.836115 Y407.999521 Z0;
G1 X384.543145 Y407.999521 Z0;
G1 X384.543145 Y407.706551 Z0;
G1 X385.543145 Y406.706551 Z0;
G1 X385.543145 Y405.706551 Z0;
G1 X386.543145 Y404.706551 Z0;
G1 X386.543145 Y402.706551 Z0;
G1 X389.396665 Y399.853041 Z0;
G1 X388.689625 Y399.146001 Z0;
G1 X385.543145 Y402.292491 Z0;
G1 X385.543145 Y404.292491 Z0;
G1 X384.543145 Y405.292491 Z0;
G1 X384.543145 Y406.292491 Z0;
G1 X383.543145 Y407.292491 Z0;
G1 X383.543145 Y408.292491 Z0;
G1 X382.543145 Y409.292491 Z0;
G1 X382.543145 Y410.292491 Z0;
G1 X381.543145 Y411.292491 Z0;
G1 X381.543145 Y412.292491 Z0;
G1 X380.543145 Y413.292491 Z0;
G1 X380.543145 Y414.292491 Z0;
G1 X378.543145 Y416.292491 Z0;
G1 X378.543145 Y417.292491 Z0;
G1 X378.543145 Y419.706551 Z0;
G1 X378.543145 Y420.292491 Z0;
G1 X376.543145 Y422.292491 Z0;
G1 X376.543145 Y423.292491 Z0;
G1 X372.543145 Y427.292491 Z0;
G1 X372.543145 Y428.292491 Z0;
G1 X368.543145 Y432.292491 Z0;
G1 X368.543145 Y433.292491 Z0;
G1 X366.543145 Y435.292491 Z0;
G1 X366.543145 Y436.292491 Z0;
G1 X364.543145 Y438.292491 Z0;
G1 X364.543145 Y439.292491 Z0;
G1 X362.543145 Y441.292491 Z0;
G1 X362.543145 Y442.292491 Z0;
G1 X357.543145 Y447.292491 Z0;
G1 X357.543145 Y448.292491 Z0;
G1 X356.689625 Y449.146001 Z0;
G1 X357.396665 Y449.853041 Z0;
G1 X358.543145 Y448.706551 Z0;
G1 X363.543145 Y443.706551 Z0;
G1 X363.543145 Y442.706551 Z0;
G1 X365.543145 Y440.706551 Z0;
G1 X365.543145 Y439.706551 Z0;
G1 X367.543145 Y437.706551 Z0;
G1 X367.543145 Y436.706551 Z0;
G1 X369.543145 Y434.706551 Z0;
G1 X369.543145 Y433.706551 Z0;
G1 X373.543145 Y429.706551 Z0;
G1 X373.543145 Y428.706551 Z0;
G1 X377.543145 Y424.706551 Z0;
G1 X377.543145 Y423.706551 Z0;
G1 X380.750175 Y420.499521 Z0;
G1 X379.543145 Y419.292491 Z0;
G1 X379.543145 Y417.706551 Z0;
G1 X381.543145 Y415.706551 Z0;
G1 X381.543145 Y414.706551 Z0;
G1 X382.543145 Y413.706551 Z0;
G1 X382.543145 Y412.706551 Z0;
G1 X382.543145 Y411.706551 Z0;
G1 X383.543145 Y410.706551 Z0;
G1 X383.543145 Y409.706551 Z0;
G1 X384.250175 Y408.999521 Z0;
G1 X386.250175 Y408.999521 Z0;
G1 X392.750175 Y402.499521 Z0;
G1 X391.543145 Y401.292491 Z0;
G1 X391.543145 Y398.292491 Z0;
G0 X391.543145 Y398.292491 Z1;
;path#polyline147
G0 X394.543145 Y397.499521 Z1;
G1 X394.543145 Y398.706551 Z0;
G1 X396.543145 Y400.706551 Z0;
G1 X396.543145 Y401.706551 Z0;
G1 X397.543145 Y402.706551 Z0;
G1 X397.543145 Y403.706551 Z0;
G1 X406.543145 Y412.706551 Z0;
G1 X406.543145 Y415.499521 Z0;
G1 X407.543145 Y415.499521 Z0;
G1 X407.543145 Y412.292491 Z0;
G1 X407.543145 Y411.292491 Z0;
G1 X398.543145 Y402.292491 Z0;
G1 X398.543145 Y401.292491 Z0;
G1 X397.543145 Y400.292491 Z0;
G1 X397.543145 Y399.499521 Z0;
G1 X396.750175 Y399.499521 Z0;
G1 X395.543145 Y398.292491 Z0;
G1 X395.543145 Y397.499521 Z0;
G1 X394.543145 Y397.499521 Z0;
G0 X394.543145 Y397.499521 Z1;
;path#polyline148
G0 X251.689625 Y391.146001 Z1;
G1 X250.543145 Y392.292491 Z0;
G1 X250.543145 Y393.292491 Z0;
G1 X249.543145 Y394.292491 Z0;
G1 X249.543145 Y395.292491 Z0;
G1 X247.836115 Y396.999521 Z0;
G1 X250.543145 Y396.999521 Z0;
G1 X250.543145 Y395.706551 Z0;
G1 X251.543145 Y394.706551 Z0;
G1 X251.543145 Y393.706551 Z0;
G1 X252.396665 Y392.853041 Z0;
G1 X251.896665 Y392.353041 Z0;
G1 X252.396665 Y391.853041 Z0;
G1 X251.689625 Y391.146001 Z0;
G0 X251.689625 Y391.146001 Z1;
;path#polyline149
G0 X379.543145 Y386.499521 Z1;
G1 X379.543145 Y387.292491 Z0;
G1 X378.543145 Y388.292491 Z0;
G1 X377.543145 Y389.292491 Z0;
G1 X377.543145 Y390.292491 Z0;
G1 X373.836115 Y393.999521 Z0;
G1 X372.543145 Y395.292491 Z0;
G1 X370.543145 Y397.292491 Z0;
G1 X370.543145 Y399.706551 Z0;
G1 X373.543145 Y396.706551 Z0;
G1 X373.543145 Y395.706551 Z0;
G1 X374.250175 Y394.999521 Z0;
G1 X375.250175 Y394.999521 Z0;
G1 X378.543145 Y391.706551 Z0;
G1 X378.543145 Y390.706551 Z0;
G1 X379.543145 Y389.706551 Z0;
G1 X379.543145 Y388.706551 Z0;
G1 X380.396665 Y387.853041 Z0;
G1 X380.543145 Y387.706551 Z0;
G1 X380.543145 Y386.499521 Z0;
G1 X379.543145 Y386.499521 Z0;
G0 X379.543145 Y386.499521 Z1;
;path#polyline150
G0 X263.689625 Y383.146001 Z1;
G1 X262.543145 Y384.292491 Z0;
G1 X262.543145 Y384.499521 Z0;
G1 X262.543145 Y385.292491 Z0;
G1 X261.836115 Y385.999521 Z0;
G1 X259.836115 Y385.999521 Z0;
G1 X258.836115 Y385.999521 Z0;
G1 X256.543145 Y388.292491 Z0;
G1 X256.543145 Y389.292491 Z0;
G1 X255.836115 Y389.999521 Z0;
G1 X254.836115 Y389.999521 Z0;
G1 X252.836115 Y391.999521 Z0;
G1 X255.250175 Y391.999521 Z0;
G1 X256.250175 Y390.999521 Z0;
G1 X257.543145 Y389.706551 Z0;
G1 X260.250175 Y386.999521 Z0;
G1 X262.250175 Y386.999521 Z0;
G1 X265.250175 Y386.999521 Z0;
G1 X263.543145 Y385.292491 Z0;
G1 X263.543145 Y384.706551 Z0;
G1 X264.396665 Y383.853041 Z0;
G1 X263.689625 Y383.146001 Z0;
G0 X263.689625 Y383.146001 Z1;
;path#polyline151
G0 X379.043145 Y378.792491 Z1;
G1 X378.689625 Y379.146001 Z0;
G1 X377.836115 Y379.999521 Z0;
G1 X376.836115 Y379.999521 Z0;
G1 X371.543145 Y385.292491 Z0;
G1 X371.543145 Y386.292491 Z0;
G1 X366.543145 Y391.292491 Z0;
G1 X366.543145 Y392.292491 Z0;
G1 X366.543145 Y393.292491 Z0;
G1 X365.543145 Y394.292491 Z0;
G1 X365.543145 Y395.292491 Z0;
G1 X361.543145 Y399.292491 Z0;
G1 X361.543145 Y400.292491 Z0;
G1 X360.543145 Y401.292491 Z0;
G1 X360.543145 Y404.292491 Z0;
G1 X359.543145 Y405.292491 Z0;
G1 X359.543145 Y406.292491 Z0;
G1 X357.543145 Y408.292491 Z0;
G1 X357.543145 Y409.292491 Z0;
G1 X357.543145 Y410.499521 Z0;
G1 X358.543145 Y410.499521 Z0;
G1 X358.543145 Y409.706551 Z0;
G1 X360.543145 Y407.706551 Z0;
G1 X360.543145 Y406.706551 Z0;
G1 X361.543145 Y405.706551 Z0;
G1 X361.543145 Y404.706551 Z0;
G1 X361.543145 Y401.706551 Z0;
G1 X362.543145 Y400.706551 Z0;
G1 X366.543145 Y396.706551 Z0;
G1 X366.543145 Y395.706551 Z0;
G1 X367.543145 Y394.706551 Z0;
G1 X367.543145 Y393.706551 Z0;
G1 X367.543145 Y392.706551 Z0;
G1 X372.543145 Y387.706551 Z0;
G1 X372.543145 Y386.706551 Z0;
G1 X378.250175 Y380.999521 Z0;
G1 X379.043145 Y380.206551 Z0;
G1 X380.543145 Y381.706551 Z0;
G1 X380.543145 Y382.706551 Z0;
G1 X383.543145 Y385.706551 Z0;
G1 X383.543145 Y386.706551 Z0;
G1 X384.543145 Y387.706551 Z0;
G1 X384.543145 Y388.706551 Z0;
G1 X385.543145 Y389.706551 Z0;
G1 X386.336115 Y390.499521 Z0;
G1 X385.836115 Y390.999521 Z0;
G1 X384.836115 Y390.999521 Z0;
G1 X382.543145 Y393.292491 Z0;
G1 X382.543145 Y394.292491 Z0;
G1 X381.543145 Y395.292491 Z0;
G1 X381.543145 Y396.292491 Z0;
G1 X381.543145 Y398.292491 Z0;
G1 X375.543145 Y404.292491 Z0;
G1 X375.543145 Y405.292491 Z0;
G1 X374.543145 Y406.292491 Z0;
G1 X374.543145 Y407.292491 Z0;
G1 X373.543145 Y408.292491 Z0;
G1 X373.543145 Y409.292491 Z0;
G1 X372.543145 Y410.292491 Z0;
G1 X372.543145 Y412.706551 Z0;
G1 X374.543145 Y410.706551 Z0;
G1 X374.543145 Y409.706551 Z0;
G1 X375.543145 Y408.706551 Z0;
G1 X375.543145 Y407.706551 Z0;
G1 X376.543145 Y406.706551 Z0;
G1 X376.543145 Y405.706551 Z0;
G1 X382.543145 Y399.706551 Z0;
G1 X382.543145 Y398.706551 Z0;
G1 X382.543145 Y396.706551 Z0;
G1 X383.543145 Y395.706551 Z0;
G1 X383.543145 Y394.706551 Z0;
G1 X386.250175 Y391.999521 Z0;
G1 X387.750175 Y390.499521 Z0;
G1 X386.543145 Y389.292491 Z0;
G1 X386.543145 Y388.292491 Z0;
G1 X385.543145 Y387.292491 Z0;
G1 X384.543145 Y386.292491 Z0;
G1 X384.543145 Y385.292491 Z0;
G1 X384.543145 Y384.292491 Z0;
G1 X381.543145 Y381.292491 Z0;
G1 X381.543145 Y380.292491 Z0;
G1 X380.396665 Y379.146001 Z0;
G1 X379.896665 Y379.646001 Z0;
G1 X379.043145 Y378.792491 Z0;
G0 X379.043145 Y378.792491 Z1;
;path#polyline152
G0 X297.543145 Y372.499521 Z1;
G1 X297.543145 Y374.292491 Z0;
G1 X296.836115 Y374.999521 Z0;
G1 X295.836115 Y375.999521 Z0;
G1 X295.250175 Y375.999521 Z0;
G1 X294.250175 Y374.999521 Z0;
G1 X293.043145 Y374.999521 Z0;
G1 X293.043145 Y375.999521 Z0;
G1 X293.836115 Y375.999521 Z0;
G1 X294.543145 Y376.706551 Z0;
G1 X294.543145 Y378.706551 Z0;
G1 X296.250175 Y376.999521 Z0;
G1 X297.250175 Y375.999521 Z0;
G1 X298.043145 Y375.999521 Z0;
G1 X298.043145 Y375.206551 Z0;
G1 X298.543145 Y374.706551 Z0;
G1 X298.543145 Y372.499521 Z0;
G1 X297.543145 Y372.499521 Z0;
G0 X297.543145 Y372.499521 Z1;
;path#polyline153
G0 X280.689625 Y370.146001 Z1;
G1 X279.836115 Y370.999521 Z0;
G1 X278.543145 Y370.999521 Z0;
G1 X278.543145 Y372.292491 Z0;
G1 X278.543145 Y373.292491 Z0;
G1 X272.543145 Y379.292491 Z0;
G1 X272.543145 Y380.292491 Z0;
G1 X271.543145 Y381.292491 Z0;
G1 X271.543145 Y382.292491 Z0;
G1 X267.836115 Y385.999521 Z0;
G1 X270.250175 Y385.999521 Z0;
G1 X272.543145 Y383.706551 Z0;
G1 X272.543145 Y382.706551 Z0;
G1 X273.543145 Y381.706551 Z0;
G1 X273.543145 Y380.706551 Z0;
G1 X279.543145 Y374.706551 Z0;
G1 X279.543145 Y373.706551 Z0;
G1 X279.543145 Y372.706551 Z0;
G1 X280.250175 Y371.999521 Z0;
G1 X281.250175 Y371.999521 Z0;
G1 X282.396665 Y370.853041 Z0;
G1 X281.689625 Y370.146001 Z0;
G1 X281.189625 Y370.646001 Z0;
G1 X280.689625 Y370.146001 Z0;
G0 X280.689625 Y370.146001 Z1;
;path#polyline154
G0 X329.543145 Y327.499521 Z1;
G1 X329.543145 Y347.292491 Z0;
G1 X328.336115 Y348.499521 Z0;
G1 X329.543145 Y349.706551 Z0;
G1 X329.543145 Y351.292491 Z0;
G1 X328.543145 Y352.292491 Z0;
G1 X328.543145 Y363.292491 Z0;
G1 X327.543145 Y364.292491 Z0;
G1 X327.543145 Y367.706551 Z0;
G1 X328.543145 Y368.706551 Z0;
G1 X328.543145 Y372.292491 Z0;
G1 X327.543145 Y373.292491 Z0;
G1 X327.543145 Y388.706551 Z0;
G1 X328.543145 Y389.706551 Z0;
G1 X328.543145 Y395.706551 Z0;
G1 X329.543145 Y396.706551 Z0;
G1 X329.543145 Y405.706551 Z0;
G1 X330.543145 Y406.706551 Z0;
G1 X330.543145 Y419.706551 Z0;
G1 X331.543145 Y420.706551 Z0;
G1 X331.543145 Y434.706551 Z0;
G1 X332.543145 Y435.706551 Z0;
G1 X332.543145 Y438.292491 Z0;
G1 X331.543145 Y439.292491 Z0;
G1 X331.543145 Y443.706551 Z0;
G1 X332.543145 Y444.706551 Z0;
G1 X332.543145 Y454.292491 Z0;
G1 X331.543145 Y455.292491 Z0;
G1 X331.543145 Y464.706551 Z0;
G1 X332.543145 Y465.706551 Z0;
G1 X332.543145 Y466.292491 Z0;
G1 X331.543145 Y467.292491 Z0;
G1 X331.336115 Y467.499521 Z0;
G1 X331.543145 Y467.706551 Z0;
G1 X331.543145 Y469.292491 Z0;
G1 X331.543145 Y473.292491 Z0;
G1 X330.543145 Y474.292491 Z0;
G1 X329.543145 Y475.292491 Z0;
G1 X329.543145 Y476.292491 Z0;
G1 X329.543145 Y477.292491 Z0;
G1 X328.543145 Y478.292491 Z0;
G1 X327.836115 Y478.999521 Z0;
G1 X327.250175 Y478.999521 Z0;
G1 X326.543145 Y478.292491 Z0;
G1 X326.543145 Y477.292491 Z0;
G1 X319.543145 Y470.292491 Z0;
G1 X319.543145 Y469.292491 Z0;
G1 X319.543145 Y468.292491 Z0;
G1 X318.543145 Y467.292491 Z0;
G1 X317.750175 Y466.499521 Z0;
G1 X318.396665 Y465.853041 Z0;
G1 X317.689625 Y465.146001 Z0;
G1 X316.336115 Y466.499521 Z0;
G1 X317.543145 Y467.706551 Z0;
G1 X317.543145 Y468.706551 Z0;
G1 X318.543145 Y469.706551 Z0;
G1 X318.543145 Y470.706551 Z0;
G1 X318.543145 Y471.706551 Z0;
G1 X325.543145 Y478.706551 Z0;
G1 X326.836115 Y479.999521 Z0;
G1 X328.043145 Y481.206551 Z0;
G1 X329.543145 Y479.706551 Z0;
G1 X329.543145 Y478.706551 Z0;
G1 X330.543145 Y477.706551 Z0;
G1 X330.543145 Y476.706551 Z0;
G1 X331.543145 Y475.706551 Z0;
G1 X331.543145 Y474.706551 Z0;
G1 X332.543145 Y473.706551 Z0;
G1 X332.543145 Y469.706551 Z0;
G1 X333.750175 Y468.499521 Z0;
G1 X332.750175 Y467.499521 Z0;
G1 X333.543145 Y466.706551 Z0;
G1 X333.543145 Y465.292491 Z0;
G1 X332.543145 Y464.292491 Z0;
G1 X332.543145 Y455.706551 Z0;
G1 X333.543145 Y454.706551 Z0;
G1 X333.543145 Y444.292491 Z0;
G1 X332.543145 Y443.292491 Z0;
G1 X332.543145 Y439.706551 Z0;
G1 X333.543145 Y438.706551 Z0;
G1 X333.543145 Y435.292491 Z0;
G1 X332.543145 Y434.292491 Z0;
G1 X332.543145 Y420.292491 Z0;
G1 X331.543145 Y419.292491 Z0;
G1 X331.543145 Y406.292491 Z0;
G1 X330.543145 Y405.292491 Z0;
G1 X330.543145 Y396.292491 Z0;
G1 X329.543145 Y395.292491 Z0;
G1 X329.543145 Y389.292491 Z0;
G1 X328.543145 Y388.292491 Z0;
G1 X328.543145 Y373.706551 Z0;
G1 X329.543145 Y372.706551 Z0;
G1 X329.543145 Y368.292491 Z0;
G1 X328.543145 Y367.292491 Z0;
G1 X328.543145 Y364.706551 Z0;
G1 X329.543145 Y363.706551 Z0;
G1 X329.543145 Y352.706551 Z0;
G1 X330.543145 Y351.706551 Z0;
G1 X330.543145 Y349.292491 Z0;
G1 X329.750175 Y348.499521 Z0;
G1 X330.396665 Y347.853041 Z0;
G1 X330.543145 Y347.706551 Z0;
G1 X330.543145 Y327.499521 Z0;
G1 X329.543145 Y327.499521 Z0;
G0 X329.543145 Y327.499521 Z1;
;path#polyline155
G0 X330.543145 Y306.499521 Z1;
G1 X330.543145 Y307.292491 Z0;
G1 X329.543145 Y308.292491 Z0;
G1 X329.543145 Y309.292491 Z0;
G1 X329.543145 Y310.292491 Z0;
G1 X328.543145 Y311.292491 Z0;
G1 X328.543145 Y314.292491 Z0;
G1 X327.543145 Y315.292491 Z0;
G1 X327.543145 Y320.292491 Z0;
G1 X326.543145 Y321.292491 Z0;
G1 X326.543145 Y331.292491 Z0;
G1 X325.543145 Y332.292491 Z0;
G1 X325.543145 Y353.292491 Z0;
G1 X324.543145 Y354.292491 Z0;
G1 X324.543145 Y358.292491 Z0;
G1 X323.543145 Y359.292491 Z0;
G1 X323.543145 Y360.292491 Z0;
G1 X322.836115 Y360.999521 Z0;
G1 X321.836115 Y361.999521 Z0;
G1 X317.836115 Y361.999521 Z0;
G1 X316.836115 Y361.999521 Z0;
G1 X313.836115 Y364.999521 Z0;
G1 X313.250175 Y364.999521 Z0;
G1 X312.250175 Y364.999521 Z0;
G1 X311.250175 Y363.999521 Z0;
G1 X308.836115 Y363.999521 Z0;
G1 X308.043145 Y364.792491 Z0;
G1 X307.543145 Y364.292491 Z0;
G1 X307.543145 Y362.292491 Z0;
G1 X305.836115 Y363.999521 Z0;
G1 X301.836115 Y363.999521 Z0;
G1 X301.043145 Y364.792491 Z0;
G1 X300.250175 Y363.999521 Z0;
G1 X300.043145 Y363.792491 Z0;
G1 X299.836115 Y363.999521 Z0;
G1 X298.836115 Y363.999521 Z0;
G1 X297.543145 Y365.292491 Z0;
G1 X297.543145 Y366.292491 Z0;
G1 X297.543145 Y370.499521 Z0;
G1 X298.543145 Y370.499521 Z0;
G1 X298.543145 Y366.706551 Z0;
G1 X300.043145 Y365.206551 Z0;
G1 X301.043145 Y366.206551 Z0;
G1 X302.250175 Y364.999521 Z0;
G1 X306.250175 Y364.999521 Z0;
G1 X306.836115 Y364.999521 Z0;
G1 X307.543145 Y365.706551 Z0;
G1 X307.543145 Y366.499521 Z0;
G1 X308.543145 Y366.499521 Z0;
G1 X308.543145 Y365.706551 Z0;
G1 X309.250175 Y364.999521 Z0;
G1 X310.836115 Y364.999521 Z0;
G1 X311.336115 Y365.499521 Z0;
G1 X310.689625 Y366.146001 Z0;
G1 X311.396665 Y366.853041 Z0;
G1 X312.250175 Y365.999521 Z0;
G1 X312.836115 Y365.999521 Z0;
G1 X313.336115 Y366.499521 Z0;
G1 X312.543145 Y367.292491 Z0;
G1 X312.543145 Y368.292491 Z0;
G1 X310.836115 Y369.999521 Z0;
G1 X310.043145 Y369.999521 Z0;
G1 X310.043145 Y370.999521 Z0;
G1 X311.250175 Y370.999521 Z0;
G1 X312.250175 Y370.999521 Z0;
G1 X313.543145 Y369.706551 Z0;
G1 X313.543145 Y368.706551 Z0;
G1 X314.543145 Y367.706551 Z0;
G1 X314.543145 Y366.706551 Z0;
G1 X314.750175 Y366.499521 Z0;
G1 X318.250175 Y362.999521 Z0;
G1 X322.250175 Y362.999521 Z0;
G1 X323.250175 Y361.999521 Z0;
G1 X324.250175 Y361.999521 Z0;
G1 X325.543145 Y360.706551 Z0;
G1 X325.543145 Y358.706551 Z0;
G1 X325.543145 Y354.706551 Z0;
G1 X326.543145 Y353.706551 Z0;
G1 X326.543145 Y332.706551 Z0;
G1 X327.543145 Y331.706551 Z0;
G1 X327.543145 Y321.706551 Z0;
G1 X328.543145 Y320.706551 Z0;
G1 X328.543145 Y315.706551 Z0;
G1 X329.543145 Y314.706551 Z0;
G1 X329.543145 Y311.706551 Z0;
G1 X330.543145 Y310.706551 Z0;
G1 X330.543145 Y309.706551 Z0;
G1 X331.250175 Y308.999521 Z0;
G1 X331.836115 Y308.999521 Z0;
G1 X332.043145 Y309.206551 Z0;
G1 X332.250175 Y308.999521 Z0;
G1 X333.043145 Y308.206551 Z0;
G1 X333.836115 Y308.999521 Z0;
G1 X334.836115 Y308.999521 Z0;
G1 X335.836115 Y309.999521 Z0;
G1 X336.836115 Y309.999521 Z0;
G1 X338.543145 Y311.706551 Z0;
G1 X338.543145 Y312.706551 Z0;
G1 X343.543145 Y317.706551 Z0;
G1 X343.543145 Y318.706551 Z0;
G1 X346.543145 Y321.706551 Z0;
G1 X346.543145 Y322.706551 Z0;
G1 X347.543145 Y323.706551 Z0;
G1 X347.543145 Y324.706551 Z0;
G1 X348.543145 Y325.706551 Z0;
G1 X348.543145 Y326.706551 Z0;
G1 X350.543145 Y328.706551 Z0;
G1 X350.543145 Y329.706551 Z0;
G1 X352.543145 Y331.706551 Z0;
G1 X352.543145 Y332.706551 Z0;
G1 X353.543145 Y333.706551 Z0;
G1 X353.543145 Y334.706551 Z0;
G1 X355.543145 Y336.706551 Z0;
G1 X355.543145 Y337.706551 Z0;
G1 X356.543145 Y338.706551 Z0;
G1 X356.543145 Y339.706551 Z0;
G1 X356.543145 Y340.706551 Z0;
G1 X357.543145 Y341.706551 Z0;
G1 X357.543145 Y342.292491 Z0;
G1 X356.836115 Y342.999521 Z0;
G1 X354.836115 Y342.999521 Z0;
G1 X353.543145 Y342.999521 Z0;
G1 X353.543145 Y344.292491 Z0;
G1 X353.336115 Y344.499521 Z0;
G1 X353.543145 Y344.706551 Z0;
G1 X354.336115 Y345.499521 Z0;
G1 X353.336115 Y346.499521 Z0;
G1 X354.836115 Y347.999521 Z0;
G1 X357.250175 Y347.999521 Z0;
G1 X355.543145 Y346.292491 Z0;
G1 X355.543145 Y345.706551 Z0;
G1 X355.750175 Y345.499521 Z0;
G1 X355.543145 Y345.292491 Z0;
G1 X354.750175 Y344.499521 Z0;
G1 X355.250175 Y343.999521 Z0;
G1 X357.250175 Y343.999521 Z0;
G1 X358.043145 Y343.206551 Z0;
G1 X358.543145 Y343.706551 Z0;
G1 X358.543145 Y344.706551 Z0;
G1 X359.543145 Y345.706551 Z0;
G1 X359.543145 Y346.706551 Z0;
G1 X360.543145 Y347.706551 Z0;
G1 X360.543145 Y348.706551 Z0;
G1 X360.543145 Y349.706551 Z0;
G1 X362.543145 Y351.706551 Z0;
G1 X362.543145 Y352.706551 Z0;
G1 X363.543145 Y353.706551 Z0;
G1 X363.543145 Y354.292491 Z0;
G1 X362.543145 Y355.292491 Z0;
G1 X357.836115 Y359.999521 Z0;
G1 X356.836115 Y360.999521 Z0;
G1 X355.043145 Y360.999521 Z0;
G1 X355.043145 Y361.999521 Z0;
G1 X357.250175 Y361.999521 Z0;
G1 X358.250175 Y360.999521 Z0;
G1 X359.250175 Y360.999521 Z0;
G1 X363.543145 Y356.706551 Z0;
G1 X363.543145 Y355.706551 Z0;
G1 X364.543145 Y354.706551 Z0;
G1 X365.750175 Y353.499521 Z0;
G1 X363.543145 Y351.292491 Z0;
G1 X363.543145 Y350.292491 Z0;
G1 X361.543145 Y348.292491 Z0;
G1 X361.543145 Y347.292491 Z0;
G1 X360.543145 Y346.292491 Z0;
G1 X360.543145 Y345.292491 Z0;
G1 X360.543145 Y344.292491 Z0;
G1 X359.543145 Y343.292491 Z0;
G1 X358.543145 Y342.292491 Z0;
G1 X358.543145 Y341.292491 Z0;
G1 X358.543145 Y340.292491 Z0;
G1 X357.543145 Y339.292491 Z0;
G1 X357.543145 Y338.292491 Z0;
G1 X356.543145 Y337.292491 Z0;
G1 X356.543145 Y336.292491 Z0;
G1 X356.543145 Y335.292491 Z0;
G1 X354.543145 Y333.292491 Z0;
G1 X354.543145 Y332.292491 Z0;
G1 X353.543145 Y331.292491 Z0;
G1 X353.543145 Y330.292491 Z0;
G1 X351.543145 Y328.292491 Z0;
G1 X351.543145 Y327.292491 Z0;
G1 X349.543145 Y325.292491 Z0;
G1 X349.543145 Y324.292491 Z0;
G1 X348.543145 Y323.292491 Z0;
G1 X348.543145 Y322.292491 Z0;
G1 X347.543145 Y321.292491 Z0;
G1 X347.543145 Y320.292491 Z0;
G1 X344.543145 Y317.292491 Z0;
G1 X344.543145 Y316.292491 Z0;
G1 X339.543145 Y311.292491 Z0;
G1 X339.543145 Y310.292491 Z0;
G1 X338.250175 Y308.999521 Z0;
G1 X337.250175 Y308.999521 Z0;
G1 X336.250175 Y307.999521 Z0;
G1 X335.250175 Y307.999521 Z0;
G1 X334.250175 Y306.999521 Z0;
G1 X333.250175 Y306.999521 Z0;
G1 X333.043145 Y306.792491 Z0;
G1 X332.836115 Y306.999521 Z0;
G1 X332.043145 Y307.792491 Z0;
G1 X331.543145 Y307.292491 Z0;
G1 X331.543145 Y306.499521 Z0;
G1 X330.543145 Y306.499521 Z0;
G0 X330.543145 Y306.499521 Z1;